timeStamp,elapsed,label,responseCode,responseMessage,threadName,dataType,success,failureMessage,bytes,sentBytes,grpThreads,allThreads,URL,Latency,IdleTime,Connect
1729816166596,3015,Formulario-textbox-38,200,OK,Usuarios 1-37,text,true,,3827,405,1000,1000,https://demoqa.com/text-box,683,0,368
1729816166596,684,Formulario-textbox-38-0,301,Moved Permanently,Usuarios 1-37,text,true,,391,289,1000,1000,http://demoqa.com/text-box,683,0,368
1729816167280,2331,Formulario-textbox-38-1,200,OK,Usuarios 1-37,text,true,,3436,116,1000,1000,https://demoqa.com/text-box,2331,0,1195
1729816166924,2743,Formulario-textbox-172,200,OK,Usuarios 1-170,text,true,,3827,400,999,999,https://demoqa.com/text-box,633,0,268
1729816166963,2704,Formulario-textbox-188,200,OK,Usuarios 1-186,text,true,,3827,408,999,999,https://demoqa.com/text-box,665,0,313
1729816166941,2726,Formulario-textbox-180,200,OK,Usuarios 1-176,text,true,,3827,403,999,999,https://demoqa.com/text-box,654,0,255
1729816166924,633,Formulario-textbox-172-0,301,Moved Permanently,Usuarios 1-170,text,true,,391,284,999,999,http://demoqa.com/text-box,633,0,268
1729816166941,654,Formulario-textbox-180-0,301,Moved Permanently,Usuarios 1-176,text,true,,391,287,999,999,http://demoqa.com/text-box,654,0,255
1729816166963,665,Formulario-textbox-188-0,301,Moved Permanently,Usuarios 1-186,text,true,,391,292,999,999,http://demoqa.com/text-box,665,0,313
1729816167595,2072,Formulario-textbox-180-1,200,OK,Usuarios 1-176,text,true,,3436,116,999,999,https://demoqa.com/text-box,2072,0,879
1729816167558,2109,Formulario-textbox-172-1,200,OK,Usuarios 1-170,text,true,,3436,116,999,999,https://demoqa.com/text-box,2109,0,916
1729816167629,2038,Formulario-textbox-188-1,200,OK,Usuarios 1-186,text,true,,3436,116,999,999,https://demoqa.com/text-box,2038,0,846
1729816166624,3044,Formulario-textbox-64,200,OK,Usuarios 1-64,text,true,,3827,398,999,999,https://demoqa.com/text-box,473,0,251
1729816166624,473,Formulario-textbox-64-0,301,Moved Permanently,Usuarios 1-64,text,true,,391,282,999,999,http://demoqa.com/text-box,473,0,251
1729816167100,2568,Formulario-textbox-64-1,200,OK,Usuarios 1-64,text,true,,3436,116,999,999,https://demoqa.com/text-box,2568,0,1374
1729816166650,3020,Formulario-textbox-76,200,OK,Usuarios 1-77,text,true,,3827,398,995,995,https://demoqa.com/text-box,544,0,248
1729816166856,2814,Formulario-textbox-150,200,OK,Usuarios 1-149,text,true,,3827,402,995,995,https://demoqa.com/text-box,604,0,202
1729816166650,544,Formulario-textbox-76-0,301,Moved Permanently,Usuarios 1-77,text,true,,391,282,995,995,http://demoqa.com/text-box,544,0,248
1729816167194,2476,Formulario-textbox-76-1,200,OK,Usuarios 1-77,text,true,,3436,116,995,995,https://demoqa.com/text-box,2476,0,1302
1729816166856,604,Formulario-textbox-150-0,301,Moved Permanently,Usuarios 1-149,text,true,,391,286,995,995,http://demoqa.com/text-box,604,0,202
1729816167461,2209,Formulario-textbox-150-1,200,OK,Usuarios 1-149,text,true,,3436,116,995,995,https://demoqa.com/text-box,2209,0,1037
1729816166633,3038,Formulario-textbox-69,200,OK,Usuarios 1-70,text,true,,3827,422,993,993,https://demoqa.com/text-box,562,0,264
1729816166633,562,Formulario-textbox-69-0,301,Moved Permanently,Usuarios 1-70,text,true,,391,306,993,993,http://demoqa.com/text-box,562,0,264
1729816167195,2476,Formulario-textbox-69-1,200,OK,Usuarios 1-70,text,true,,3436,116,993,993,https://demoqa.com/text-box,2476,0,1303
1729816166647,3083,Formulario-textbox-74,200,OK,Usuarios 1-73,text,true,,3827,402,992,992,https://demoqa.com/text-box,514,0,246
1729816166647,514,Formulario-textbox-74-0,301,Moved Permanently,Usuarios 1-73,text,true,,391,286,992,992,http://demoqa.com/text-box,514,0,246
1729816167162,2568,Formulario-textbox-74-1,200,OK,Usuarios 1-73,text,true,,3436,116,992,992,https://demoqa.com/text-box,2568,0,1359
1729816166597,3134,Formulario-textbox-51,200,OK,Usuarios 1-55,text,true,,3827,393,992,992,https://demoqa.com/text-box,567,0,296
1729816166597,3134,Formulario-textbox-32,200,OK,Usuarios 1-33,text,true,,3827,399,992,992,https://demoqa.com/text-box,566,0,297
1729816166597,567,Formulario-textbox-51-0,301,Moved Permanently,Usuarios 1-55,text,true,,391,277,992,992,http://demoqa.com/text-box,567,0,296
1729816166597,566,Formulario-textbox-32-0,301,Moved Permanently,Usuarios 1-33,text,true,,391,283,992,992,http://demoqa.com/text-box,566,0,297
1729816167164,2567,Formulario-textbox-51-1,200,OK,Usuarios 1-55,text,true,,3436,116,992,992,https://demoqa.com/text-box,2567,0,1360
1729816167163,2568,Formulario-textbox-32-1,200,OK,Usuarios 1-33,text,true,,3436,116,992,992,https://demoqa.com/text-box,2568,0,1360
1729816166779,2953,Formulario-textbox-122,200,OK,Usuarios 1-123,text,true,,3827,403,989,989,https://demoqa.com/text-box,623,0,252
1729816166779,623,Formulario-textbox-122-0,301,Moved Permanently,Usuarios 1-123,text,true,,391,287,989,989,http://demoqa.com/text-box,623,0,252
1729816167402,2330,Formulario-textbox-122-1,200,OK,Usuarios 1-123,text,true,,3436,116,989,989,https://demoqa.com/text-box,2330,0,1121
1729816166815,2917,Formulario-textbox-135,200,OK,Usuarios 1-132,text,true,,3827,403,989,989,https://demoqa.com/text-box,587,0,230
1729816166815,588,Formulario-textbox-135-0,301,Moved Permanently,Usuarios 1-132,text,true,,391,287,989,989,http://demoqa.com/text-box,587,0,230
1729816167403,2329,Formulario-textbox-135-1,200,OK,Usuarios 1-132,text,true,,3436,116,989,989,https://demoqa.com/text-box,2329,0,1121
1729816166709,3024,Formulario-textbox-96,200,OK,Usuarios 1-97,text,true,,3827,408,987,987,https://demoqa.com/text-box,565,0,255
1729816166709,565,Formulario-textbox-96-0,301,Moved Permanently,Usuarios 1-97,text,true,,391,292,987,987,http://demoqa.com/text-box,565,0,255
1729816167275,2458,Formulario-textbox-96-1,200,OK,Usuarios 1-97,text,true,,3436,116,987,987,https://demoqa.com/text-box,2457,0,1251
1729816166945,2847,Formulario-textbox-182,200,OK,Usuarios 1-184,text,true,,3827,404,986,986,https://demoqa.com/text-box,614,0,251
1729816166821,2971,Formulario-textbox-138,200,OK,Usuarios 1-138,text,true,,3827,406,986,986,https://demoqa.com/text-box,640,0,236
1729816166945,614,Formulario-textbox-182-0,301,Moved Permanently,Usuarios 1-184,text,true,,391,288,986,986,http://demoqa.com/text-box,614,0,251
1729816166821,640,Formulario-textbox-138-0,301,Moved Permanently,Usuarios 1-138,text,true,,391,290,986,986,http://demoqa.com/text-box,640,0,236
1729816167559,2233,Formulario-textbox-182-1,200,OK,Usuarios 1-184,text,true,,3436,116,986,986,https://demoqa.com/text-box,2233,0,966
1729816167462,2330,Formulario-textbox-138-1,200,OK,Usuarios 1-138,text,true,,3436,116,986,986,https://demoqa.com/text-box,2330,0,1062
1729816166808,2985,Formulario-textbox-130,200,OK,Usuarios 1-128,text,true,,3827,401,986,986,https://demoqa.com/text-box,594,0,237
1729816166596,3197,Formulario-textbox-8,200,OK,Usuarios 1-6,text,true,,3827,412,986,986,https://demoqa.com/text-box,566,0,297
1729816166808,594,Formulario-textbox-130-0,301,Moved Permanently,Usuarios 1-128,text,true,,391,285,986,986,http://demoqa.com/text-box,594,0,237
1729816166596,566,Formulario-textbox-8-0,301,Moved Permanently,Usuarios 1-6,text,true,,391,296,986,986,http://demoqa.com/text-box,566,0,297
1729816167402,2391,Formulario-textbox-130-1,200,OK,Usuarios 1-128,text,true,,3436,116,986,986,https://demoqa.com/text-box,2391,0,1123
1729816167163,2630,Formulario-textbox-8-1,200,OK,Usuarios 1-6,text,true,,3436,116,986,986,https://demoqa.com/text-box,2630,0,1361
1729816166754,3102,Formulario-textbox-113,200,OK,Usuarios 1-114,text,true,,3827,410,982,982,https://demoqa.com/text-box,613,0,247
1729816166754,613,Formulario-textbox-113-0,301,Moved Permanently,Usuarios 1-114,text,true,,391,294,982,982,http://demoqa.com/text-box,613,0,247
1729816167367,2489,Formulario-textbox-113-1,200,OK,Usuarios 1-114,text,true,,3436,116,982,982,https://demoqa.com/text-box,2489,0,1181
1729816166871,3045,Formulario-textbox-155,200,OK,Usuarios 1-154,text,true,,3827,397,981,981,https://demoqa.com/text-box,593,0,225
1729816166871,593,Formulario-textbox-155-0,301,Moved Permanently,Usuarios 1-154,text,true,,391,281,981,981,http://demoqa.com/text-box,593,0,225
1729816167464,2452,Formulario-textbox-155-1,200,OK,Usuarios 1-154,text,true,,3436,116,981,981,https://demoqa.com/text-box,2452,0,1085
1729816166964,2953,Formulario-textbox-189,200,OK,Usuarios 1-193,text,true,,3827,408,981,981,https://demoqa.com/text-box,633,0,310
1729816166964,633,Formulario-textbox-189-0,301,Moved Permanently,Usuarios 1-193,text,true,,391,292,981,981,http://demoqa.com/text-box,633,0,310
1729816167597,2320,Formulario-textbox-189-1,200,OK,Usuarios 1-193,text,true,,3436,116,981,981,https://demoqa.com/text-box,2320,0,950
1729816166689,3228,Formulario-textbox-89,200,OK,Usuarios 1-85,text,true,,3827,397,980,980,https://demoqa.com/text-box,586,0,275
1729816166689,586,Formulario-textbox-89-0,301,Moved Permanently,Usuarios 1-85,text,true,,391,281,980,980,http://demoqa.com/text-box,586,0,275
1729816167275,2642,Formulario-textbox-89-1,200,OK,Usuarios 1-85,text,true,,3436,116,980,980,https://demoqa.com/text-box,2642,0,1274
1729816166675,3242,Formulario-textbox-82,200,OK,Usuarios 1-84,text,true,,3827,397,978,978,https://demoqa.com/text-box,602,0,290
1729816166675,602,Formulario-textbox-82-0,301,Moved Permanently,Usuarios 1-84,text,true,,391,281,978,978,http://demoqa.com/text-box,602,0,290
1729816167278,2639,Formulario-textbox-82-1,200,OK,Usuarios 1-84,text,true,,3436,116,978,978,https://demoqa.com/text-box,2639,0,1271
1729816166797,3121,Formulario-textbox-127,200,OK,Usuarios 1-124,text,true,,3827,397,977,977,https://demoqa.com/text-box,604,0,235
1729816166797,604,Formulario-textbox-127-0,301,Moved Permanently,Usuarios 1-124,text,true,,391,281,977,977,http://demoqa.com/text-box,604,0,235
1729816167401,2517,Formulario-textbox-127-1,200,OK,Usuarios 1-124,text,true,,3436,116,977,977,https://demoqa.com/text-box,2517,0,1148
1729816166748,3170,Formulario-textbox-112,200,OK,Usuarios 1-112,text,true,,3827,401,976,976,https://demoqa.com/text-box,619,0,252
1729816166596,3322,Formulario-textbox-23,200,OK,Usuarios 1-23,text,true,,3827,404,976,976,https://demoqa.com/text-box,598,0,302
1729816166748,619,Formulario-textbox-112-0,301,Moved Permanently,Usuarios 1-112,text,true,,391,285,976,976,http://demoqa.com/text-box,619,0,252
1729816166596,598,Formulario-textbox-23-0,301,Moved Permanently,Usuarios 1-23,text,true,,391,288,976,976,http://demoqa.com/text-box,598,0,302
1729816167367,2551,Formulario-textbox-112-1,200,OK,Usuarios 1-112,text,true,,3436,116,976,976,https://demoqa.com/text-box,2551,0,1182
1729816167194,2724,Formulario-textbox-23-1,200,OK,Usuarios 1-23,text,true,,3436,116,976,976,https://demoqa.com/text-box,2724,0,1357
1729816166769,3150,Formulario-textbox-119,200,OK,Usuarios 1-120,text,true,,3827,396,974,974,https://demoqa.com/text-box,631,0,232
1729816166769,631,Formulario-textbox-119-0,301,Moved Permanently,Usuarios 1-120,text,true,,391,280,974,974,http://demoqa.com/text-box,631,0,232
1729816167401,2518,Formulario-textbox-119-1,200,OK,Usuarios 1-120,text,true,,3436,116,974,974,https://demoqa.com/text-box,2518,0,1147
1729816166596,3323,Formulario-textbox-25,200,OK,Usuarios 1-25,text,true,,3827,398,973,973,https://demoqa.com/text-box,501,0,279
1729816166596,501,Formulario-textbox-25-0,301,Moved Permanently,Usuarios 1-25,text,true,,391,282,973,973,http://demoqa.com/text-box,501,0,279
1729816167100,2819,Formulario-textbox-25-1,200,OK,Usuarios 1-25,text,true,,3436,116,973,973,https://demoqa.com/text-box,2819,0,1448
1729816166796,3124,Formulario-textbox-126,200,OK,Usuarios 1-127,text,true,,3827,401,972,972,https://demoqa.com/text-box,607,0,249
1729816166796,607,Formulario-textbox-126-0,301,Moved Permanently,Usuarios 1-127,text,true,,391,285,972,972,http://demoqa.com/text-box,607,0,249
1729816167403,2517,Formulario-textbox-126-1,200,OK,Usuarios 1-127,text,true,,3436,116,972,972,https://demoqa.com/text-box,2517,0,1148
1729816166610,3310,Formulario-textbox-59,200,OK,Usuarios 1-59,text,true,,3827,401,971,971,https://demoqa.com/text-box,581,0,285
1729816166610,581,Formulario-textbox-59-0,301,Moved Permanently,Usuarios 1-59,text,true,,391,285,971,971,http://demoqa.com/text-box,581,0,285
1729816167192,2728,Formulario-textbox-59-1,200,OK,Usuarios 1-59,text,true,,3436,116,971,971,https://demoqa.com/text-box,2728,0,1359
1729816166853,3067,Formulario-textbox-148,200,OK,Usuarios 1-150,text,true,,3827,404,971,971,https://demoqa.com/text-box,609,0,206
1729816166853,609,Formulario-textbox-148-0,301,Moved Permanently,Usuarios 1-150,text,true,,391,288,971,971,http://demoqa.com/text-box,609,0,206
1729816167462,2458,Formulario-textbox-148-1,200,OK,Usuarios 1-150,text,true,,3436,116,971,971,https://demoqa.com/text-box,2458,0,1088
1729816166874,3046,Formulario-textbox-157,200,OK,Usuarios 1-159,text,true,,3827,418,970,970,https://demoqa.com/text-box,589,0,219
1729816166874,589,Formulario-textbox-157-0,301,Moved Permanently,Usuarios 1-159,text,true,,391,302,970,970,http://demoqa.com/text-box,589,0,219
1729816167463,2457,Formulario-textbox-157-1,200,OK,Usuarios 1-159,text,true,,3436,116,970,970,https://demoqa.com/text-box,2457,0,1088
1729816166597,3324,Formulario-textbox-13,200,OK,Usuarios 1-12,text,true,,3827,398,968,968,https://demoqa.com/text-box,565,0,296
1729816166597,565,Formulario-textbox-13-0,301,Moved Permanently,Usuarios 1-12,text,true,,391,282,968,968,http://demoqa.com/text-box,565,0,296
1729816167162,2759,Formulario-textbox-13-1,200,OK,Usuarios 1-12,text,true,,3436,116,968,968,https://demoqa.com/text-box,2759,0,1389
1729816166624,3297,Formulario-textbox-65,200,OK,Usuarios 1-67,text,true,,3827,399,967,967,https://demoqa.com/text-box,538,0,269
1729816166624,538,Formulario-textbox-65-0,301,Moved Permanently,Usuarios 1-67,text,true,,391,283,967,967,http://demoqa.com/text-box,538,0,269
1729816166812,3109,Formulario-textbox-133,200,OK,Usuarios 1-133,text,true,,3827,404,967,967,https://demoqa.com/text-box,591,0,233
1729816167162,2759,Formulario-textbox-65-1,200,OK,Usuarios 1-67,text,true,,3436,116,967,967,https://demoqa.com/text-box,2759,0,1391
1729816166812,591,Formulario-textbox-133-0,301,Moved Permanently,Usuarios 1-133,text,true,,391,288,967,967,http://demoqa.com/text-box,591,0,233
1729816167403,2518,Formulario-textbox-133-1,200,OK,Usuarios 1-133,text,true,,3436,116,967,967,https://demoqa.com/text-box,2518,0,1149
1729816166662,3260,Formulario-textbox-80,200,OK,Usuarios 1-79,text,true,,3827,404,965,965,https://demoqa.com/text-box,530,0,233
1729816166662,530,Formulario-textbox-80-0,301,Moved Permanently,Usuarios 1-79,text,true,,391,288,965,965,http://demoqa.com/text-box,530,0,233
1729816167193,2729,Formulario-textbox-80-1,200,OK,Usuarios 1-79,text,true,,3436,116,965,965,https://demoqa.com/text-box,2729,0,1357
1729816166724,3198,Formulario-textbox-101,200,OK,Usuarios 1-102,text,true,,3827,404,964,964,https://demoqa.com/text-box,552,0,242
1729816166724,552,Formulario-textbox-101-0,301,Moved Permanently,Usuarios 1-102,text,true,,391,288,964,964,http://demoqa.com/text-box,552,0,242
1729816167276,2646,Formulario-textbox-101-1,200,OK,Usuarios 1-102,text,true,,3436,116,964,964,https://demoqa.com/text-box,2646,0,1277
1729816166659,3263,Formulario-textbox-77,200,OK,Usuarios 1-78,text,true,,3827,397,964,964,https://demoqa.com/text-box,532,0,236
1729816166659,532,Formulario-textbox-77-0,301,Moved Permanently,Usuarios 1-78,text,true,,391,281,964,964,http://demoqa.com/text-box,532,0,236
1729816167191,2731,Formulario-textbox-77-1,200,OK,Usuarios 1-78,text,true,,3436,116,964,964,https://demoqa.com/text-box,2731,0,1361
1729816166914,3319,Formulario-textbox-168,200,OK,Usuarios 1-172,text,true,,3827,396,962,962,https://demoqa.com/text-box,645,0,280
1729816166914,645,Formulario-textbox-168-0,301,Moved Permanently,Usuarios 1-172,text,true,,391,280,962,962,http://demoqa.com/text-box,645,0,280
1729816167560,2673,Formulario-textbox-168-1,200,OK,Usuarios 1-172,text,true,,3436,116,962,962,https://demoqa.com/text-box,2673,0,1078
1729816166891,3348,Formulario-textbox-164,200,OK,Usuarios 1-160,text,true,,3827,395,962,962,https://demoqa.com/text-box,624,0,270
1729816166891,624,Formulario-textbox-164-0,301,Moved Permanently,Usuarios 1-160,text,true,,391,279,962,962,http://demoqa.com/text-box,624,0,270
1729816167516,2723,Formulario-textbox-164-1,200,OK,Usuarios 1-160,text,true,,3436,116,962,962,https://demoqa.com/text-box,2723,0,1165
1729816166851,3388,Formulario-textbox-147,200,OK,Usuarios 1-147,text,true,,3827,398,962,962,https://demoqa.com/text-box,608,0,207
1729816166851,608,Formulario-textbox-147-0,301,Moved Permanently,Usuarios 1-147,text,true,,391,282,962,962,http://demoqa.com/text-box,608,0,207
1729816167460,2779,Formulario-textbox-147-1,200,OK,Usuarios 1-147,text,true,,3436,116,962,962,https://demoqa.com/text-box,2779,0,1224
1729816166898,3385,Formulario-textbox-166,200,OK,Usuarios 1-165,text,true,,3827,395,959,959,https://demoqa.com/text-box,662,0,297
1729816166898,662,Formulario-textbox-166-0,301,Moved Permanently,Usuarios 1-165,text,true,,391,279,959,959,http://demoqa.com/text-box,662,0,297
1729816167561,2722,Formulario-textbox-166-1,200,OK,Usuarios 1-165,text,true,,3436,116,959,959,https://demoqa.com/text-box,2722,0,1080
1729816166931,3356,Formulario-textbox-175,200,OK,Usuarios 1-180,text,true,,3827,408,958,958,https://demoqa.com/text-box,629,0,264
1729816166931,629,Formulario-textbox-175-0,301,Moved Permanently,Usuarios 1-180,text,true,,391,292,958,958,http://demoqa.com/text-box,629,0,264
1729816167561,2726,Formulario-textbox-175-1,200,OK,Usuarios 1-180,text,true,,3436,116,958,958,https://demoqa.com/text-box,2726,0,1080
1729816166612,3677,Formulario-textbox-61,200,OK,Usuarios 1-62,text,true,,3827,410,957,957,https://demoqa.com/text-box,549,0,281
1729816166612,549,Formulario-textbox-61-0,301,Moved Permanently,Usuarios 1-62,text,true,,391,294,957,957,http://demoqa.com/text-box,549,0,281
1729816167161,3128,Formulario-textbox-61-1,200,OK,Usuarios 1-62,text,true,,3436,116,957,957,https://demoqa.com/text-box,3128,0,1524
1729816166596,3706,Formulario-textbox-37,200,OK,Usuarios 1-38,text,true,,3827,401,956,956,https://demoqa.com/text-box,501,0,279
1729816166597,3705,Formulario-textbox-22,200,OK,Usuarios 1-20,text,true,,3827,407,956,956,https://demoqa.com/text-box,500,0,278
1729816166596,501,Formulario-textbox-37-0,301,Moved Permanently,Usuarios 1-38,text,true,,391,285,956,956,http://demoqa.com/text-box,501,0,279
1729816166597,500,Formulario-textbox-22-0,301,Moved Permanently,Usuarios 1-20,text,true,,391,291,956,956,http://demoqa.com/text-box,500,0,278
1729816167100,3202,Formulario-textbox-37-1,200,OK,Usuarios 1-38,text,true,,3436,116,956,956,https://demoqa.com/text-box,3202,0,1538
1729816167100,3202,Formulario-textbox-22-1,200,OK,Usuarios 1-20,text,true,,3436,116,956,956,https://demoqa.com/text-box,3202,0,1538
1729816166596,3706,Formulario-textbox-20,200,OK,Usuarios 1-21,text,true,,3827,400,956,956,https://demoqa.com/text-box,569,0,300
1729816166596,569,Formulario-textbox-20-0,301,Moved Permanently,Usuarios 1-21,text,true,,391,284,956,956,http://demoqa.com/text-box,569,0,300
1729816167165,3137,Formulario-textbox-20-1,200,OK,Usuarios 1-21,text,true,,3436,116,956,956,https://demoqa.com/text-box,3137,0,1473
1729816166814,3489,Formulario-textbox-134,200,OK,Usuarios 1-131,text,true,,3827,402,956,956,https://demoqa.com/text-box,588,0,231
1729816166814,588,Formulario-textbox-134-0,301,Moved Permanently,Usuarios 1-131,text,true,,391,286,956,956,http://demoqa.com/text-box,588,0,231
1729816167402,2901,Formulario-textbox-134-1,200,OK,Usuarios 1-131,text,true,,3436,116,956,956,https://demoqa.com/text-box,2901,0,1237
1729816166596,3771,Formulario-textbox-5,200,OK,Usuarios 1-9,text,true,,3827,408,952,952,https://demoqa.com/text-box,596,0,300
1729816166596,596,Formulario-textbox-5-0,301,Moved Permanently,Usuarios 1-9,text,true,,391,292,952,952,http://demoqa.com/text-box,596,0,300
1729816167193,3174,Formulario-textbox-5-1,200,OK,Usuarios 1-9,text,true,,3436,116,952,952,https://demoqa.com/text-box,3174,0,1447
1729816166662,3706,Formulario-textbox-78,200,OK,Usuarios 1-80,text,true,,3827,393,951,951,https://demoqa.com/text-box,504,0,233
1729816166662,504,Formulario-textbox-78-0,301,Moved Permanently,Usuarios 1-80,text,true,,391,277,951,951,http://demoqa.com/text-box,504,0,233
1729816167166,3202,Formulario-textbox-78-1,200,OK,Usuarios 1-80,text,true,,3436,116,951,951,https://demoqa.com/text-box,3202,0,1474
1729816166714,3656,Formulario-textbox-98,200,OK,Usuarios 1-94,text,true,,3827,401,950,950,https://demoqa.com/text-box,565,0,252
1729816166595,3775,Formulario-textbox-40,200,OK,Usuarios 1-41,text,true,,3827,405,950,950,https://demoqa.com/text-box,568,0,299
1729816166595,568,Formulario-textbox-40-0,301,Moved Permanently,Usuarios 1-41,text,true,,391,289,950,950,http://demoqa.com/text-box,568,0,299
1729816167164,3206,Formulario-textbox-40-1,200,OK,Usuarios 1-41,text,true,,3436,116,950,950,https://demoqa.com/text-box,3206,0,1476
1729816166714,565,Formulario-textbox-98-0,301,Moved Permanently,Usuarios 1-94,text,true,,391,285,950,950,http://demoqa.com/text-box,565,0,252
1729816167279,3091,Formulario-textbox-98-1,200,OK,Usuarios 1-94,text,true,,3436,116,950,950,https://demoqa.com/text-box,3091,0,1361
1729816166702,3669,Formulario-textbox-95,200,OK,Usuarios 1-95,text,true,,3827,396,948,948,https://demoqa.com/text-box,575,0,263
1729816166702,575,Formulario-textbox-95-0,301,Moved Permanently,Usuarios 1-95,text,true,,391,280,948,948,http://demoqa.com/text-box,575,0,263
1729816167277,3094,Formulario-textbox-95-1,200,OK,Usuarios 1-95,text,true,,3436,116,948,948,https://demoqa.com/text-box,3094,0,1364
1729816166824,3547,Formulario-textbox-139,200,OK,Usuarios 1-140,text,true,,3827,396,947,947,https://demoqa.com/text-box,638,0,233
1729816166824,638,Formulario-textbox-139-0,301,Moved Permanently,Usuarios 1-140,text,true,,391,280,947,947,http://demoqa.com/text-box,638,0,233
1729816166764,3607,Formulario-textbox-118,200,OK,Usuarios 1-116,text,true,,3827,400,947,947,https://demoqa.com/text-box,591,0,237
1729816167462,2909,Formulario-textbox-139-1,200,OK,Usuarios 1-140,text,true,,3436,116,947,947,https://demoqa.com/text-box,2909,0,1178
1729816166764,591,Formulario-textbox-118-0,301,Moved Permanently,Usuarios 1-116,text,true,,391,284,947,947,http://demoqa.com/text-box,591,0,237
1729816167367,3004,Formulario-textbox-118-1,200,OK,Usuarios 1-116,text,true,,3436,116,947,947,https://demoqa.com/text-box,3004,0,1273
1729816166595,3777,Formulario-textbox-52,200,OK,Usuarios 1-52,text,true,,3827,408,945,945,https://demoqa.com/text-box,682,0,369
1729816166595,682,Formulario-textbox-52-0,301,Moved Permanently,Usuarios 1-52,text,true,,391,292,945,945,http://demoqa.com/text-box,682,0,369
1729816167278,3094,Formulario-textbox-52-1,200,OK,Usuarios 1-52,text,true,,3436,116,945,945,https://demoqa.com/text-box,3094,0,1358
1729816166626,3748,Formulario-textbox-68,200,OK,Usuarios 1-63,text,true,,3827,399,944,944,https://demoqa.com/text-box,567,0,272
1729816166626,567,Formulario-textbox-68-0,301,Moved Permanently,Usuarios 1-63,text,true,,391,283,944,944,http://demoqa.com/text-box,567,0,272
1729816167194,3180,Formulario-textbox-68-1,200,OK,Usuarios 1-63,text,true,,3436,116,944,944,https://demoqa.com/text-box,3180,0,1446
1729816166596,3778,Formulario-textbox-14,200,OK,Usuarios 1-17,text,true,,3827,405,944,944,https://demoqa.com/text-box,501,0,279
1729816166596,501,Formulario-textbox-14-0,301,Moved Permanently,Usuarios 1-17,text,true,,391,289,944,944,http://demoqa.com/text-box,501,0,279
1729816167099,3275,Formulario-textbox-14-1,200,OK,Usuarios 1-17,text,true,,3436,116,944,944,https://demoqa.com/text-box,3275,0,1541
1729816166762,3613,Formulario-textbox-116,200,OK,Usuarios 1-117,text,true,,3827,396,942,942,https://demoqa.com/text-box,605,0,239
1729816166595,3780,Formulario-textbox-39,200,OK,Usuarios 1-40,text,true,,3827,397,942,942,https://demoqa.com/text-box,684,0,370
1729816166762,605,Formulario-textbox-116-0,301,Moved Permanently,Usuarios 1-117,text,true,,391,280,942,942,http://demoqa.com/text-box,605,0,239
1729816166595,684,Formulario-textbox-39-0,301,Moved Permanently,Usuarios 1-40,text,true,,391,281,942,942,http://demoqa.com/text-box,684,0,370
1729816167367,3008,Formulario-textbox-116-1,200,OK,Usuarios 1-117,text,true,,3436,116,942,942,https://demoqa.com/text-box,3008,0,1273
1729816167280,3095,Formulario-textbox-39-1,200,OK,Usuarios 1-40,text,true,,3436,116,942,942,https://demoqa.com/text-box,3095,0,1358
1729816166680,3697,Formulario-textbox-85,200,OK,Usuarios 1-86,text,true,,3827,399,940,940,https://demoqa.com/text-box,597,0,284
1729816166680,597,Formulario-textbox-85-0,301,Moved Permanently,Usuarios 1-86,text,true,,391,283,940,940,http://demoqa.com/text-box,597,0,284
1729816167278,3099,Formulario-textbox-85-1,200,OK,Usuarios 1-86,text,true,,3436,116,940,940,https://demoqa.com/text-box,3099,0,1360
1729816166941,3469,Formulario-textbox-181,200,OK,Usuarios 1-182,text,true,,3827,398,939,939,https://demoqa.com/text-box,619,0,254
1729816166941,619,Formulario-textbox-181-0,301,Moved Permanently,Usuarios 1-182,text,true,,391,282,939,939,http://demoqa.com/text-box,619,0,254
1729816167560,2850,Formulario-textbox-181-1,200,OK,Usuarios 1-182,text,true,,3436,116,939,939,https://demoqa.com/text-box,2850,0,1123
1729816166687,3725,Formulario-textbox-88,200,OK,Usuarios 1-89,text,true,,3827,403,938,938,https://demoqa.com/text-box,592,0,279
1729816166687,592,Formulario-textbox-88-0,301,Moved Permanently,Usuarios 1-89,text,true,,391,287,938,938,http://demoqa.com/text-box,592,0,279
1729816167280,3132,Formulario-textbox-88-1,200,OK,Usuarios 1-89,text,true,,3436,116,938,938,https://demoqa.com/text-box,3132,0,1483
1729816166622,3790,Formulario-textbox-63,200,OK,Usuarios 1-66,text,true,,3827,400,937,937,https://demoqa.com/text-box,475,0,244
1729816166622,475,Formulario-textbox-63-0,301,Moved Permanently,Usuarios 1-66,text,true,,391,284,937,937,http://demoqa.com/text-box,475,0,244
1729816166860,3552,Formulario-textbox-152,200,OK,Usuarios 1-152,text,true,,3827,396,937,937,https://demoqa.com/text-box,600,0,199
1729816167100,3312,Formulario-textbox-63-1,200,OK,Usuarios 1-66,text,true,,3436,116,937,937,https://demoqa.com/text-box,3312,0,1664
1729816166860,600,Formulario-textbox-152-0,301,Moved Permanently,Usuarios 1-152,text,true,,391,280,937,937,http://demoqa.com/text-box,600,0,199
1729816167460,2952,Formulario-textbox-152-1,200,OK,Usuarios 1-152,text,true,,3436,116,937,937,https://demoqa.com/text-box,2952,0,1223
1729816166864,3592,Formulario-textbox-154,200,OK,Usuarios 1-153,text,true,,3827,400,935,935,https://demoqa.com/text-box,598,0,195
1729816166864,598,Formulario-textbox-154-0,301,Moved Permanently,Usuarios 1-153,text,true,,391,284,935,935,http://demoqa.com/text-box,598,0,195
1729816167462,2994,Formulario-textbox-154-1,200,OK,Usuarios 1-153,text,true,,3436,116,935,935,https://demoqa.com/text-box,2994,0,1224
1729816166839,3619,Formulario-textbox-144,200,OK,Usuarios 1-143,text,true,,3827,402,934,934,https://demoqa.com/text-box,622,0,219
1729816166839,622,Formulario-textbox-144-0,301,Moved Permanently,Usuarios 1-143,text,true,,391,286,934,934,http://demoqa.com/text-box,622,0,219
1729816167462,2996,Formulario-textbox-144-1,200,OK,Usuarios 1-143,text,true,,3436,116,934,934,https://demoqa.com/text-box,2996,0,1223
1729816167004,3459,Formulario-textbox-204,200,OK,Usuarios 1-205,text,true,,3827,399,933,933,https://demoqa.com/text-box,627,0,350
1729816167004,627,Formulario-textbox-204-0,301,Moved Permanently,Usuarios 1-205,text,true,,391,283,933,933,http://demoqa.com/text-box,627,0,350
1729816167631,2832,Formulario-textbox-204-1,200,OK,Usuarios 1-205,text,true,,3436,116,933,933,https://demoqa.com/text-box,2832,0,1134
1729816166888,3576,Formulario-textbox-162,200,OK,Usuarios 1-157,text,true,,3827,398,932,932,https://demoqa.com/text-box,627,0,273
1729816166888,627,Formulario-textbox-162-0,301,Moved Permanently,Usuarios 1-157,text,true,,391,282,932,932,http://demoqa.com/text-box,627,0,273
1729816167516,2948,Formulario-textbox-162-1,200,OK,Usuarios 1-157,text,true,,3436,116,932,932,https://demoqa.com/text-box,2948,0,1249
1729816167030,3492,Formulario-textbox-216,200,OK,Usuarios 1-211,text,true,,3827,395,931,931,https://demoqa.com/text-box,669,0,370
1729816167030,669,Formulario-textbox-216-0,301,Moved Permanently,Usuarios 1-211,text,true,,391,279,931,931,http://demoqa.com/text-box,669,0,370
1729816167699,2823,Formulario-textbox-216-1,200,OK,Usuarios 1-211,text,true,,3436,116,931,931,https://demoqa.com/text-box,2823,0,1111
1729816166978,3544,Formulario-textbox-197,200,OK,Usuarios 1-196,text,true,,3827,401,931,931,https://demoqa.com/text-box,698,0,375
1729816166978,698,Formulario-textbox-197-0,301,Moved Permanently,Usuarios 1-196,text,true,,391,285,931,931,http://demoqa.com/text-box,698,0,375
1729816167677,2845,Formulario-textbox-197-1,200,OK,Usuarios 1-196,text,true,,3436,116,931,931,https://demoqa.com/text-box,2845,0,1132
1729816166736,3786,Formulario-textbox-107,200,OK,Usuarios 1-101,text,true,,3827,393,931,931,https://demoqa.com/text-box,664,0,264
1729816166982,3540,Formulario-textbox-199,200,OK,Usuarios 1-197,text,true,,3827,403,931,931,https://demoqa.com/text-box,694,0,370
1729816166736,664,Formulario-textbox-107-0,301,Moved Permanently,Usuarios 1-101,text,true,,391,277,931,931,http://demoqa.com/text-box,664,0,264
1729816167400,3122,Formulario-textbox-107-1,200,OK,Usuarios 1-101,text,true,,3436,116,931,931,https://demoqa.com/text-box,3122,0,1407
1729816166982,694,Formulario-textbox-199-0,301,Moved Permanently,Usuarios 1-197,text,true,,391,287,931,931,http://demoqa.com/text-box,694,0,370
1729816167676,2846,Formulario-textbox-199-1,200,OK,Usuarios 1-197,text,true,,3436,116,931,931,https://demoqa.com/text-box,2846,0,1133
1729816166598,3925,Formulario-textbox-55,200,OK,Usuarios 1-57,text,true,,3827,401,929,929,https://demoqa.com/text-box,752,0,367
1729816166598,752,Formulario-textbox-55-0,301,Moved Permanently,Usuarios 1-57,text,true,,391,285,929,929,http://demoqa.com/text-box,752,0,367
1729816167350,3173,Formulario-textbox-55-1,200,OK,Usuarios 1-57,text,true,,3436,116,929,929,https://demoqa.com/text-box,3173,0,1335
1729816166966,3557,Formulario-textbox-191,200,OK,Usuarios 1-192,text,true,,3827,402,929,928,https://demoqa.com/text-box,662,0,311
1729816166966,662,Formulario-textbox-191-0,301,Moved Permanently,Usuarios 1-192,text,true,,391,286,929,928,http://demoqa.com/text-box,662,0,311
1729816167629,2894,Formulario-textbox-191-1,200,OK,Usuarios 1-192,text,true,,3436,116,929,928,https://demoqa.com/text-box,2894,0,1179
1729816166596,3992,Formulario-textbox-34,200,OK,Usuarios 1-35,text,true,,3827,402,925,925,https://demoqa.com/text-box,569,0,298
1729816166596,569,Formulario-textbox-34-0,301,Moved Permanently,Usuarios 1-35,text,true,,391,286,925,925,http://demoqa.com/text-box,569,0,298
1729816167165,3423,Formulario-textbox-34-1,200,OK,Usuarios 1-35,text,true,,3436,116,925,925,https://demoqa.com/text-box,3423,0,1520
1729816166732,3859,Formulario-textbox-106,200,OK,Usuarios 1-107,text,true,,3827,396,924,924,https://demoqa.com/text-box,622,0,267
1729816166732,622,Formulario-textbox-106-0,301,Moved Permanently,Usuarios 1-107,text,true,,391,280,924,924,http://demoqa.com/text-box,622,0,267
1729816167354,3237,Formulario-textbox-106-1,200,OK,Usuarios 1-107,text,true,,3436,116,924,924,https://demoqa.com/text-box,3237,0,1333
1729816166597,3994,Formulario-textbox-36,200,OK,Usuarios 1-36,text,true,,3827,399,923,923,https://demoqa.com/text-box,682,0,367
1729816167056,3535,Formulario-textbox-224,200,OK,Usuarios 1-225,text,true,,3827,392,923,923,https://demoqa.com/text-box,733,0,404
1729816166597,682,Formulario-textbox-36-0,301,Moved Permanently,Usuarios 1-36,text,true,,391,283,923,923,http://demoqa.com/text-box,682,0,367
1729816167279,3312,Formulario-textbox-36-1,200,OK,Usuarios 1-36,text,true,,3436,116,923,923,https://demoqa.com/text-box,3312,0,1406
1729816167056,733,Formulario-textbox-224-0,301,Moved Permanently,Usuarios 1-225,text,true,,391,276,923,923,http://demoqa.com/text-box,733,0,404
1729816167790,2801,Formulario-textbox-224-1,200,OK,Usuarios 1-225,text,true,,3436,116,923,923,https://demoqa.com/text-box,2801,0,1145
1729816167162,3430,Formulario-textbox-262,200,OK,Usuarios 1-264,text,true,,3827,398,922,922,https://demoqa.com/text-box,629,0,353
1729816167162,629,Formulario-textbox-262-0,301,Moved Permanently,Usuarios 1-264,text,true,,391,282,922,922,http://demoqa.com/text-box,629,0,353
1729816167791,2801,Formulario-textbox-262-1,200,OK,Usuarios 1-264,text,true,,3436,116,922,922,https://demoqa.com/text-box,2801,0,1143
1729816166714,3878,Formulario-textbox-97,200,OK,Usuarios 1-98,text,true,,3827,403,921,921,https://demoqa.com/text-box,639,0,252
1729816166714,639,Formulario-textbox-97-0,301,Moved Permanently,Usuarios 1-98,text,true,,391,287,921,921,http://demoqa.com/text-box,639,0,252
1729816167353,3239,Formulario-textbox-97-1,200,OK,Usuarios 1-98,text,true,,3436,116,921,921,https://demoqa.com/text-box,3239,0,1334
1729816167097,3495,Formulario-textbox-239,200,OK,Usuarios 1-238,text,true,,3827,405,920,920,https://demoqa.com/text-box,694,0,367
1729816167097,694,Formulario-textbox-239-0,301,Moved Permanently,Usuarios 1-238,text,true,,391,289,920,920,http://demoqa.com/text-box,694,0,367
1729816167791,2801,Formulario-textbox-239-1,200,OK,Usuarios 1-238,text,true,,3436,116,920,920,https://demoqa.com/text-box,2801,0,1144
1729816167004,3688,Formulario-textbox-205,200,OK,Usuarios 1-202,text,true,,3827,395,918,918,https://demoqa.com/text-box,672,0,363
1729816167004,672,Formulario-textbox-205-0,301,Moved Permanently,Usuarios 1-202,text,true,,391,279,918,918,http://demoqa.com/text-box,672,0,363
1729816167677,3015,Formulario-textbox-205-1,200,OK,Usuarios 1-202,text,true,,3436,116,918,918,https://demoqa.com/text-box,3015,0,1130
1729816166965,3731,Formulario-textbox-190,200,OK,Usuarios 1-189,text,true,,3827,399,917,917,https://demoqa.com/text-box,711,0,386
1729816166965,711,Formulario-textbox-190-0,301,Moved Permanently,Usuarios 1-189,text,true,,391,283,917,917,http://demoqa.com/text-box,711,0,386
1729816167677,3019,Formulario-textbox-190-1,200,OK,Usuarios 1-189,text,true,,3436,116,917,917,https://demoqa.com/text-box,3019,0,1213
1729816167021,3698,Formulario-textbox-211,200,OK,Usuarios 1-207,text,true,,3827,410,916,916,https://demoqa.com/text-box,679,0,378
1729816167021,679,Formulario-textbox-211-0,301,Moved Permanently,Usuarios 1-207,text,true,,391,294,916,916,http://demoqa.com/text-box,679,0,378
1729816167700,3019,Formulario-textbox-211-1,200,OK,Usuarios 1-207,text,true,,3436,116,916,916,https://demoqa.com/text-box,3019,0,1110
1729816167065,3667,Formulario-textbox-228,200,OK,Usuarios 1-228,text,true,,3827,395,915,915,https://demoqa.com/text-box,634,0,339
1729816167065,634,Formulario-textbox-228-0,301,Moved Permanently,Usuarios 1-228,text,true,,391,279,915,915,http://demoqa.com/text-box,634,0,339
1729816167699,3033,Formulario-textbox-228-1,200,OK,Usuarios 1-228,text,true,,3436,116,915,915,https://demoqa.com/text-box,3033,0,1194
1729816167052,3681,Formulario-textbox-223,200,OK,Usuarios 1-222,text,true,,3827,392,915,915,https://demoqa.com/text-box,649,0,350
1729816167052,649,Formulario-textbox-223-0,301,Moved Permanently,Usuarios 1-222,text,true,,391,276,915,915,http://demoqa.com/text-box,649,0,350
1729816167701,3032,Formulario-textbox-223-1,200,OK,Usuarios 1-222,text,true,,3436,116,915,915,https://demoqa.com/text-box,3032,0,1191
1729816167052,3681,Formulario-textbox-222,200,OK,Usuarios 1-223,text,true,,3827,398,913,913,https://demoqa.com/text-box,648,0,350
1729816167052,648,Formulario-textbox-222-0,301,Moved Permanently,Usuarios 1-223,text,true,,391,282,913,913,http://demoqa.com/text-box,648,0,350
1729816167701,3032,Formulario-textbox-222-1,200,OK,Usuarios 1-223,text,true,,3436,116,913,913,https://demoqa.com/text-box,3032,0,1193
1729816167102,3928,Formulario-textbox-242,200,OK,Usuarios 1-243,text,true,,3827,401,912,912,https://demoqa.com/text-box,687,0,362
1729816167102,687,Formulario-textbox-242-0,301,Moved Permanently,Usuarios 1-243,text,true,,391,285,912,912,http://demoqa.com/text-box,687,0,362
1729816167790,3240,Formulario-textbox-242-1,200,OK,Usuarios 1-243,text,true,,3436,116,912,912,https://demoqa.com/text-box,3240,0,1189
1729816167423,3780,Formulario-textbox-358,200,OK,Usuarios 1-357,text,true,,3827,402,911,911,https://demoqa.com/text-box,706,0,279
1729816167423,707,Formulario-textbox-358-0,301,Moved Permanently,Usuarios 1-357,text,true,,391,286,911,911,http://demoqa.com/text-box,706,0,279
1729816168130,3073,Formulario-textbox-358-1,200,OK,Usuarios 1-357,text,true,,3436,116,911,911,https://demoqa.com/text-box,3073,0,1991
1729816167155,4093,Formulario-textbox-261,200,OK,Usuarios 1-261,text,true,,3827,411,910,910,https://demoqa.com/text-box,694,0,360
1729816167155,694,Formulario-textbox-261-0,301,Moved Permanently,Usuarios 1-261,text,true,,391,295,910,910,http://demoqa.com/text-box,694,0,360
1729816167849,3399,Formulario-textbox-261-1,200,OK,Usuarios 1-261,text,true,,3436,116,910,910,https://demoqa.com/text-box,3398,0,1188
1729816167411,3841,Formulario-textbox-354,200,OK,Usuarios 1-351,text,true,,3827,406,909,909,https://demoqa.com/text-box,762,0,343
1729816167411,762,Formulario-textbox-354-0,301,Moved Permanently,Usuarios 1-351,text,true,,391,290,909,909,http://demoqa.com/text-box,762,0,343
1729816168174,3078,Formulario-textbox-354-1,200,OK,Usuarios 1-351,text,true,,3436,116,909,909,https://demoqa.com/text-box,3078,0,2003
1729816167449,3803,Formulario-textbox-368,200,OK,Usuarios 1-369,text,true,,3827,401,908,908,https://demoqa.com/text-box,724,0,305
1729816167449,724,Formulario-textbox-368-0,301,Moved Permanently,Usuarios 1-369,text,true,,391,285,908,908,http://demoqa.com/text-box,724,0,305
1729816168174,3078,Formulario-textbox-368-1,200,OK,Usuarios 1-369,text,true,,3436,116,908,908,https://demoqa.com/text-box,3078,0,2001
1729816167480,3808,Formulario-textbox-376,200,OK,Usuarios 1-380,text,true,,3827,399,907,907,https://demoqa.com/text-box,696,0,309
1729816167480,696,Formulario-textbox-376-0,301,Moved Permanently,Usuarios 1-380,text,true,,391,283,907,907,http://demoqa.com/text-box,696,0,309
1729816168176,3112,Formulario-textbox-376-1,200,OK,Usuarios 1-380,text,true,,3436,116,907,907,https://demoqa.com/text-box,3112,0,2060
1729816167408,3881,Formulario-textbox-352,200,OK,Usuarios 1-354,text,true,,3827,410,906,906,https://demoqa.com/text-box,765,0,346
1729816167427,3862,Formulario-textbox-361,200,OK,Usuarios 1-362,text,true,,3827,405,906,906,https://demoqa.com/text-box,748,0,327
1729816167408,765,Formulario-textbox-352-0,301,Moved Permanently,Usuarios 1-354,text,true,,391,294,906,906,http://demoqa.com/text-box,765,0,346
1729816167427,748,Formulario-textbox-361-0,301,Moved Permanently,Usuarios 1-362,text,true,,391,289,906,906,http://demoqa.com/text-box,748,0,327
1729816168173,3116,Formulario-textbox-352-1,200,OK,Usuarios 1-354,text,true,,3436,116,906,906,https://demoqa.com/text-box,3116,0,2065
1729816168175,3114,Formulario-textbox-361-1,200,OK,Usuarios 1-362,text,true,,3436,116,906,906,https://demoqa.com/text-box,3114,0,2061
1729816167461,3829,Formulario-textbox-372,200,OK,Usuarios 1-373,text,true,,3827,392,904,904,https://demoqa.com/text-box,712,0,312
1729816167461,712,Formulario-textbox-372-0,301,Moved Permanently,Usuarios 1-373,text,true,,391,276,904,904,http://demoqa.com/text-box,712,0,312
1729816168174,3116,Formulario-textbox-372-1,200,OK,Usuarios 1-373,text,true,,3436,116,904,904,https://demoqa.com/text-box,3116,0,2064
1729816167547,3785,Formulario-textbox-403,200,OK,Usuarios 1-403,text,true,,3827,402,903,903,https://demoqa.com/text-box,714,0,307
1729816167547,714,Formulario-textbox-403-0,301,Moved Permanently,Usuarios 1-403,text,true,,391,286,903,903,http://demoqa.com/text-box,714,0,307
1729816168262,3070,Formulario-textbox-403-1,200,OK,Usuarios 1-403,text,true,,3436,116,903,903,https://demoqa.com/text-box,3070,0,2304
1729816167532,3801,Formulario-textbox-396,200,OK,Usuarios 1-393,text,true,,3827,402,903,903,https://demoqa.com/text-box,727,0,322
1729816167532,727,Formulario-textbox-396-0,301,Moved Permanently,Usuarios 1-393,text,true,,391,286,903,903,http://demoqa.com/text-box,727,0,322
1729816168260,3073,Formulario-textbox-396-1,200,OK,Usuarios 1-393,text,true,,3436,116,903,903,https://demoqa.com/text-box,3073,0,2308
1729816167556,3809,Formulario-textbox-407,200,OK,Usuarios 1-409,text,true,,3827,396,901,901,https://demoqa.com/text-box,704,0,298
1729816167556,704,Formulario-textbox-407-0,301,Moved Permanently,Usuarios 1-409,text,true,,391,280,901,901,http://demoqa.com/text-box,704,0,298
1729816168260,3105,Formulario-textbox-407-1,200,OK,Usuarios 1-409,text,true,,3436,116,901,901,https://demoqa.com/text-box,3105,0,2329
1729816167542,3823,Formulario-textbox-400,200,OK,Usuarios 1-400,text,true,,3827,398,901,901,https://demoqa.com/text-box,717,0,312
1729816167542,717,Formulario-textbox-400-0,301,Moved Permanently,Usuarios 1-400,text,true,,391,282,901,901,http://demoqa.com/text-box,717,0,312
1729816168260,3105,Formulario-textbox-400-1,200,OK,Usuarios 1-400,text,true,,3436,116,901,901,https://demoqa.com/text-box,3105,0,2330
1729816167591,3802,Formulario-textbox-420,200,OK,Usuarios 1-422,text,true,,3827,400,899,899,https://demoqa.com/text-box,673,0,299
1729816167591,673,Formulario-textbox-420-0,301,Moved Permanently,Usuarios 1-422,text,true,,391,284,899,899,http://demoqa.com/text-box,673,0,299
1729816168264,3129,Formulario-textbox-420-1,200,OK,Usuarios 1-422,text,true,,3436,116,899,899,https://demoqa.com/text-box,3129,0,2331
1729816167533,3895,Formulario-textbox-397,200,OK,Usuarios 1-398,text,true,,3827,399,898,898,https://demoqa.com/text-box,728,0,321
1729816167533,728,Formulario-textbox-397-0,301,Moved Permanently,Usuarios 1-398,text,true,,391,283,898,898,http://demoqa.com/text-box,728,0,321
1729816168261,3167,Formulario-textbox-397-1,200,OK,Usuarios 1-398,text,true,,3436,116,898,898,https://demoqa.com/text-box,3167,0,2382
1729816167550,3896,Formulario-textbox-404,200,OK,Usuarios 1-405,text,true,,3827,414,897,897,https://demoqa.com/text-box,710,0,304
1729816167550,710,Formulario-textbox-404-0,301,Moved Permanently,Usuarios 1-405,text,true,,391,298,897,897,http://demoqa.com/text-box,710,0,304
1729816168260,3186,Formulario-textbox-404-1,200,OK,Usuarios 1-405,text,true,,3436,116,897,897,https://demoqa.com/text-box,3186,0,2383
1729816167516,3931,Formulario-textbox-391,200,OK,Usuarios 1-392,text,true,,3827,401,897,897,https://demoqa.com/text-box,745,0,338
1729816167516,745,Formulario-textbox-391-0,301,Moved Permanently,Usuarios 1-392,text,true,,391,285,897,897,http://demoqa.com/text-box,745,0,338
1729816168263,3184,Formulario-textbox-391-1,200,OK,Usuarios 1-392,text,true,,3436,116,897,897,https://demoqa.com/text-box,3184,0,2382
1729816167579,3868,Formulario-textbox-415,200,OK,Usuarios 1-416,text,true,,3827,402,897,897,https://demoqa.com/text-box,685,0,308
1729816167579,685,Formulario-textbox-415-0,301,Moved Permanently,Usuarios 1-416,text,true,,391,286,897,897,http://demoqa.com/text-box,685,0,308
1729816168265,3182,Formulario-textbox-415-1,200,OK,Usuarios 1-416,text,true,,3436,116,897,897,https://demoqa.com/text-box,3182,0,2381
1729816167515,4006,Formulario-textbox-389,200,OK,Usuarios 1-391,text,true,,3827,400,894,894,https://demoqa.com/text-box,744,0,339
1729816167515,744,Formulario-textbox-389-0,301,Moved Permanently,Usuarios 1-391,text,true,,391,284,894,894,http://demoqa.com/text-box,744,0,339
1729816168261,3260,Formulario-textbox-389-1,200,OK,Usuarios 1-391,text,true,,3436,116,894,894,https://demoqa.com/text-box,3260,0,2439
1729816166947,4868,Formulario-textbox-183,200,OK,Usuarios 1-185,text,true,,3827,416,893,893,https://demoqa.com/text-box,681,0,327
1729816166947,681,Formulario-textbox-183-0,301,Moved Permanently,Usuarios 1-185,text,true,,391,300,893,893,http://demoqa.com/text-box,681,0,327
1729816167629,4186,Formulario-textbox-183-1,200,OK,Usuarios 1-185,text,true,,3436,116,893,893,https://demoqa.com/text-box,4186,0,1136
1729816166808,5008,Formulario-textbox-129,200,OK,Usuarios 1-134,text,true,,3827,392,892,892,https://demoqa.com/text-box,594,0,237
1729816166808,594,Formulario-textbox-129-0,301,Moved Permanently,Usuarios 1-134,text,true,,391,276,892,892,http://demoqa.com/text-box,594,0,237
1729816167402,4414,Formulario-textbox-129-1,200,OK,Usuarios 1-134,text,true,,3436,116,892,892,https://demoqa.com/text-box,4414,0,1363
1729816166972,4906,Formulario-textbox-194,200,OK,Usuarios 1-190,text,true,,3827,403,891,891,https://demoqa.com/text-box,656,0,306
1729816166972,656,Formulario-textbox-194-0,301,Moved Permanently,Usuarios 1-190,text,true,,391,287,891,891,http://demoqa.com/text-box,656,0,306
1729816167629,4249,Formulario-textbox-194-1,200,OK,Usuarios 1-190,text,true,,3436,116,891,891,https://demoqa.com/text-box,4249,0,1138
1729816167786,4460,Formulario-textbox-486,200,OK,Usuarios 1-485,text,true,,3827,397,890,890,https://demoqa.com/text-box,1194,0,389
1729816167786,1194,Formulario-textbox-486-0,301,Moved Permanently,Usuarios 1-485,text,true,,391,281,890,890,http://demoqa.com/text-box,1194,0,389
1729816168981,3265,Formulario-textbox-486-1,200,OK,Usuarios 1-485,text,true,,3436,116,890,890,https://demoqa.com/text-box,3265,0,2411
1729816167786,4461,Formulario-textbox-485,200,OK,Usuarios 1-487,text,true,,3827,402,889,889,https://demoqa.com/text-box,1192,0,389
1729816167786,1192,Formulario-textbox-485-0,301,Moved Permanently,Usuarios 1-487,text,true,,391,286,889,889,http://demoqa.com/text-box,1192,0,389
1729816168978,3269,Formulario-textbox-485-1,200,OK,Usuarios 1-487,text,true,,3436,116,889,889,https://demoqa.com/text-box,3269,0,2415
1729816167765,4565,Formulario-textbox-481,200,OK,Usuarios 1-483,text,true,,3827,400,888,888,https://demoqa.com/text-box,1215,0,408
1729816167765,1215,Formulario-textbox-481-0,301,Moved Permanently,Usuarios 1-483,text,true,,391,284,888,888,http://demoqa.com/text-box,1215,0,408
1729816168981,3349,Formulario-textbox-481-1,200,OK,Usuarios 1-483,text,true,,3436,116,888,888,https://demoqa.com/text-box,3349,0,2446
1729816167038,5295,Formulario-textbox-218,200,OK,Usuarios 1-218,text,true,,3827,402,887,887,https://demoqa.com/text-box,664,0,363
1729816167038,664,Formulario-textbox-218-0,301,Moved Permanently,Usuarios 1-218,text,true,,391,286,887,887,http://demoqa.com/text-box,664,0,363
1729816167702,4631,Formulario-textbox-218-1,200,OK,Usuarios 1-218,text,true,,3436,116,887,887,https://demoqa.com/text-box,4631,0,1149
1729816167082,5340,Formulario-textbox-235,200,OK,Usuarios 1-236,text,true,,3827,402,886,886,https://demoqa.com/text-box,673,0,380
1729816167082,673,Formulario-textbox-235-0,301,Moved Permanently,Usuarios 1-236,text,true,,391,286,886,886,http://demoqa.com/text-box,673,0,380
1729816167755,4667,Formulario-textbox-235-1,200,OK,Usuarios 1-236,text,true,,3436,116,886,886,https://demoqa.com/text-box,4667,0,1135
1729816167853,4602,Formulario-textbox-515,200,OK,Usuarios 1-514,text,true,,3827,418,885,885,https://demoqa.com/text-box,1182,0,368
1729816167853,1182,Formulario-textbox-515-0,301,Moved Permanently,Usuarios 1-514,text,true,,391,302,885,885,http://demoqa.com/text-box,1182,0,368
1729816169035,3420,Formulario-textbox-515-1,200,OK,Usuarios 1-514,text,true,,3436,116,885,885,https://demoqa.com/text-box,3420,0,2586
1729816167823,4632,Formulario-textbox-503,200,OK,Usuarios 1-504,text,true,,3827,408,885,885,https://demoqa.com/text-box,1217,0,396
1729816167823,1217,Formulario-textbox-503-0,301,Moved Permanently,Usuarios 1-504,text,true,,391,292,885,885,http://demoqa.com/text-box,1217,0,396
1729816169040,3415,Formulario-textbox-503-1,200,OK,Usuarios 1-504,text,true,,3436,116,885,885,https://demoqa.com/text-box,3415,0,2582
1729816167838,4617,Formulario-textbox-507,200,OK,Usuarios 1-506,text,true,,3827,399,883,883,https://demoqa.com/text-box,1197,0,382
1729816167838,1197,Formulario-textbox-507-0,301,Moved Permanently,Usuarios 1-506,text,true,,391,283,883,883,http://demoqa.com/text-box,1197,0,382
1729816169035,3420,Formulario-textbox-507-1,200,OK,Usuarios 1-506,text,true,,3436,116,883,883,https://demoqa.com/text-box,3420,0,2587
1729816167063,5393,Formulario-textbox-227,200,OK,Usuarios 1-230,text,true,,3827,403,882,882,https://demoqa.com/text-box,692,0,397
1729816167110,5346,Formulario-textbox-244,200,OK,Usuarios 1-240,text,true,,3827,403,882,882,https://demoqa.com/text-box,648,0,354
1729816167063,692,Formulario-textbox-227-0,301,Moved Permanently,Usuarios 1-230,text,true,,391,287,882,882,http://demoqa.com/text-box,692,0,397
1729816167110,648,Formulario-textbox-244-0,301,Moved Permanently,Usuarios 1-240,text,true,,391,287,882,882,http://demoqa.com/text-box,648,0,354
1729816167756,4700,Formulario-textbox-227-1,200,OK,Usuarios 1-230,text,true,,3436,116,882,882,https://demoqa.com/text-box,4700,0,1133
1729816167758,4698,Formulario-textbox-244-1,200,OK,Usuarios 1-240,text,true,,3436,116,882,882,https://demoqa.com/text-box,4698,0,1133
1729816167801,4699,Formulario-textbox-494,200,OK,Usuarios 1-494,text,true,,3827,400,880,880,https://demoqa.com/text-box,1235,0,416
1729816167801,1235,Formulario-textbox-494-0,301,Moved Permanently,Usuarios 1-494,text,true,,391,284,880,880,http://demoqa.com/text-box,1235,0,416
1729816169037,3463,Formulario-textbox-494-1,200,OK,Usuarios 1-494,text,true,,3436,116,880,880,https://demoqa.com/text-box,3463,0,2608
1729816167844,4656,Formulario-textbox-511,200,OK,Usuarios 1-510,text,true,,3827,408,879,879,https://demoqa.com/text-box,1195,0,375
1729816167844,1195,Formulario-textbox-511-0,301,Moved Permanently,Usuarios 1-510,text,true,,391,292,879,879,http://demoqa.com/text-box,1195,0,375
1729816169039,3461,Formulario-textbox-511-1,200,OK,Usuarios 1-510,text,true,,3436,116,879,879,https://demoqa.com/text-box,3461,0,2607
1729816167764,4737,Formulario-textbox-480,200,OK,Usuarios 1-481,text,true,,3827,402,879,879,https://demoqa.com/text-box,1270,0,410
1729816167764,1270,Formulario-textbox-480-0,301,Moved Permanently,Usuarios 1-481,text,true,,391,286,879,879,http://demoqa.com/text-box,1270,0,410
1729816169035,3466,Formulario-textbox-480-1,200,OK,Usuarios 1-481,text,true,,3436,116,879,879,https://demoqa.com/text-box,3466,0,2610
1729816167808,4693,Formulario-textbox-497,200,OK,Usuarios 1-500,text,true,,3827,400,878,878,https://demoqa.com/text-box,1230,0,409
1729816167808,1230,Formulario-textbox-497-0,301,Moved Permanently,Usuarios 1-500,text,true,,391,284,878,878,http://demoqa.com/text-box,1230,0,409
1729816169038,3463,Formulario-textbox-497-1,200,OK,Usuarios 1-500,text,true,,3436,116,878,878,https://demoqa.com/text-box,3463,0,2608
1729816167786,4747,Formulario-textbox-490,200,OK,Usuarios 1-489,text,true,,3827,388,876,876,https://demoqa.com/text-box,1249,0,431
1729816167056,5477,Formulario-textbox-225,200,OK,Usuarios 1-221,text,true,,3827,400,876,876,https://demoqa.com/text-box,734,0,406
1729816167786,1249,Formulario-textbox-490-0,301,Moved Permanently,Usuarios 1-489,text,true,,391,272,876,876,http://demoqa.com/text-box,1249,0,431
1729816167056,734,Formulario-textbox-225-0,301,Moved Permanently,Usuarios 1-221,text,true,,391,284,876,876,http://demoqa.com/text-box,734,0,406
1729816169035,3498,Formulario-textbox-490-1,200,OK,Usuarios 1-489,text,true,,3436,116,876,876,https://demoqa.com/text-box,3498,0,2611
1729816167790,4743,Formulario-textbox-225-1,200,OK,Usuarios 1-221,text,true,,3436,116,876,876,https://demoqa.com/text-box,4743,0,1145
1729816167108,5425,Formulario-textbox-243,200,OK,Usuarios 1-244,text,true,,3827,405,876,876,https://demoqa.com/text-box,682,0,356
1729816167108,682,Formulario-textbox-243-0,301,Moved Permanently,Usuarios 1-244,text,true,,391,289,876,876,http://demoqa.com/text-box,682,0,356
1729816167790,4743,Formulario-textbox-243-1,200,OK,Usuarios 1-244,text,true,,3436,116,876,876,https://demoqa.com/text-box,4743,0,1146
1729816167164,5369,Formulario-textbox-263,200,OK,Usuarios 1-260,text,true,,3827,402,876,876,https://demoqa.com/text-box,627,0,351
1729816167164,627,Formulario-textbox-263-0,301,Moved Permanently,Usuarios 1-260,text,true,,391,286,876,876,http://demoqa.com/text-box,627,0,351
1729816167791,4742,Formulario-textbox-263-1,200,OK,Usuarios 1-260,text,true,,3436,116,876,876,https://demoqa.com/text-box,4742,0,1146
1729816167013,5570,Formulario-textbox-209,200,OK,Usuarios 1-206,text,true,,3827,408,872,872,https://demoqa.com/text-box,688,0,387
1729816167025,5558,Formulario-textbox-214,200,OK,Usuarios 1-215,text,true,,3827,405,872,872,https://demoqa.com/text-box,674,0,374
1729816167013,688,Formulario-textbox-209-0,301,Moved Permanently,Usuarios 1-206,text,true,,391,292,872,872,http://demoqa.com/text-box,688,0,387
1729816167701,4882,Formulario-textbox-209-1,200,OK,Usuarios 1-206,text,true,,3436,116,872,872,https://demoqa.com/text-box,4882,0,1189
1729816167025,674,Formulario-textbox-214-0,301,Moved Permanently,Usuarios 1-215,text,true,,391,289,872,872,http://demoqa.com/text-box,674,0,374
1729816167700,4883,Formulario-textbox-214-1,200,OK,Usuarios 1-215,text,true,,3436,116,872,872,https://demoqa.com/text-box,4883,0,1193
1729816167047,5577,Formulario-textbox-219,200,OK,Usuarios 1-217,text,true,,3827,401,870,870,https://demoqa.com/text-box,655,0,356
1729816167111,5513,Formulario-textbox-245,200,OK,Usuarios 1-246,text,true,,3827,407,870,870,https://demoqa.com/text-box,644,0,353
1729816167090,5534,Formulario-textbox-237,200,OK,Usuarios 1-235,text,true,,3827,398,870,870,https://demoqa.com/text-box,701,0,374
1729816167047,655,Formulario-textbox-219-0,301,Moved Permanently,Usuarios 1-217,text,true,,391,285,870,870,http://demoqa.com/text-box,655,0,356
1729816167111,644,Formulario-textbox-245-0,301,Moved Permanently,Usuarios 1-246,text,true,,391,291,870,870,http://demoqa.com/text-box,644,0,353
1729816167756,4868,Formulario-textbox-245-1,200,OK,Usuarios 1-246,text,true,,3436,116,870,870,https://demoqa.com/text-box,4868,0,1179
1729816167702,4922,Formulario-textbox-219-1,200,OK,Usuarios 1-217,text,true,,3436,116,870,870,https://demoqa.com/text-box,4922,0,1187
1729816167090,701,Formulario-textbox-237-0,301,Moved Permanently,Usuarios 1-235,text,true,,391,282,870,870,http://demoqa.com/text-box,701,0,374
1729816167791,4833,Formulario-textbox-237-1,200,OK,Usuarios 1-235,text,true,,3436,116,870,870,https://demoqa.com/text-box,4833,0,1191
1729816167080,5545,Formulario-textbox-234,200,OK,Usuarios 1-233,text,true,,3827,415,870,870,https://demoqa.com/text-box,675,0,380
1729816167070,5555,Formulario-textbox-230,200,OK,Usuarios 1-231,text,true,,3827,398,870,870,https://demoqa.com/text-box,720,0,392
1729816167080,675,Formulario-textbox-234-0,301,Moved Permanently,Usuarios 1-233,text,true,,391,299,870,870,http://demoqa.com/text-box,675,0,380
1729816167070,720,Formulario-textbox-230-0,301,Moved Permanently,Usuarios 1-231,text,true,,391,282,870,870,http://demoqa.com/text-box,720,0,392
1729816167755,4870,Formulario-textbox-234-1,200,OK,Usuarios 1-233,text,true,,3436,116,870,870,https://demoqa.com/text-box,4870,0,1181
1729816167790,4835,Formulario-textbox-230-1,200,OK,Usuarios 1-231,text,true,,3436,116,870,870,https://demoqa.com/text-box,4834,0,1192
1729816167008,5619,Formulario-textbox-206,200,OK,Usuarios 1-208,text,true,,3827,400,865,865,https://demoqa.com/text-box,693,0,392
1729816167008,693,Formulario-textbox-206-0,301,Moved Permanently,Usuarios 1-208,text,true,,391,284,865,865,http://demoqa.com/text-box,693,0,392
1729816167701,4926,Formulario-textbox-206-1,200,OK,Usuarios 1-208,text,true,,3436,116,865,865,https://demoqa.com/text-box,4926,0,1188
1729816167074,5593,Formulario-textbox-232,200,OK,Usuarios 1-227,text,true,,3827,396,864,864,https://demoqa.com/text-box,683,0,387
1729816167074,683,Formulario-textbox-232-0,301,Moved Permanently,Usuarios 1-227,text,true,,391,280,864,864,http://demoqa.com/text-box,683,0,387
1729816167758,4909,Formulario-textbox-232-1,200,OK,Usuarios 1-227,text,true,,3436,116,864,864,https://demoqa.com/text-box,4909,0,1178
1729816168116,4592,Formulario-textbox-607,200,OK,Usuarios 1-609,text,true,,3827,397,863,863,https://demoqa.com/text-box,1892,0,476
1729816168116,1892,Formulario-textbox-607-0,301,Moved Permanently,Usuarios 1-609,text,true,,391,281,863,863,http://demoqa.com/text-box,1892,0,476
1729816170008,2700,Formulario-textbox-607-1,200,OK,Usuarios 1-609,text,true,,3436,116,863,863,https://demoqa.com/text-box,2700,0,1759
1729816167645,5110,Formulario-textbox-437,200,OK,Usuarios 1-434,text,true,,3827,401,862,862,https://demoqa.com/text-box,902,0,333
1729816167645,902,Formulario-textbox-437-0,301,Moved Permanently,Usuarios 1-434,text,true,,391,285,862,862,http://demoqa.com/text-box,902,0,333
1729816168547,4208,Formulario-textbox-437-1,200,OK,Usuarios 1-434,text,true,,3436,116,862,862,https://demoqa.com/text-box,4208,0,3134
1729816168101,4658,Formulario-textbox-603,200,OK,Usuarios 1-599,text,true,,3827,392,861,861,https://demoqa.com/text-box,1906,0,492
1729816168101,1907,Formulario-textbox-603-0,301,Moved Permanently,Usuarios 1-599,text,true,,391,276,861,861,http://demoqa.com/text-box,1906,0,492
1729816170008,2751,Formulario-textbox-603-1,200,OK,Usuarios 1-599,text,true,,3436,116,861,861,https://demoqa.com/text-box,2751,0,1798
1729816168115,4644,Formulario-textbox-606,200,OK,Usuarios 1-607,text,true,,3827,393,860,860,https://demoqa.com/text-box,1890,0,476
1729816168115,1890,Formulario-textbox-606-0,301,Moved Permanently,Usuarios 1-607,text,true,,391,277,860,860,http://demoqa.com/text-box,1890,0,476
1729816170006,2753,Formulario-textbox-606-1,200,OK,Usuarios 1-607,text,true,,3436,116,860,860,https://demoqa.com/text-box,2753,0,1800
1729816167147,5634,Formulario-textbox-258,200,OK,Usuarios 1-257,text,true,,3827,404,859,859,https://demoqa.com/text-box,644,0,367
1729816167147,644,Formulario-textbox-258-0,301,Moved Permanently,Usuarios 1-257,text,true,,391,288,859,859,http://demoqa.com/text-box,644,0,367
1729816167791,4990,Formulario-textbox-258-1,200,OK,Usuarios 1-257,text,true,,3436,116,859,859,https://demoqa.com/text-box,4990,0,1249
1729816167117,5664,Formulario-textbox-247,200,OK,Usuarios 1-247,text,true,,3827,402,859,859,https://demoqa.com/text-box,675,0,397
1729816167117,675,Formulario-textbox-247-0,301,Moved Permanently,Usuarios 1-247,text,true,,391,286,859,859,http://demoqa.com/text-box,675,0,397
1729816167792,4989,Formulario-textbox-247-1,200,OK,Usuarios 1-247,text,true,,3436,116,859,859,https://demoqa.com/text-box,4989,0,1249
1729816167134,5648,Formulario-textbox-252,200,OK,Usuarios 1-255,text,true,,3827,409,859,859,https://demoqa.com/text-box,657,0,380
1729816167134,657,Formulario-textbox-252-0,301,Moved Permanently,Usuarios 1-255,text,true,,391,293,859,859,http://demoqa.com/text-box,657,0,380
1729816167792,4990,Formulario-textbox-252-1,200,OK,Usuarios 1-255,text,true,,3436,116,859,859,https://demoqa.com/text-box,4990,0,1246
1729816168114,4701,Formulario-textbox-604,200,OK,Usuarios 1-606,text,true,,3827,401,856,856,https://demoqa.com/text-box,1891,0,477
1729816168120,4695,Formulario-textbox-609,200,OK,Usuarios 1-605,text,true,,3827,404,856,856,https://demoqa.com/text-box,1888,0,473
1729816168114,1891,Formulario-textbox-604-0,301,Moved Permanently,Usuarios 1-606,text,true,,391,285,856,856,http://demoqa.com/text-box,1891,0,477
1729816170006,2809,Formulario-textbox-604-1,200,OK,Usuarios 1-606,text,true,,3436,116,856,856,https://demoqa.com/text-box,2809,0,1820
1729816168120,1888,Formulario-textbox-609-0,301,Moved Permanently,Usuarios 1-605,text,true,,391,288,856,856,http://demoqa.com/text-box,1888,0,473
1729816170008,2807,Formulario-textbox-609-1,200,OK,Usuarios 1-605,text,true,,3436,116,856,856,https://demoqa.com/text-box,2807,0,1818
1729816167118,5714,Formulario-textbox-246,200,OK,Usuarios 1-248,text,true,,3827,403,854,854,https://demoqa.com/text-box,673,0,396
1729816167118,673,Formulario-textbox-246-0,301,Moved Permanently,Usuarios 1-248,text,true,,391,287,854,854,http://demoqa.com/text-box,673,0,396
1729816167791,5041,Formulario-textbox-246-1,200,OK,Usuarios 1-248,text,true,,3436,116,854,854,https://demoqa.com/text-box,5041,0,1249
1729816167135,5697,Formulario-textbox-253,200,OK,Usuarios 1-253,text,true,,3827,403,854,854,https://demoqa.com/text-box,656,0,379
1729816167135,656,Formulario-textbox-253-0,301,Moved Permanently,Usuarios 1-253,text,true,,391,287,854,854,http://demoqa.com/text-box,656,0,379
1729816167791,5041,Formulario-textbox-253-1,200,OK,Usuarios 1-253,text,true,,3436,116,854,854,https://demoqa.com/text-box,5041,0,1250
1729816168114,4737,Formulario-textbox-605,200,OK,Usuarios 1-608,text,true,,3827,398,852,852,https://demoqa.com/text-box,1951,0,479
1729816168114,1951,Formulario-textbox-605-0,301,Moved Permanently,Usuarios 1-608,text,true,,391,282,852,852,http://demoqa.com/text-box,1951,0,479
1729816170066,2785,Formulario-textbox-605-1,200,OK,Usuarios 1-608,text,true,,3436,116,852,852,https://demoqa.com/text-box,2785,0,1845
1729816167634,5246,Formulario-textbox-431,200,OK,Usuarios 1-436,text,true,,3827,405,851,851,https://demoqa.com/text-box,914,0,344
1729816167634,914,Formulario-textbox-431-0,301,Moved Permanently,Usuarios 1-436,text,true,,391,289,851,851,http://demoqa.com/text-box,914,0,344
1729816168549,4331,Formulario-textbox-431-1,200,OK,Usuarios 1-436,text,true,,3436,116,851,851,https://demoqa.com/text-box,4331,0,3195
1729816166763,6140,Formulario-textbox-117,200,OK,Usuarios 1-115,text,true,,3827,407,850,850,https://demoqa.com/text-box,636,0,238
1729816166763,636,Formulario-textbox-117-0,301,Moved Permanently,Usuarios 1-115,text,true,,391,291,850,850,http://demoqa.com/text-box,636,0,238
1729816167400,5503,Formulario-textbox-117-1,200,OK,Usuarios 1-115,text,true,,3436,116,850,850,https://demoqa.com/text-box,5503,0,1194
1729816167896,5043,Formulario-textbox-529,200,OK,Usuarios 1-531,text,true,,3827,401,849,849,https://demoqa.com/text-box,1362,0,411
1729816167896,1362,Formulario-textbox-529-0,301,Moved Permanently,Usuarios 1-531,text,true,,391,285,849,849,http://demoqa.com/text-box,1362,0,411
1729816169259,3680,Formulario-textbox-529-1,200,OK,Usuarios 1-531,text,true,,3436,116,849,849,https://demoqa.com/text-box,3680,0,2829
1729816167881,5075,Formulario-textbox-521,200,OK,Usuarios 1-518,text,true,,3827,396,848,848,https://demoqa.com/text-box,1373,0,381
1729816167881,1373,Formulario-textbox-521-0,301,Moved Permanently,Usuarios 1-518,text,true,,391,280,848,848,http://demoqa.com/text-box,1373,0,381
1729816169254,3702,Formulario-textbox-521-1,200,OK,Usuarios 1-518,text,true,,3436,116,848,848,https://demoqa.com/text-box,3702,0,2834
1729816168168,4788,Formulario-textbox-626,200,OK,Usuarios 1-625,text,true,,3827,411,848,848,https://demoqa.com/text-box,2004,0,515
1729816168168,2004,Formulario-textbox-626-0,301,Moved Permanently,Usuarios 1-625,text,true,,391,295,848,848,http://demoqa.com/text-box,2004,0,515
1729816170173,2783,Formulario-textbox-626-1,200,OK,Usuarios 1-625,text,true,,3436,116,848,848,https://demoqa.com/text-box,2783,0,1914
1729816168199,4758,Formulario-textbox-638,200,OK,Usuarios 1-638,text,true,,3827,399,847,847,https://demoqa.com/text-box,2040,0,524
1729816168199,2040,Formulario-textbox-638-0,301,Moved Permanently,Usuarios 1-638,text,true,,391,283,847,847,http://demoqa.com/text-box,2040,0,524
1729816170239,2718,Formulario-textbox-638-1,200,OK,Usuarios 1-638,text,true,,3436,116,847,847,https://demoqa.com/text-box,2718,0,1860
1729816167874,5083,Formulario-textbox-516,200,OK,Usuarios 1-520,text,true,,3827,399,846,846,https://demoqa.com/text-box,1382,0,393
1729816167874,1382,Formulario-textbox-516-0,301,Moved Permanently,Usuarios 1-520,text,true,,391,283,846,846,http://demoqa.com/text-box,1382,0,393
1729816169257,3700,Formulario-textbox-516-1,200,OK,Usuarios 1-520,text,true,,3436,116,846,846,https://demoqa.com/text-box,3700,0,2842
1729816166914,6060,Formulario-textbox-169,200,OK,Usuarios 1-167,text,true,,3827,400,844,844,https://demoqa.com/text-box,601,0,252
1729816166914,601,Formulario-textbox-169-0,301,Moved Permanently,Usuarios 1-167,text,true,,391,284,844,844,http://demoqa.com/text-box,601,0,252
1729816167516,5458,Formulario-textbox-169-1,200,OK,Usuarios 1-167,text,true,,3436,116,844,844,https://demoqa.com/text-box,5458,0,4573
1729816166610,6375,Formulario-textbox-60,200,OK,Usuarios 1-61,text,true,,3827,398,843,843,https://demoqa.com/text-box,740,0,355
1729816166746,6239,Formulario-textbox-109,200,OK,Usuarios 1-111,text,true,,3827,395,843,843,https://demoqa.com/text-box,608,0,254
1729816166610,740,Formulario-textbox-60-0,301,Moved Permanently,Usuarios 1-61,text,true,,391,282,843,843,http://demoqa.com/text-box,740,0,355
1729816166746,608,Formulario-textbox-109-0,301,Moved Permanently,Usuarios 1-111,text,true,,391,279,843,843,http://demoqa.com/text-box,608,0,254
1729816167351,5634,Formulario-textbox-60-1,200,OK,Usuarios 1-61,text,true,,3436,116,843,843,https://demoqa.com/text-box,5634,0,1245
1729816167354,5631,Formulario-textbox-109-1,200,OK,Usuarios 1-111,text,true,,3436,116,843,843,https://demoqa.com/text-box,5631,0,1242
1729816166772,6214,Formulario-textbox-120,200,OK,Usuarios 1-121,text,true,,3827,401,841,841,https://demoqa.com/text-box,595,0,229
1729816166772,595,Formulario-textbox-120-0,301,Moved Permanently,Usuarios 1-121,text,true,,391,285,841,841,http://demoqa.com/text-box,595,0,229
1729816167368,5618,Formulario-textbox-120-1,200,OK,Usuarios 1-121,text,true,,3436,116,841,841,https://demoqa.com/text-box,5618,0,1228
1729816166596,6390,Formulario-textbox-29,200,OK,Usuarios 1-30,text,true,,3827,407,841,841,https://demoqa.com/text-box,754,0,369
1729816166596,754,Formulario-textbox-29-0,301,Moved Permanently,Usuarios 1-30,text,true,,391,291,841,841,http://demoqa.com/text-box,754,0,369
1729816167350,5636,Formulario-textbox-29-1,200,OK,Usuarios 1-30,text,true,,3436,116,841,841,https://demoqa.com/text-box,5636,0,1246
1729816166596,6410,Formulario-textbox-4,200,OK,Usuarios 1-8,text,true,,3827,395,839,839,https://demoqa.com/text-box,600,0,302
1729816166596,600,Formulario-textbox-4-0,301,Moved Permanently,Usuarios 1-8,text,true,,391,279,839,839,http://demoqa.com/text-box,600,0,302
1729816167196,5810,Formulario-textbox-4-1,200,OK,Usuarios 1-8,text,true,,3436,116,839,839,https://demoqa.com/text-box,5810,0,4892
1729816166966,6075,Formulario-textbox-192,200,OK,Usuarios 1-194,text,true,,3827,398,838,838,https://demoqa.com/text-box,630,0,310
1729816166966,630,Formulario-textbox-192-0,301,Moved Permanently,Usuarios 1-194,text,true,,391,282,838,838,http://demoqa.com/text-box,630,0,310
1729816167597,5444,Formulario-textbox-192-1,200,OK,Usuarios 1-194,text,true,,3436,116,838,838,https://demoqa.com/text-box,5444,0,4530
1729816168266,4801,Formulario-textbox-661,200,OK,Usuarios 1-661,text,true,,3827,390,837,837,https://demoqa.com/text-box,2301,0,670
1729816168266,2301,Formulario-textbox-661-0,301,Moved Permanently,Usuarios 1-661,text,true,,391,274,837,837,http://demoqa.com/text-box,2301,0,670
1729816170568,2499,Formulario-textbox-661-1,200,OK,Usuarios 1-661,text,true,,3436,116,837,837,https://demoqa.com/text-box,2499,0,1602
1729816166924,6143,Formulario-textbox-173,200,OK,Usuarios 1-177,text,true,,3827,404,836,836,https://demoqa.com/text-box,636,0,271
1729816166924,636,Formulario-textbox-173-0,301,Moved Permanently,Usuarios 1-177,text,true,,391,288,836,836,http://demoqa.com/text-box,636,0,271
1729816167560,5507,Formulario-textbox-173-1,200,OK,Usuarios 1-177,text,true,,3436,116,836,836,https://demoqa.com/text-box,5507,0,4245
1729816166810,6263,Formulario-textbox-131,200,OK,Usuarios 1-135,text,true,,3827,406,835,835,https://demoqa.com/text-box,593,0,235
1729816166611,6462,Formulario-textbox-62,200,OK,Usuarios 1-60,text,true,,3827,401,835,835,https://demoqa.com/text-box,581,0,284
1729816166810,593,Formulario-textbox-131-0,301,Moved Permanently,Usuarios 1-135,text,true,,391,290,835,835,http://demoqa.com/text-box,593,0,235
1729816166611,581,Formulario-textbox-62-0,301,Moved Permanently,Usuarios 1-60,text,true,,391,285,835,835,http://demoqa.com/text-box,581,0,284
1729816167404,5669,Formulario-textbox-131-1,200,OK,Usuarios 1-135,text,true,,3436,116,835,835,https://demoqa.com/text-box,5669,0,4764
1729816167193,5880,Formulario-textbox-62-1,200,OK,Usuarios 1-60,text,true,,3436,116,835,835,https://demoqa.com/text-box,5880,0,4976
1729816166693,6380,Formulario-textbox-92,200,OK,Usuarios 1-93,text,true,,3827,401,835,835,https://demoqa.com/text-box,498,0,204
1729816166693,498,Formulario-textbox-92-0,301,Moved Permanently,Usuarios 1-93,text,true,,391,285,835,835,http://demoqa.com/text-box,498,0,204
1729816167191,5882,Formulario-textbox-92-1,200,OK,Usuarios 1-93,text,true,,3436,116,835,835,https://demoqa.com/text-box,5882,0,4978
1729816166839,6254,Formulario-textbox-146,200,OK,Usuarios 1-146,text,true,,3827,397,832,832,https://demoqa.com/text-box,624,0,219
1729816166839,624,Formulario-textbox-146-0,301,Moved Permanently,Usuarios 1-146,text,true,,391,281,832,832,http://demoqa.com/text-box,624,0,219
1729816167463,5630,Formulario-textbox-146-1,200,OK,Usuarios 1-146,text,true,,3436,116,832,832,https://demoqa.com/text-box,5629,0,1303
1729816166685,6415,Formulario-textbox-87,200,OK,Usuarios 1-88,text,true,,3827,405,831,831,https://demoqa.com/text-box,479,0,211
1729816166685,479,Formulario-textbox-87-0,301,Moved Permanently,Usuarios 1-88,text,true,,391,289,831,831,http://demoqa.com/text-box,479,0,211
1729816167164,5936,Formulario-textbox-87-1,200,OK,Usuarios 1-88,text,true,,3436,116,831,831,https://demoqa.com/text-box,5936,0,4963
1729816166595,6509,Formulario-textbox-12,200,OK,Usuarios 1-15,text,true,,3827,397,830,830,https://demoqa.com/text-box,569,0,300
1729816166595,569,Formulario-textbox-12-0,301,Moved Permanently,Usuarios 1-15,text,true,,391,281,830,830,http://demoqa.com/text-box,569,0,300
1729816167164,5940,Formulario-textbox-12-1,200,OK,Usuarios 1-15,text,true,,3436,116,830,830,https://demoqa.com/text-box,5940,0,4963
1729816166925,6192,Formulario-textbox-174,200,OK,Usuarios 1-171,text,true,,3827,395,829,829,https://demoqa.com/text-box,670,0,271
1729816166680,6437,Formulario-textbox-84,200,OK,Usuarios 1-81,text,true,,3827,398,829,829,https://demoqa.com/text-box,672,0,286
1729816166762,6355,Formulario-textbox-115,200,OK,Usuarios 1-118,text,true,,3827,406,829,829,https://demoqa.com/text-box,591,0,239
1729816166680,672,Formulario-textbox-84-0,301,Moved Permanently,Usuarios 1-81,text,true,,391,282,829,829,http://demoqa.com/text-box,672,0,286
1729816166925,670,Formulario-textbox-174-0,301,Moved Permanently,Usuarios 1-171,text,true,,391,279,829,829,http://demoqa.com/text-box,670,0,271
1729816166762,591,Formulario-textbox-115-0,301,Moved Permanently,Usuarios 1-118,text,true,,391,290,829,829,http://demoqa.com/text-box,591,0,239
1729816167595,5522,Formulario-textbox-174-1,200,OK,Usuarios 1-171,text,true,,3436,116,829,829,https://demoqa.com/text-box,5522,0,4232
1729816167354,5763,Formulario-textbox-115-1,200,OK,Usuarios 1-118,text,true,,3436,116,829,829,https://demoqa.com/text-box,5763,0,4473
1729816167353,5764,Formulario-textbox-84-1,200,OK,Usuarios 1-81,text,true,,3436,116,829,829,https://demoqa.com/text-box,5764,0,4474
1729816168257,4881,Formulario-textbox-660,200,OK,Usuarios 1-660,text,true,,3827,397,826,826,https://demoqa.com/text-box,2335,0,679
1729816168257,2335,Formulario-textbox-660-0,301,Moved Permanently,Usuarios 1-660,text,true,,391,281,826,826,http://demoqa.com/text-box,2335,0,679
1729816170593,2545,Formulario-textbox-660-1,200,OK,Usuarios 1-660,text,true,,3436,116,826,826,https://demoqa.com/text-box,2545,0,1614
1729816167747,5443,Formulario-textbox-475,200,OK,Usuarios 1-471,text,true,,3827,408,825,825,https://demoqa.com/text-box,1186,0,386
1729816167747,1186,Formulario-textbox-475-0,301,Moved Permanently,Usuarios 1-471,text,true,,391,292,825,825,http://demoqa.com/text-box,1186,0,386
1729816168933,4257,Formulario-textbox-475-1,200,OK,Usuarios 1-471,text,true,,3436,116,825,825,https://demoqa.com/text-box,4257,0,3194
1729816166607,6589,Formulario-textbox-58,200,OK,Usuarios 1-58,text,true,,3827,400,824,824,https://demoqa.com/text-box,745,0,359
1729816166607,745,Formulario-textbox-58-0,301,Moved Permanently,Usuarios 1-58,text,true,,391,284,824,824,http://demoqa.com/text-box,745,0,359
1729816167353,5843,Formulario-textbox-58-1,200,OK,Usuarios 1-58,text,true,,3436,116,824,824,https://demoqa.com/text-box,5843,0,4520
1729816167385,5813,Formulario-textbox-345,200,OK,Usuarios 1-344,text,true,,3827,400,823,823,https://demoqa.com/text-box,587,0,289
1729816167385,587,Formulario-textbox-345-0,301,Moved Permanently,Usuarios 1-344,text,true,,391,284,823,823,http://demoqa.com/text-box,587,0,289
1729816167972,5226,Formulario-textbox-345-1,200,OK,Usuarios 1-344,text,true,,3436,116,823,823,https://demoqa.com/text-box,5226,0,4235
1729816166596,6602,Formulario-textbox-15,200,OK,Usuarios 1-13,text,true,,3827,401,823,823,https://demoqa.com/text-box,569,0,299
1729816167282,5916,Formulario-textbox-308,200,OK,Usuarios 1-307,text,true,,3827,389,823,823,https://demoqa.com/text-box,689,0,348
1729816166596,569,Formulario-textbox-15-0,301,Moved Permanently,Usuarios 1-13,text,true,,391,285,823,823,http://demoqa.com/text-box,569,0,299
1729816167282,689,Formulario-textbox-308-0,301,Moved Permanently,Usuarios 1-307,text,true,,391,273,823,823,http://demoqa.com/text-box,689,0,348
1729816167165,6033,Formulario-textbox-15-1,200,OK,Usuarios 1-13,text,true,,3436,116,823,823,https://demoqa.com/text-box,6033,0,5003
1729816167971,5227,Formulario-textbox-308-1,200,OK,Usuarios 1-307,text,true,,3436,116,823,823,https://demoqa.com/text-box,5227,0,4236
1729816167977,5222,Formulario-textbox-558,200,OK,Usuarios 1-559,text,true,,3827,404,820,820,https://demoqa.com/text-box,1631,0,485
1729816167977,1631,Formulario-textbox-558-0,301,Moved Permanently,Usuarios 1-559,text,true,,391,288,820,820,http://demoqa.com/text-box,1631,0,485
1729816169609,3590,Formulario-textbox-558-1,200,OK,Usuarios 1-559,text,true,,3436,116,820,820,https://demoqa.com/text-box,3590,0,2637
1729816166684,6516,Formulario-textbox-86,200,OK,Usuarios 1-83,text,true,,3827,404,819,819,https://demoqa.com/text-box,482,0,212
1729816166684,482,Formulario-textbox-86-0,301,Moved Permanently,Usuarios 1-83,text,true,,391,288,819,819,http://demoqa.com/text-box,482,0,212
1729816167167,6033,Formulario-textbox-86-1,200,OK,Usuarios 1-83,text,true,,3436,116,819,819,https://demoqa.com/text-box,6033,0,5001
1729816168290,4910,Formulario-textbox-670,200,OK,Usuarios 1-669,text,true,,3827,399,819,819,https://demoqa.com/text-box,2303,0,687
1729816168290,2303,Formulario-textbox-670-0,301,Moved Permanently,Usuarios 1-669,text,true,,391,283,819,819,http://demoqa.com/text-box,2303,0,687
1729816170593,2607,Formulario-textbox-670-1,200,OK,Usuarios 1-669,text,true,,3436,116,819,819,https://demoqa.com/text-box,2607,0,1654
1729816167133,6082,Formulario-textbox-251,200,OK,Usuarios 1-252,text,true,,3827,400,817,817,https://demoqa.com/text-box,659,0,381
1729816167133,659,Formulario-textbox-251-0,301,Moved Permanently,Usuarios 1-252,text,true,,391,284,817,817,http://demoqa.com/text-box,659,0,381
1729816167792,5423,Formulario-textbox-251-1,200,OK,Usuarios 1-252,text,true,,3436,116,817,817,https://demoqa.com/text-box,5423,0,4335
1729816167119,6098,Formulario-textbox-249,200,OK,Usuarios 1-245,text,true,,3827,403,816,816,https://demoqa.com/text-box,672,0,395
1729816167119,672,Formulario-textbox-249-0,301,Moved Permanently,Usuarios 1-245,text,true,,391,287,816,816,http://demoqa.com/text-box,672,0,395
1729816167791,5426,Formulario-textbox-249-1,200,OK,Usuarios 1-245,text,true,,3436,116,816,816,https://demoqa.com/text-box,5426,0,4377
1729816167168,6050,Formulario-textbox-266,200,OK,Usuarios 1-265,text,true,,3827,396,815,815,https://demoqa.com/text-box,623,0,348
1729816167168,623,Formulario-textbox-266-0,301,Moved Permanently,Usuarios 1-265,text,true,,391,280,815,815,http://demoqa.com/text-box,623,0,348
1729816167791,5427,Formulario-textbox-266-1,200,OK,Usuarios 1-265,text,true,,3436,116,815,815,https://demoqa.com/text-box,5427,0,4377
1729816166737,6482,Formulario-textbox-108,200,OK,Usuarios 1-108,text,true,,3827,405,814,814,https://demoqa.com/text-box,617,0,262
1729816166737,617,Formulario-textbox-108-0,301,Moved Permanently,Usuarios 1-108,text,true,,391,289,814,814,http://demoqa.com/text-box,617,0,262
1729816167355,5864,Formulario-textbox-108-1,200,OK,Usuarios 1-108,text,true,,3436,116,814,814,https://demoqa.com/text-box,5864,0,4519
1729816166689,6534,Formulario-textbox-90,200,OK,Usuarios 1-91,text,true,,3827,410,813,813,https://demoqa.com/text-box,663,0,277
1729816166689,663,Formulario-textbox-90-0,301,Moved Permanently,Usuarios 1-91,text,true,,391,294,813,813,http://demoqa.com/text-box,663,0,277
1729816167352,5871,Formulario-textbox-90-1,200,OK,Usuarios 1-91,text,true,,3436,116,813,813,https://demoqa.com/text-box,5871,0,4522
1729816167276,5952,Formulario-textbox-306,200,OK,Usuarios 1-305,text,true,,3827,408,812,812,https://demoqa.com/text-box,694,0,353
1729816167274,5954,Formulario-textbox-305,200,OK,Usuarios 1-306,text,true,,3827,400,812,812,https://demoqa.com/text-box,695,0,353
1729816167278,5950,Formulario-textbox-307,200,OK,Usuarios 1-308,text,true,,3827,406,812,812,https://demoqa.com/text-box,691,0,351
1729816167276,694,Formulario-textbox-306-0,301,Moved Permanently,Usuarios 1-305,text,true,,391,292,812,812,http://demoqa.com/text-box,694,0,353
1729816167274,695,Formulario-textbox-305-0,301,Moved Permanently,Usuarios 1-306,text,true,,391,284,812,812,http://demoqa.com/text-box,695,0,353
1729816167971,5257,Formulario-textbox-306-1,200,OK,Usuarios 1-305,text,true,,3436,116,812,812,https://demoqa.com/text-box,5257,0,4236
1729816167278,691,Formulario-textbox-307-0,301,Moved Permanently,Usuarios 1-308,text,true,,391,290,812,812,http://demoqa.com/text-box,691,0,351
1729816167969,5259,Formulario-textbox-305-1,200,OK,Usuarios 1-306,text,true,,3436,116,812,812,https://demoqa.com/text-box,5259,0,4239
1729816167970,5258,Formulario-textbox-307-1,200,OK,Usuarios 1-308,text,true,,3436,116,812,812,https://demoqa.com/text-box,5258,0,4238
1729816167295,5933,Formulario-textbox-313,200,OK,Usuarios 1-314,text,true,,3827,400,812,812,https://demoqa.com/text-box,675,0,335
1729816167295,675,Formulario-textbox-313-0,301,Moved Permanently,Usuarios 1-314,text,true,,391,284,812,812,http://demoqa.com/text-box,675,0,335
1729816167971,5257,Formulario-textbox-313-1,200,OK,Usuarios 1-314,text,true,,3436,116,812,812,https://demoqa.com/text-box,5257,0,4236
1729816166596,6634,Formulario-textbox-26,200,OK,Usuarios 1-26,text,true,,3827,396,808,808,https://demoqa.com/text-box,501,0,270
1729816166596,501,Formulario-textbox-26-0,301,Moved Permanently,Usuarios 1-26,text,true,,391,280,808,808,http://demoqa.com/text-box,501,0,270
1729816167100,6130,Formulario-textbox-26-1,200,OK,Usuarios 1-26,text,true,,3436,116,808,808,https://demoqa.com/text-box,6130,0,5068
1729816167332,5901,Formulario-textbox-326,200,OK,Usuarios 1-328,text,true,,3827,405,807,807,https://demoqa.com/text-box,637,0,298
1729816167332,637,Formulario-textbox-326-0,301,Moved Permanently,Usuarios 1-328,text,true,,391,289,807,807,http://demoqa.com/text-box,637,0,298
1729816167970,5263,Formulario-textbox-326-1,200,OK,Usuarios 1-328,text,true,,3436,116,807,807,https://demoqa.com/text-box,5263,0,4238
1729816167760,5479,Formulario-textbox-478,200,OK,Usuarios 1-480,text,true,,3827,396,806,806,https://demoqa.com/text-box,1174,0,413
1729816167760,1174,Formulario-textbox-478-0,301,Moved Permanently,Usuarios 1-480,text,true,,391,280,806,806,http://demoqa.com/text-box,1174,0,413
1729816168935,4304,Formulario-textbox-478-1,200,OK,Usuarios 1-480,text,true,,3436,116,806,806,https://demoqa.com/text-box,4304,0,3234
1729816167732,5507,Formulario-textbox-469,200,OK,Usuarios 1-467,text,true,,3827,403,805,805,https://demoqa.com/text-box,1201,0,399
1729816167775,5464,Formulario-textbox-484,200,OK,Usuarios 1-486,text,true,,3827,400,805,805,https://demoqa.com/text-box,1160,0,398
1729816167732,1201,Formulario-textbox-469-0,301,Moved Permanently,Usuarios 1-467,text,true,,391,287,805,805,http://demoqa.com/text-box,1201,0,399
1729816167775,1160,Formulario-textbox-484-0,301,Moved Permanently,Usuarios 1-486,text,true,,391,284,805,805,http://demoqa.com/text-box,1160,0,398
1729816168933,4306,Formulario-textbox-469-1,200,OK,Usuarios 1-467,text,true,,3436,116,805,805,https://demoqa.com/text-box,4306,0,3237
1729816168935,4304,Formulario-textbox-484-1,200,OK,Usuarios 1-486,text,true,,3436,116,805,805,https://demoqa.com/text-box,4304,0,3235
1729816167760,5482,Formulario-textbox-477,200,OK,Usuarios 1-478,text,true,,3827,401,803,803,https://demoqa.com/text-box,1174,0,413
1729816167760,1174,Formulario-textbox-477-0,301,Moved Permanently,Usuarios 1-478,text,true,,391,285,803,803,http://demoqa.com/text-box,1174,0,413
1729816168935,4307,Formulario-textbox-477-1,200,OK,Usuarios 1-478,text,true,,3436,116,803,803,https://demoqa.com/text-box,4307,0,3235
1729816167730,5534,Formulario-textbox-468,200,OK,Usuarios 1-470,text,true,,3827,398,802,802,https://demoqa.com/text-box,1203,0,402
1729816167730,1203,Formulario-textbox-468-0,301,Moved Permanently,Usuarios 1-470,text,true,,391,282,802,802,http://demoqa.com/text-box,1203,0,402
1729816168933,4331,Formulario-textbox-468-1,200,OK,Usuarios 1-470,text,true,,3436,116,802,802,https://demoqa.com/text-box,4331,0,3237
1729816168279,4992,Formulario-textbox-666,200,OK,Usuarios 1-667,text,true,,3827,409,801,801,https://demoqa.com/text-box,2367,0,700
1729816168279,2367,Formulario-textbox-666-0,301,Moved Permanently,Usuarios 1-667,text,true,,391,293,801,801,http://demoqa.com/text-box,2367,0,700
1729816170646,2625,Formulario-textbox-666-1,200,OK,Usuarios 1-667,text,true,,3436,116,801,801,https://demoqa.com/text-box,2625,0,1645
1729816167194,6098,Formulario-textbox-276,200,OK,Usuarios 1-273,text,true,,3827,400,800,800,https://demoqa.com/text-box,656,0,364
1729816167194,656,Formulario-textbox-276-0,301,Moved Permanently,Usuarios 1-273,text,true,,391,284,800,800,http://demoqa.com/text-box,656,0,364
1729816167850,5442,Formulario-textbox-276-1,200,OK,Usuarios 1-273,text,true,,3436,116,800,800,https://demoqa.com/text-box,5442,0,4357
1729816167148,6171,Formulario-textbox-259,200,OK,Usuarios 1-256,text,true,,3827,408,799,799,https://demoqa.com/text-box,643,0,366
1729816167185,6134,Formulario-textbox-273,200,OK,Usuarios 1-274,text,true,,3827,407,799,799,https://demoqa.com/text-box,607,0,331
1729816167148,643,Formulario-textbox-259-0,301,Moved Permanently,Usuarios 1-256,text,true,,391,292,799,799,http://demoqa.com/text-box,643,0,366
1729816167185,607,Formulario-textbox-273-0,301,Moved Permanently,Usuarios 1-274,text,true,,391,291,799,799,http://demoqa.com/text-box,607,0,331
1729816167792,5527,Formulario-textbox-259-1,200,OK,Usuarios 1-256,text,true,,3436,116,799,799,https://demoqa.com/text-box,5527,0,4415
1729816167793,5526,Formulario-textbox-273-1,200,OK,Usuarios 1-274,text,true,,3436,116,799,799,https://demoqa.com/text-box,5526,0,4414
1729816166597,6725,Formulario-textbox-49,200,OK,Usuarios 1-47,text,true,,3827,405,797,797,https://demoqa.com/text-box,594,0,298
1729816166597,594,Formulario-textbox-49-0,301,Moved Permanently,Usuarios 1-47,text,true,,391,289,797,797,http://demoqa.com/text-box,594,0,298
1729816167191,6131,Formulario-textbox-49-1,200,OK,Usuarios 1-47,text,true,,3436,116,797,797,https://demoqa.com/text-box,6131,0,4895
1729816167185,6144,Formulario-textbox-272,200,OK,Usuarios 1-275,text,true,,3827,404,796,796,https://demoqa.com/text-box,607,0,331
1729816167185,607,Formulario-textbox-272-0,301,Moved Permanently,Usuarios 1-275,text,true,,391,288,796,796,http://demoqa.com/text-box,607,0,331
1729816167792,5537,Formulario-textbox-272-1,200,OK,Usuarios 1-275,text,true,,3436,116,796,796,https://demoqa.com/text-box,5537,0,4417
1729816168275,5055,Formulario-textbox-664,200,OK,Usuarios 1-666,text,true,,3827,397,795,795,https://demoqa.com/text-box,2370,0,704
1729816168275,2370,Formulario-textbox-664-0,301,Moved Permanently,Usuarios 1-666,text,true,,391,281,795,795,http://demoqa.com/text-box,2370,0,704
1729816170645,2685,Formulario-textbox-664-1,200,OK,Usuarios 1-666,text,true,,3436,116,795,795,https://demoqa.com/text-box,2685,0,1687
1729816166826,6505,Formulario-textbox-140,200,OK,Usuarios 1-141,text,true,,3827,394,794,794,https://demoqa.com/text-box,633,0,231
1729816166826,633,Formulario-textbox-140-0,301,Moved Permanently,Usuarios 1-141,text,true,,391,278,794,794,http://demoqa.com/text-box,633,0,231
1729816167460,5871,Formulario-textbox-140-1,200,OK,Usuarios 1-141,text,true,,3436,116,794,794,https://demoqa.com/text-box,5870,0,4305
1729816166801,6530,Formulario-textbox-128,200,OK,Usuarios 1-130,text,true,,3827,401,793,793,https://demoqa.com/text-box,602,0,244
1729816166801,602,Formulario-textbox-128-0,301,Moved Permanently,Usuarios 1-130,text,true,,391,285,793,793,http://demoqa.com/text-box,602,0,244
1729816167403,5928,Formulario-textbox-128-1,200,OK,Usuarios 1-130,text,true,,3436,116,793,793,https://demoqa.com/text-box,5928,0,4402
1729816166827,6504,Formulario-textbox-141,200,OK,Usuarios 1-139,text,true,,3827,398,793,793,https://demoqa.com/text-box,577,0,230
1729816166827,577,Formulario-textbox-141-0,301,Moved Permanently,Usuarios 1-139,text,true,,391,282,793,793,http://demoqa.com/text-box,577,0,230
1729816167404,5927,Formulario-textbox-141-1,200,OK,Usuarios 1-139,text,true,,3436,116,793,793,https://demoqa.com/text-box,5927,0,4401
1729816166853,6478,Formulario-textbox-149,200,OK,Usuarios 1-148,text,true,,3827,403,791,791,https://demoqa.com/text-box,610,0,206
1729816166836,6495,Formulario-textbox-143,200,OK,Usuarios 1-145,text,true,,3827,403,791,791,https://demoqa.com/text-box,567,0,221
1729816166853,610,Formulario-textbox-149-0,301,Moved Permanently,Usuarios 1-148,text,true,,391,287,791,791,http://demoqa.com/text-box,610,0,206
1729816167463,5868,Formulario-textbox-149-1,200,OK,Usuarios 1-148,text,true,,3436,116,791,791,https://demoqa.com/text-box,5868,0,4342
1729816166836,567,Formulario-textbox-143-0,301,Moved Permanently,Usuarios 1-145,text,true,,391,287,791,791,http://demoqa.com/text-box,567,0,221
1729816166719,6612,Formulario-textbox-100,200,OK,Usuarios 1-100,text,true,,3827,400,791,791,https://demoqa.com/text-box,681,0,280
1729816167404,5927,Formulario-textbox-143-1,200,OK,Usuarios 1-145,text,true,,3436,116,791,791,https://demoqa.com/text-box,5927,0,4401
1729816166719,681,Formulario-textbox-100-0,301,Moved Permanently,Usuarios 1-100,text,true,,391,284,791,791,http://demoqa.com/text-box,681,0,280
1729816167400,5931,Formulario-textbox-100-1,200,OK,Usuarios 1-100,text,true,,3436,116,791,791,https://demoqa.com/text-box,5931,0,4405
1729816166595,6757,Formulario-textbox-27,200,OK,Usuarios 1-24,text,true,,3827,397,788,788,https://demoqa.com/text-box,685,0,370
1729816166596,6756,Formulario-textbox-16,200,OK,Usuarios 1-10,text,true,,3827,398,788,788,https://demoqa.com/text-box,682,0,368
1729816166595,685,Formulario-textbox-27-0,301,Moved Permanently,Usuarios 1-24,text,true,,391,281,788,788,http://demoqa.com/text-box,685,0,370
1729816166596,682,Formulario-textbox-16-0,301,Moved Permanently,Usuarios 1-10,text,true,,391,282,788,788,http://demoqa.com/text-box,682,0,368
1729816167279,6073,Formulario-textbox-16-1,200,OK,Usuarios 1-10,text,true,,3436,116,788,788,https://demoqa.com/text-box,6073,0,4808
1729816167280,6072,Formulario-textbox-27-1,200,OK,Usuarios 1-24,text,true,,3436,116,788,788,https://demoqa.com/text-box,6072,0,4807
1729816167307,6049,Formulario-textbox-316,200,OK,Usuarios 1-317,text,true,,3827,403,786,786,https://demoqa.com/text-box,582,0,290
1729816167307,582,Formulario-textbox-316-0,301,Moved Permanently,Usuarios 1-317,text,true,,391,287,786,786,http://demoqa.com/text-box,582,0,290
1729816167889,5467,Formulario-textbox-316-1,200,OK,Usuarios 1-317,text,true,,3436,116,786,786,https://demoqa.com/text-box,5467,0,4357
1729816167294,6064,Formulario-textbox-312,200,OK,Usuarios 1-311,text,true,,3827,397,785,785,https://demoqa.com/text-box,595,0,303
1729816167255,6103,Formulario-textbox-298,200,OK,Usuarios 1-293,text,true,,3827,405,785,785,https://demoqa.com/text-box,633,0,339
1729816167294,595,Formulario-textbox-312-0,301,Moved Permanently,Usuarios 1-311,text,true,,391,281,785,785,http://demoqa.com/text-box,595,0,303
1729816167244,6114,Formulario-textbox-289,200,OK,Usuarios 1-291,text,true,,3827,403,785,785,https://demoqa.com/text-box,644,0,350
1729816167255,633,Formulario-textbox-298-0,301,Moved Permanently,Usuarios 1-293,text,true,,391,289,785,785,http://demoqa.com/text-box,633,0,339
1729816167889,5469,Formulario-textbox-312-1,200,OK,Usuarios 1-311,text,true,,3436,116,785,785,https://demoqa.com/text-box,5469,0,4358
1729816167888,5470,Formulario-textbox-298-1,200,OK,Usuarios 1-293,text,true,,3436,116,785,785,https://demoqa.com/text-box,5470,0,4359
1729816167244,644,Formulario-textbox-289-0,301,Moved Permanently,Usuarios 1-291,text,true,,391,287,785,785,http://demoqa.com/text-box,644,0,350
1729816167888,5470,Formulario-textbox-289-1,200,OK,Usuarios 1-291,text,true,,3436,116,785,785,https://demoqa.com/text-box,5470,0,4359
1729816167795,5577,Formulario-textbox-493,200,OK,Usuarios 1-493,text,true,,3827,399,782,782,https://demoqa.com/text-box,1140,0,380
1729816167795,1140,Formulario-textbox-493-0,301,Moved Permanently,Usuarios 1-493,text,true,,391,283,782,782,http://demoqa.com/text-box,1140,0,380
1729816168935,4437,Formulario-textbox-493-1,200,OK,Usuarios 1-493,text,true,,3436,116,782,782,https://demoqa.com/text-box,4437,0,3309
1729816166702,6683,Formulario-textbox-94,200,OK,Usuarios 1-96,text,true,,3827,394,781,781,https://demoqa.com/text-box,575,0,263
1729816166702,575,Formulario-textbox-94-0,301,Moved Permanently,Usuarios 1-96,text,true,,391,278,781,781,http://demoqa.com/text-box,575,0,263
1729816166596,6789,Formulario-textbox-54,200,OK,Usuarios 1-50,text,true,,3827,406,781,781,https://demoqa.com/text-box,679,0,368
1729816167278,6107,Formulario-textbox-94-1,200,OK,Usuarios 1-96,text,true,,3436,116,781,781,https://demoqa.com/text-box,6107,0,1316
1729816166596,679,Formulario-textbox-54-0,301,Moved Permanently,Usuarios 1-50,text,true,,391,290,781,781,http://demoqa.com/text-box,679,0,368
1729816167276,6109,Formulario-textbox-54-1,200,OK,Usuarios 1-50,text,true,,3436,116,781,781,https://demoqa.com/text-box,6109,0,1321
1729816167235,6158,Formulario-textbox-286,200,OK,Usuarios 1-286,text,true,,3827,401,779,779,https://demoqa.com/text-box,654,0,360
1729816167235,654,Formulario-textbox-286-0,301,Moved Permanently,Usuarios 1-286,text,true,,391,285,779,779,http://demoqa.com/text-box,654,0,360
1729816167890,5503,Formulario-textbox-286-1,200,OK,Usuarios 1-286,text,true,,3436,116,779,779,https://demoqa.com/text-box,5502,0,4398
1729816168570,4830,Formulario-textbox-772,200,OK,Usuarios 1-773,text,true,,3827,393,778,778,https://demoqa.com/text-box,2422,0,1284
1729816168570,2422,Formulario-textbox-772-0,301,Moved Permanently,Usuarios 1-773,text,true,,391,277,778,778,http://demoqa.com/text-box,2422,0,1284
1729816170993,2407,Formulario-textbox-772-1,200,OK,Usuarios 1-773,text,true,,3436,116,778,778,https://demoqa.com/text-box,2407,0,1675
1729816167544,5857,Formulario-textbox-402,200,OK,Usuarios 1-401,text,true,,3827,400,777,777,https://demoqa.com/text-box,678,0,310
1729816167544,678,Formulario-textbox-402-0,301,Moved Permanently,Usuarios 1-401,text,true,,391,284,777,777,http://demoqa.com/text-box,678,0,310
1729816168222,5179,Formulario-textbox-402-1,200,OK,Usuarios 1-401,text,true,,3436,116,777,777,https://demoqa.com/text-box,5179,0,4447
1729816167466,5935,Formulario-textbox-374,200,OK,Usuarios 1-370,text,true,,3827,403,777,777,https://demoqa.com/text-box,752,0,326
1729816167466,752,Formulario-textbox-374-0,301,Moved Permanently,Usuarios 1-370,text,true,,391,287,777,777,http://demoqa.com/text-box,752,0,326
1729816168218,5183,Formulario-textbox-374-1,200,OK,Usuarios 1-370,text,true,,3436,116,777,777,https://demoqa.com/text-box,5183,0,4451
1729816168187,5214,Formulario-textbox-633,200,OK,Usuarios 1-633,text,true,,3827,400,775,775,https://demoqa.com/text-box,2915,0,538
1729816168187,2915,Formulario-textbox-633-0,301,Moved Permanently,Usuarios 1-633,text,true,,391,284,775,775,http://demoqa.com/text-box,2915,0,538
1729816171103,2298,Formulario-textbox-633-1,200,OK,Usuarios 1-633,text,true,,3436,116,775,775,https://demoqa.com/text-box,2298,0,1567
1729816167786,5623,Formulario-textbox-489,200,OK,Usuarios 1-488,text,true,,3827,408,774,774,https://demoqa.com/text-box,1148,0,389
1729816167786,1148,Formulario-textbox-489-0,301,Moved Permanently,Usuarios 1-488,text,true,,391,292,774,774,http://demoqa.com/text-box,1148,0,389
1729816168934,4475,Formulario-textbox-489-1,200,OK,Usuarios 1-488,text,true,,3436,116,774,774,https://demoqa.com/text-box,4475,0,3313
1729816166820,6599,Formulario-textbox-137,200,OK,Usuarios 1-137,text,true,,3827,401,773,773,https://demoqa.com/text-box,640,0,237
1729816166820,640,Formulario-textbox-137-0,301,Moved Permanently,Usuarios 1-137,text,true,,391,285,773,773,http://demoqa.com/text-box,640,0,237
1729816167460,5959,Formulario-textbox-137-1,200,OK,Usuarios 1-137,text,true,,3436,116,773,773,https://demoqa.com/text-box,5959,0,1136
1729816166784,6636,Formulario-textbox-123,200,OK,Usuarios 1-119,text,true,,3827,401,772,772,https://demoqa.com/text-box,618,0,247
1729816166784,618,Formulario-textbox-123-0,301,Moved Permanently,Usuarios 1-119,text,true,,391,285,772,772,http://demoqa.com/text-box,618,0,247
1729816167402,6018,Formulario-textbox-123-1,200,OK,Usuarios 1-119,text,true,,3436,116,772,772,https://demoqa.com/text-box,6018,0,1192
1729816168563,4858,Formulario-textbox-769,200,OK,Usuarios 1-765,text,true,,3827,404,771,771,https://demoqa.com/text-box,2428,0,1291
1729816168563,2428,Formulario-textbox-769-0,301,Moved Permanently,Usuarios 1-765,text,true,,391,288,771,771,http://demoqa.com/text-box,2428,0,1291
1729816170991,2430,Formulario-textbox-769-1,200,OK,Usuarios 1-765,text,true,,3436,116,771,771,https://demoqa.com/text-box,2430,0,1677
1729816167457,5965,Formulario-textbox-369,200,OK,Usuarios 1-371,text,true,,3827,398,770,770,https://demoqa.com/text-box,716,0,299
1729816167457,716,Formulario-textbox-369-0,301,Moved Permanently,Usuarios 1-371,text,true,,391,282,770,770,http://demoqa.com/text-box,716,0,299
1729816168174,5248,Formulario-textbox-369-1,200,OK,Usuarios 1-371,text,true,,3436,116,770,770,https://demoqa.com/text-box,5248,0,4494
1729816167208,6214,Formulario-textbox-282,200,OK,Usuarios 1-284,text,true,,3827,400,769,769,https://demoqa.com/text-box,680,0,386
1729816167208,680,Formulario-textbox-282-0,301,Moved Permanently,Usuarios 1-284,text,true,,391,284,769,769,http://demoqa.com/text-box,680,0,386
1729816167889,5533,Formulario-textbox-282-1,200,OK,Usuarios 1-284,text,true,,3436,116,769,769,https://demoqa.com/text-box,5533,0,4399
1729816167236,6186,Formulario-textbox-287,200,OK,Usuarios 1-287,text,true,,3827,408,769,769,https://demoqa.com/text-box,652,0,358
1729816167236,652,Formulario-textbox-287-0,301,Moved Permanently,Usuarios 1-287,text,true,,391,292,769,769,http://demoqa.com/text-box,652,0,358
1729816167890,5532,Formulario-textbox-287-1,200,OK,Usuarios 1-287,text,true,,3436,116,769,769,https://demoqa.com/text-box,5532,0,4398
1729816167175,6247,Formulario-textbox-268,200,OK,Usuarios 1-271,text,true,,3827,405,769,769,https://demoqa.com/text-box,713,0,381
1729816167175,713,Formulario-textbox-268-0,301,Moved Permanently,Usuarios 1-271,text,true,,391,289,769,769,http://demoqa.com/text-box,713,0,381
1729816167889,5533,Formulario-textbox-268-1,200,OK,Usuarios 1-271,text,true,,3436,116,769,769,https://demoqa.com/text-box,5533,0,4399
1729816167193,6232,Formulario-textbox-275,200,OK,Usuarios 1-276,text,true,,3827,395,766,766,https://demoqa.com/text-box,694,0,366
1729816167193,694,Formulario-textbox-275-0,301,Moved Permanently,Usuarios 1-276,text,true,,391,279,766,766,http://demoqa.com/text-box,694,0,366
1729816167888,5537,Formulario-textbox-275-1,200,OK,Usuarios 1-276,text,true,,3436,116,766,766,https://demoqa.com/text-box,5537,0,4400
1729816167246,6179,Formulario-textbox-291,200,OK,Usuarios 1-290,text,true,,3827,400,766,766,https://demoqa.com/text-box,643,0,349
1729816167246,643,Formulario-textbox-291-0,301,Moved Permanently,Usuarios 1-290,text,true,,391,284,766,766,http://demoqa.com/text-box,643,0,349
1729816167889,5536,Formulario-textbox-291-1,200,OK,Usuarios 1-290,text,true,,3436,116,766,766,https://demoqa.com/text-box,5536,0,4399
1729816167483,5966,Formulario-textbox-381,200,OK,Usuarios 1-381,text,true,,3827,397,764,764,https://demoqa.com/text-box,690,0,280
1729816167483,690,Formulario-textbox-381-0,301,Moved Permanently,Usuarios 1-381,text,true,,391,281,764,764,http://demoqa.com/text-box,690,0,280
1729816168174,5275,Formulario-textbox-381-1,200,OK,Usuarios 1-381,text,true,,3436,116,764,764,https://demoqa.com/text-box,5275,0,4494
1729816167515,5935,Formulario-textbox-388,200,OK,Usuarios 1-390,text,true,,3827,403,763,763,https://demoqa.com/text-box,662,0,278
1729816167515,662,Formulario-textbox-388-0,301,Moved Permanently,Usuarios 1-390,text,true,,391,287,763,763,http://demoqa.com/text-box,662,0,278
1729816168178,5272,Formulario-textbox-388-1,200,OK,Usuarios 1-390,text,true,,3436,116,763,763,https://demoqa.com/text-box,5272,0,4490
1729816168570,4880,Formulario-textbox-773,200,OK,Usuarios 1-774,text,true,,3827,396,762,762,https://demoqa.com/text-box,2422,0,1284
1729816168581,4869,Formulario-textbox-775,200,OK,Usuarios 1-775,text,true,,3827,406,762,762,https://demoqa.com/text-box,2410,0,1274
1729816168570,2422,Formulario-textbox-773-0,301,Moved Permanently,Usuarios 1-774,text,true,,391,280,762,762,http://demoqa.com/text-box,2422,0,1284
1729816168581,2410,Formulario-textbox-775-0,301,Moved Permanently,Usuarios 1-775,text,true,,391,290,762,762,http://demoqa.com/text-box,2410,0,1274
1729816170992,2458,Formulario-textbox-773-1,200,OK,Usuarios 1-774,text,true,,3436,116,762,762,https://demoqa.com/text-box,2458,0,1716
1729816170991,2459,Formulario-textbox-775-1,200,OK,Usuarios 1-775,text,true,,3436,116,762,762,https://demoqa.com/text-box,2459,0,1717
1729816167491,5959,Formulario-textbox-382,200,OK,Usuarios 1-383,text,true,,3827,395,760,760,https://demoqa.com/text-box,685,0,298
1729816167491,685,Formulario-textbox-382-0,301,Moved Permanently,Usuarios 1-383,text,true,,391,279,760,760,http://demoqa.com/text-box,685,0,298
1729816168177,5273,Formulario-textbox-382-1,200,OK,Usuarios 1-383,text,true,,3436,116,760,760,https://demoqa.com/text-box,5273,0,4491
1729816168601,4850,Formulario-textbox-782,200,OK,Usuarios 1-784,text,true,,3827,413,759,759,https://demoqa.com/text-box,2527,0,1408
1729816168601,2527,Formulario-textbox-782-0,301,Moved Permanently,Usuarios 1-784,text,true,,391,297,759,759,http://demoqa.com/text-box,2527,0,1408
1729816171129,2322,Formulario-textbox-782-1,200,OK,Usuarios 1-784,text,true,,3436,116,759,759,https://demoqa.com/text-box,2322,0,1609
1729816167246,6206,Formulario-textbox-292,200,OK,Usuarios 1-295,text,true,,3827,394,758,758,https://demoqa.com/text-box,695,0,350
1729816167035,6417,Formulario-textbox-217,200,OK,Usuarios 1-220,text,true,,3827,411,758,758,https://demoqa.com/text-box,664,0,366
1729816167246,695,Formulario-textbox-292-0,301,Moved Permanently,Usuarios 1-295,text,true,,391,278,758,758,http://demoqa.com/text-box,695,0,350
1729816167035,664,Formulario-textbox-217-0,301,Moved Permanently,Usuarios 1-220,text,true,,391,295,758,758,http://demoqa.com/text-box,664,0,366
1729816167941,5511,Formulario-textbox-292-1,200,OK,Usuarios 1-295,text,true,,3436,116,758,758,https://demoqa.com/text-box,5511,0,1379
1729816167700,5752,Formulario-textbox-217-1,200,OK,Usuarios 1-220,text,true,,3436,116,758,758,https://demoqa.com/text-box,5752,0,1148
1729816166595,6857,Formulario-textbox-21,200,OK,Usuarios 1-22,text,true,,3827,401,758,758,https://demoqa.com/text-box,569,0,299
1729816166595,569,Formulario-textbox-21-0,301,Moved Permanently,Usuarios 1-22,text,true,,391,285,758,758,http://demoqa.com/text-box,569,0,299
1729816167165,6287,Formulario-textbox-21-1,200,OK,Usuarios 1-22,text,true,,3436,116,758,758,https://demoqa.com/text-box,6287,0,1430
1729816166596,6856,Formulario-textbox-47,200,OK,Usuarios 1-49,text,true,,3827,399,755,755,https://demoqa.com/text-box,501,0,279
1729816166596,501,Formulario-textbox-47-0,301,Moved Permanently,Usuarios 1-49,text,true,,391,283,755,755,http://demoqa.com/text-box,501,0,279
1729816167099,6353,Formulario-textbox-47-1,200,OK,Usuarios 1-49,text,true,,3436,116,755,755,https://demoqa.com/text-box,6353,0,1495
1729816167745,5733,Formulario-textbox-474,200,OK,Usuarios 1-476,text,true,,3827,418,754,754,https://demoqa.com/text-box,1188,0,388
1729816167745,1188,Formulario-textbox-474-0,301,Moved Permanently,Usuarios 1-476,text,true,,391,302,754,754,http://demoqa.com/text-box,1188,0,388
1729816168933,4545,Formulario-textbox-474-1,200,OK,Usuarios 1-476,text,true,,3436,116,754,754,https://demoqa.com/text-box,4545,0,3355
1729816168607,4881,Formulario-textbox-785,200,OK,Usuarios 1-787,text,true,,3827,397,753,753,https://demoqa.com/text-box,2495,0,1402
1729816168607,2495,Formulario-textbox-785-0,301,Moved Permanently,Usuarios 1-787,text,true,,391,281,753,753,http://demoqa.com/text-box,2495,0,1402
1729816171102,2386,Formulario-textbox-785-1,200,OK,Usuarios 1-787,text,true,,3436,116,753,753,https://demoqa.com/text-box,2386,0,1656
1729816167417,6081,Formulario-textbox-356,200,OK,Usuarios 1-358,text,true,,3827,413,752,752,https://demoqa.com/text-box,646,0,284
1729816167417,646,Formulario-textbox-356-0,301,Moved Permanently,Usuarios 1-358,text,true,,391,297,752,752,http://demoqa.com/text-box,646,0,284
1729816168063,5435,Formulario-textbox-356-1,200,OK,Usuarios 1-358,text,true,,3436,116,752,752,https://demoqa.com/text-box,5435,0,4270
1729816168656,4867,Formulario-textbox-802,200,OK,Usuarios 1-800,text,true,,3827,401,751,751,https://demoqa.com/text-box,2496,0,1413
1729816168656,2496,Formulario-textbox-802-0,301,Moved Permanently,Usuarios 1-800,text,true,,391,285,751,751,http://demoqa.com/text-box,2496,0,1413
1729816171153,2370,Formulario-textbox-802-1,200,OK,Usuarios 1-800,text,true,,3436,116,751,751,https://demoqa.com/text-box,2370,0,1630
1729816167743,5787,Formulario-textbox-472,200,OK,Usuarios 1-475,text,true,,3827,390,750,750,https://demoqa.com/text-box,1192,0,388
1729816167743,1192,Formulario-textbox-472-0,301,Moved Permanently,Usuarios 1-475,text,true,,391,274,750,750,http://demoqa.com/text-box,1192,0,388
1729816168935,4595,Formulario-textbox-472-1,200,OK,Usuarios 1-475,text,true,,3436,116,750,750,https://demoqa.com/text-box,4595,0,3396
1729816167808,5723,Formulario-textbox-498,200,OK,Usuarios 1-498,text,true,,3827,402,749,749,https://demoqa.com/text-box,1127,0,367
1729816167808,1127,Formulario-textbox-498-0,301,Moved Permanently,Usuarios 1-498,text,true,,391,286,749,749,http://demoqa.com/text-box,1127,0,367
1729816168935,4596,Formulario-textbox-498-1,200,OK,Usuarios 1-498,text,true,,3436,116,749,749,https://demoqa.com/text-box,4596,0,3397
1729816168554,4990,Formulario-textbox-767,200,OK,Usuarios 1-769,text,true,,3827,396,748,748,https://demoqa.com/text-box,2437,0,1299
1729816168554,2437,Formulario-textbox-767-0,301,Moved Permanently,Usuarios 1-769,text,true,,391,280,748,748,http://demoqa.com/text-box,2437,0,1299
1729816170991,2553,Formulario-textbox-767-1,200,OK,Usuarios 1-769,text,true,,3436,116,748,748,https://demoqa.com/text-box,2553,0,1637
1729816168586,4963,Formulario-textbox-779,200,OK,Usuarios 1-780,text,true,,3827,402,747,747,https://demoqa.com/text-box,2385,0,1269
1729816168586,2385,Formulario-textbox-779-0,301,Moved Permanently,Usuarios 1-780,text,true,,391,286,747,747,http://demoqa.com/text-box,2385,0,1269
1729816170971,2578,Formulario-textbox-779-1,200,OK,Usuarios 1-780,text,true,,3436,116,747,747,https://demoqa.com/text-box,2578,0,1657
1729816167466,6086,Formulario-textbox-373,200,OK,Usuarios 1-375,text,true,,3827,401,746,746,https://demoqa.com/text-box,710,0,323
1729816167466,710,Formulario-textbox-373-0,301,Moved Permanently,Usuarios 1-375,text,true,,391,285,746,746,http://demoqa.com/text-box,710,0,323
1729816168177,5375,Formulario-textbox-373-1,200,OK,Usuarios 1-375,text,true,,3436,116,746,746,https://demoqa.com/text-box,5375,0,4451
1729816168553,5002,Formulario-textbox-766,200,OK,Usuarios 1-767,text,true,,3827,403,745,745,https://demoqa.com/text-box,2389,0,1243
1729816168553,2389,Formulario-textbox-766-0,301,Moved Permanently,Usuarios 1-767,text,true,,391,287,745,745,http://demoqa.com/text-box,2389,0,1243
1729816168556,4999,Formulario-textbox-768,200,OK,Usuarios 1-766,text,true,,3827,398,745,745,https://demoqa.com/text-box,2386,0,1240
1729816170942,2613,Formulario-textbox-766-1,200,OK,Usuarios 1-767,text,true,,3436,116,745,745,https://demoqa.com/text-box,2613,0,1684
1729816168556,2386,Formulario-textbox-768-0,301,Moved Permanently,Usuarios 1-766,text,true,,391,282,745,745,http://demoqa.com/text-box,2386,0,1240
1729816170942,2613,Formulario-textbox-768-1,200,OK,Usuarios 1-766,text,true,,3436,116,745,745,https://demoqa.com/text-box,2613,0,1685
1729816168614,4948,Formulario-textbox-788,200,OK,Usuarios 1-788,text,true,,3827,402,743,743,https://demoqa.com/text-box,2514,0,1395
1729816166978,6584,Formulario-textbox-195,200,OK,Usuarios 1-198,text,true,,3827,409,743,743,https://demoqa.com/text-box,619,0,298
1729816168614,2514,Formulario-textbox-788-0,301,Moved Permanently,Usuarios 1-788,text,true,,391,286,743,743,http://demoqa.com/text-box,2514,0,1395
1729816166978,619,Formulario-textbox-195-0,301,Moved Permanently,Usuarios 1-198,text,true,,391,293,743,743,http://demoqa.com/text-box,619,0,298
1729816171129,2433,Formulario-textbox-788-1,200,OK,Usuarios 1-788,text,true,,3436,116,743,743,https://demoqa.com/text-box,2433,0,1688
1729816167597,5965,Formulario-textbox-195-1,200,OK,Usuarios 1-198,text,true,,3436,116,743,743,https://demoqa.com/text-box,5965,0,1086
1729816166595,6969,Formulario-textbox-53,200,OK,Usuarios 1-56,text,true,,3827,406,741,741,https://demoqa.com/text-box,570,0,300
1729816166595,570,Formulario-textbox-53-0,301,Moved Permanently,Usuarios 1-56,text,true,,391,290,741,741,http://demoqa.com/text-box,570,0,300
1729816167165,6399,Formulario-textbox-53-1,200,OK,Usuarios 1-56,text,true,,3436,116,741,741,https://demoqa.com/text-box,6399,0,1431
1729816167716,5850,Formulario-textbox-465,200,OK,Usuarios 1-460,text,true,,3827,388,740,740,https://demoqa.com/text-box,1175,0,415
1729816167716,1175,Formulario-textbox-465-0,301,Moved Permanently,Usuarios 1-460,text,true,,391,272,740,740,http://demoqa.com/text-box,1175,0,415
1729816168892,4674,Formulario-textbox-465-1,200,OK,Usuarios 1-460,text,true,,3436,116,740,740,https://demoqa.com/text-box,4674,0,3777
1729816167711,5860,Formulario-textbox-461,200,OK,Usuarios 1-462,text,true,,3827,397,739,739,https://demoqa.com/text-box,1138,0,352
1729816167711,1139,Formulario-textbox-461-0,301,Moved Permanently,Usuarios 1-462,text,true,,391,281,739,739,http://demoqa.com/text-box,1138,0,352
1729816168850,4721,Formulario-textbox-461-1,200,OK,Usuarios 1-462,text,true,,3436,116,739,739,https://demoqa.com/text-box,4721,0,3820
1729816167716,5858,Formulario-textbox-464,200,OK,Usuarios 1-465,text,true,,3827,406,738,738,https://demoqa.com/text-box,1132,0,347
1729816167716,1132,Formulario-textbox-464-0,301,Moved Permanently,Usuarios 1-465,text,true,,391,290,738,738,http://demoqa.com/text-box,1132,0,347
1729816167663,5911,Formulario-textbox-445,200,OK,Usuarios 1-446,text,true,,3827,406,738,738,https://demoqa.com/text-box,1183,0,315
1729816168849,4725,Formulario-textbox-464-1,200,OK,Usuarios 1-465,text,true,,3436,116,738,738,https://demoqa.com/text-box,4725,0,3819
1729816167663,1183,Formulario-textbox-445-0,301,Moved Permanently,Usuarios 1-446,text,true,,391,290,738,738,http://demoqa.com/text-box,1183,0,315
1729816168847,4727,Formulario-textbox-445-1,200,OK,Usuarios 1-446,text,true,,3436,116,738,738,https://demoqa.com/text-box,4727,0,3821
1729816168640,4954,Formulario-textbox-797,200,OK,Usuarios 1-797,text,true,,3827,403,736,736,https://demoqa.com/text-box,2511,0,1427
1729816168640,2511,Formulario-textbox-797-0,301,Moved Permanently,Usuarios 1-797,text,true,,391,287,736,736,http://demoqa.com/text-box,2511,0,1427
1729816171152,2442,Formulario-textbox-797-1,200,OK,Usuarios 1-797,text,true,,3436,116,736,736,https://demoqa.com/text-box,2442,0,1680
1729816168645,4949,Formulario-textbox-799,200,OK,Usuarios 1-798,text,true,,3827,407,736,736,https://demoqa.com/text-box,2506,0,1422
1729816168645,2506,Formulario-textbox-799-0,301,Moved Permanently,Usuarios 1-798,text,true,,391,291,736,736,http://demoqa.com/text-box,2506,0,1422
1729816171152,2442,Formulario-textbox-799-1,200,OK,Usuarios 1-798,text,true,,3436,116,736,736,https://demoqa.com/text-box,2442,0,1680
1729816167694,5906,Formulario-textbox-456,200,OK,Usuarios 1-458,text,true,,3827,402,734,734,https://demoqa.com/text-box,1156,0,367
1729816167694,1156,Formulario-textbox-456-0,301,Moved Permanently,Usuarios 1-458,text,true,,391,286,734,734,http://demoqa.com/text-box,1156,0,367
1729816168850,4750,Formulario-textbox-456-1,200,OK,Usuarios 1-458,text,true,,3436,116,734,734,https://demoqa.com/text-box,4750,0,3818
1729816167683,5921,Formulario-textbox-453,200,OK,Usuarios 1-451,text,true,,3827,404,733,733,https://demoqa.com/text-box,1166,0,378
1729816167683,1166,Formulario-textbox-453-0,301,Moved Permanently,Usuarios 1-451,text,true,,391,288,733,733,http://demoqa.com/text-box,1166,0,378
1729816168849,4755,Formulario-textbox-453-1,200,OK,Usuarios 1-451,text,true,,3436,116,733,733,https://demoqa.com/text-box,4755,0,3819
1729816167673,5931,Formulario-textbox-450,200,OK,Usuarios 1-447,text,true,,3827,415,732,732,https://demoqa.com/text-box,1177,0,387
1729816167673,1177,Formulario-textbox-450-0,301,Moved Permanently,Usuarios 1-447,text,true,,391,299,732,732,http://demoqa.com/text-box,1177,0,387
1729816168850,4754,Formulario-textbox-450-1,200,OK,Usuarios 1-447,text,true,,3436,116,732,732,https://demoqa.com/text-box,4754,0,3819
1729816168659,4956,Formulario-textbox-804,200,OK,Usuarios 1-801,text,true,,3827,412,731,731,https://demoqa.com/text-box,2493,0,1410
1729816168659,2493,Formulario-textbox-804-0,301,Moved Permanently,Usuarios 1-801,text,true,,391,296,731,731,http://demoqa.com/text-box,2493,0,1410
1729816171152,2463,Formulario-textbox-804-1,200,OK,Usuarios 1-801,text,true,,3436,116,731,731,https://demoqa.com/text-box,2463,0,1699
1729816168169,5477,Formulario-textbox-628,200,OK,Usuarios 1-627,text,true,,3827,405,730,730,https://demoqa.com/text-box,2117,0,554
1729816168169,2117,Formulario-textbox-628-0,301,Moved Permanently,Usuarios 1-627,text,true,,391,289,730,730,http://demoqa.com/text-box,2117,0,554
1729816170286,3360,Formulario-textbox-628-1,200,OK,Usuarios 1-627,text,true,,3436,116,730,730,https://demoqa.com/text-box,3360,0,2617
1729816168670,4978,Formulario-textbox-807,200,OK,Usuarios 1-806,text,true,,3827,408,729,729,https://demoqa.com/text-box,2532,0,1449
1729816168185,5463,Formulario-textbox-631,200,OK,Usuarios 1-632,text,true,,3827,394,729,729,https://demoqa.com/text-box,2099,0,538
1729816168670,2532,Formulario-textbox-807-0,301,Moved Permanently,Usuarios 1-806,text,true,,391,292,729,729,http://demoqa.com/text-box,2532,0,1449
1729816171202,2446,Formulario-textbox-807-1,200,OK,Usuarios 1-806,text,true,,3436,116,729,729,https://demoqa.com/text-box,2446,0,1698
1729816168185,2099,Formulario-textbox-631-0,301,Moved Permanently,Usuarios 1-632,text,true,,391,278,729,729,http://demoqa.com/text-box,2099,0,538
1729816170285,3363,Formulario-textbox-631-1,200,OK,Usuarios 1-632,text,true,,3436,116,729,729,https://demoqa.com/text-box,3363,0,2619
1729816167552,6096,Formulario-textbox-405,200,OK,Usuarios 1-406,text,true,,3827,389,727,727,https://demoqa.com/text-box,669,0,302
1729816167552,669,Formulario-textbox-405-0,301,Moved Permanently,Usuarios 1-406,text,true,,391,273,727,727,http://demoqa.com/text-box,669,0,302
1729816168222,5426,Formulario-textbox-405-1,200,OK,Usuarios 1-406,text,true,,3436,116,727,727,https://demoqa.com/text-box,5426,0,4677
1729816167811,5872,Formulario-textbox-499,200,OK,Usuarios 1-499,text,true,,3827,404,726,726,https://demoqa.com/text-box,1229,0,407
1729816167811,1229,Formulario-textbox-499-0,301,Moved Permanently,Usuarios 1-499,text,true,,391,288,726,726,http://demoqa.com/text-box,1229,0,407
1729816169040,4643,Formulario-textbox-499-1,200,OK,Usuarios 1-499,text,true,,3436,116,726,726,https://demoqa.com/text-box,4643,0,3721
1729816168164,5525,Formulario-textbox-625,200,OK,Usuarios 1-624,text,true,,3827,401,725,725,https://demoqa.com/text-box,2124,0,559
1729816168164,2124,Formulario-textbox-625-0,301,Moved Permanently,Usuarios 1-624,text,true,,391,285,725,725,http://demoqa.com/text-box,2124,0,559
1729816170288,3401,Formulario-textbox-625-1,200,OK,Usuarios 1-624,text,true,,3436,116,725,725,https://demoqa.com/text-box,3401,0,2651
1729816168689,5000,Formulario-textbox-814,200,OK,Usuarios 1-812,text,true,,3827,401,725,725,https://demoqa.com/text-box,2601,0,1548
1729816168689,2601,Formulario-textbox-814-0,301,Moved Permanently,Usuarios 1-812,text,true,,391,285,725,725,http://demoqa.com/text-box,2601,0,1548
1729816171291,2398,Formulario-textbox-814-1,200,OK,Usuarios 1-812,text,true,,3436,116,725,725,https://demoqa.com/text-box,2398,0,1650
1729816168200,5490,Formulario-textbox-640,200,OK,Usuarios 1-639,text,true,,3827,400,723,723,https://demoqa.com/text-box,2087,0,525
1729816168200,2087,Formulario-textbox-640-0,301,Moved Permanently,Usuarios 1-639,text,true,,391,284,723,723,http://demoqa.com/text-box,2087,0,525
1729816170287,3403,Formulario-textbox-640-1,200,OK,Usuarios 1-639,text,true,,3436,116,723,723,https://demoqa.com/text-box,3403,0,2654
1729816167764,5954,Formulario-textbox-482,200,OK,Usuarios 1-477,text,true,,3827,399,722,722,https://demoqa.com/text-box,1127,0,370
1729816167764,1127,Formulario-textbox-482-0,301,Moved Permanently,Usuarios 1-477,text,true,,391,283,722,722,http://demoqa.com/text-box,1127,0,370
1729816168891,4827,Formulario-textbox-482-1,200,OK,Usuarios 1-477,text,true,,3436,116,722,722,https://demoqa.com/text-box,4827,0,3736
1729816167751,5967,Formulario-textbox-476,200,OK,Usuarios 1-473,text,true,,3827,398,722,722,https://demoqa.com/text-box,1138,0,383
1729816167751,1138,Formulario-textbox-476-0,301,Moved Permanently,Usuarios 1-473,text,true,,391,282,722,722,http://demoqa.com/text-box,1138,0,383
1729816168889,4829,Formulario-textbox-476-1,200,OK,Usuarios 1-473,text,true,,3436,116,722,722,https://demoqa.com/text-box,4829,0,3739
1729816167786,5937,Formulario-textbox-488,200,OK,Usuarios 1-491,text,true,,3827,404,720,720,https://demoqa.com/text-box,1248,0,389
1729816167786,1248,Formulario-textbox-488-0,301,Moved Permanently,Usuarios 1-491,text,true,,391,288,720,720,http://demoqa.com/text-box,1248,0,389
1729816169035,4688,Formulario-textbox-488-1,200,OK,Usuarios 1-491,text,true,,3436,116,720,720,https://demoqa.com/text-box,4688,0,3746
1729816167786,5938,Formulario-textbox-487,200,OK,Usuarios 1-484,text,true,,3827,404,720,720,https://demoqa.com/text-box,1251,0,431
1729816167786,1251,Formulario-textbox-487-0,301,Moved Permanently,Usuarios 1-484,text,true,,391,288,720,720,http://demoqa.com/text-box,1251,0,431
1729816169037,4687,Formulario-textbox-487-1,200,OK,Usuarios 1-484,text,true,,3436,116,720,720,https://demoqa.com/text-box,4687,0,3744
1729816167794,5931,Formulario-textbox-492,200,OK,Usuarios 1-492,text,true,,3827,397,718,718,https://demoqa.com/text-box,1243,0,423
1729816167794,1243,Formulario-textbox-492-0,301,Moved Permanently,Usuarios 1-492,text,true,,391,281,718,718,http://demoqa.com/text-box,1243,0,423
1729816169037,4688,Formulario-textbox-492-1,200,OK,Usuarios 1-492,text,true,,3436,116,718,718,https://demoqa.com/text-box,4688,0,3745
1729816168243,5482,Formulario-textbox-646,200,OK,Usuarios 1-646,text,true,,3827,400,718,718,https://demoqa.com/text-box,3062,0,603
1729816168243,3062,Formulario-textbox-646-0,301,Moved Permanently,Usuarios 1-646,text,true,,391,284,718,718,http://demoqa.com/text-box,3062,0,603
1729816171305,2420,Formulario-textbox-646-1,200,OK,Usuarios 1-646,text,true,,3436,116,718,718,https://demoqa.com/text-box,2420,0,1653
1729816167688,6047,Formulario-textbox-455,200,OK,Usuarios 1-455,text,true,,3827,403,716,716,https://demoqa.com/text-box,1158,0,372
1729816167688,1158,Formulario-textbox-455-0,301,Moved Permanently,Usuarios 1-455,text,true,,391,287,716,716,http://demoqa.com/text-box,1158,0,372
1729816168846,4889,Formulario-textbox-455-1,200,OK,Usuarios 1-455,text,true,,3436,116,716,716,https://demoqa.com/text-box,4889,0,3782
1729816167702,6033,Formulario-textbox-459,200,OK,Usuarios 1-457,text,true,,3827,407,716,716,https://demoqa.com/text-box,1147,0,361
1729816167702,1147,Formulario-textbox-459-0,301,Moved Permanently,Usuarios 1-457,text,true,,391,291,716,716,http://demoqa.com/text-box,1147,0,361
1729816168850,4885,Formulario-textbox-459-1,200,OK,Usuarios 1-457,text,true,,3436,116,716,716,https://demoqa.com/text-box,4885,0,3778
1729816168254,5513,Formulario-textbox-658,200,OK,Usuarios 1-659,text,true,,3827,396,714,714,https://demoqa.com/text-box,3052,0,592
1729816168254,3052,Formulario-textbox-658-0,301,Moved Permanently,Usuarios 1-659,text,true,,391,280,714,714,http://demoqa.com/text-box,3052,0,592
1729816171306,2461,Formulario-textbox-658-1,200,OK,Usuarios 1-659,text,true,,3436,116,714,714,https://demoqa.com/text-box,2461,0,1653
1729816168414,5353,Formulario-textbox-714,200,OK,Usuarios 1-713,text,true,,3827,396,714,714,https://demoqa.com/text-box,2893,0,1119
1729816168414,2893,Formulario-textbox-714-0,301,Moved Permanently,Usuarios 1-713,text,true,,391,280,714,714,http://demoqa.com/text-box,2893,0,1119
1729816171307,2460,Formulario-textbox-714-1,200,OK,Usuarios 1-713,text,true,,3436,116,714,714,https://demoqa.com/text-box,2460,0,1653
1729816168185,5582,Formulario-textbox-632,200,OK,Usuarios 1-634,text,true,,3827,405,714,714,https://demoqa.com/text-box,2099,0,538
1729816168185,2099,Formulario-textbox-632-0,301,Moved Permanently,Usuarios 1-634,text,true,,391,289,714,714,http://demoqa.com/text-box,2099,0,538
1729816170285,3482,Formulario-textbox-632-1,200,OK,Usuarios 1-634,text,true,,3436,116,714,714,https://demoqa.com/text-box,3482,0,2672
1729816168182,5586,Formulario-textbox-630,200,OK,Usuarios 1-630,text,true,,3827,403,711,711,https://demoqa.com/text-box,2105,0,543
1729816168199,5569,Formulario-textbox-637,200,OK,Usuarios 1-636,text,true,,3827,391,711,711,https://demoqa.com/text-box,2086,0,524
1729816168182,2105,Formulario-textbox-630-0,301,Moved Permanently,Usuarios 1-630,text,true,,391,287,711,711,http://demoqa.com/text-box,2105,0,543
1729816170287,3481,Formulario-textbox-630-1,200,OK,Usuarios 1-630,text,true,,3436,116,711,711,https://demoqa.com/text-box,3481,0,2671
1729816168199,2086,Formulario-textbox-637-0,301,Moved Permanently,Usuarios 1-636,text,true,,391,275,711,711,http://demoqa.com/text-box,2086,0,524
1729816170285,3483,Formulario-textbox-637-1,200,OK,Usuarios 1-636,text,true,,3436,116,711,711,https://demoqa.com/text-box,3483,0,2672
1729816168188,5580,Formulario-textbox-635,200,OK,Usuarios 1-635,text,true,,3827,394,709,709,https://demoqa.com/text-box,2102,0,537
1729816168188,2102,Formulario-textbox-635-0,301,Moved Permanently,Usuarios 1-635,text,true,,391,278,709,709,http://demoqa.com/text-box,2102,0,537
1729816170290,3478,Formulario-textbox-635-1,200,OK,Usuarios 1-635,text,true,,3436,116,709,709,https://demoqa.com/text-box,3478,0,2668
1729816168694,5075,Formulario-textbox-819,200,OK,Usuarios 1-819,text,true,,3827,395,708,708,https://demoqa.com/text-box,2559,0,1482
1729816168694,2559,Formulario-textbox-819-0,301,Moved Permanently,Usuarios 1-819,text,true,,391,279,708,708,http://demoqa.com/text-box,2559,0,1482
1729816171253,2516,Formulario-textbox-819-1,200,OK,Usuarios 1-819,text,true,,3436,116,708,708,https://demoqa.com/text-box,2516,0,1703
1729816168452,5382,Formulario-textbox-729,200,OK,Usuarios 1-725,text,true,,3827,405,707,707,https://demoqa.com/text-box,2911,0,1081
1729816168452,2911,Formulario-textbox-729-0,301,Moved Permanently,Usuarios 1-725,text,true,,391,289,707,707,http://demoqa.com/text-box,2911,0,1081
1729816171363,2471,Formulario-textbox-729-1,200,OK,Usuarios 1-725,text,true,,3436,116,707,707,https://demoqa.com/text-box,2471,0,1775
1729816168927,4908,Formulario-textbox-899,200,OK,Usuarios 1-901,text,true,,3827,409,707,707,https://demoqa.com/text-box,2435,0,1640
1729816168927,2435,Formulario-textbox-899-0,301,Moved Permanently,Usuarios 1-901,text,true,,391,293,707,707,http://demoqa.com/text-box,2435,0,1640
1729816171363,2472,Formulario-textbox-899-1,200,OK,Usuarios 1-901,text,true,,3436,116,707,707,https://demoqa.com/text-box,2472,0,1777
1729816168439,5396,Formulario-textbox-724,200,OK,Usuarios 1-719,text,true,,3827,400,705,705,https://demoqa.com/text-box,2924,0,1095
1729816168439,2924,Formulario-textbox-724-0,301,Moved Permanently,Usuarios 1-719,text,true,,391,284,705,705,http://demoqa.com/text-box,2924,0,1095
1729816171364,2471,Formulario-textbox-724-1,200,OK,Usuarios 1-719,text,true,,3436,116,705,705,https://demoqa.com/text-box,2471,0,1775
1729816168436,5400,Formulario-textbox-722,200,OK,Usuarios 1-722,text,true,,3827,403,704,704,https://demoqa.com/text-box,2927,0,1097
1729816168436,2927,Formulario-textbox-722-0,301,Moved Permanently,Usuarios 1-722,text,true,,391,287,704,704,http://demoqa.com/text-box,2927,0,1097
1729816171363,2473,Formulario-textbox-722-1,200,OK,Usuarios 1-722,text,true,,3436,116,704,704,https://demoqa.com/text-box,2473,0,1778
1729816167873,5967,Formulario-textbox-518,200,OK,Usuarios 1-521,text,true,,3827,401,703,703,https://demoqa.com/text-box,1305,0,387
1729816167873,1305,Formulario-textbox-518-0,301,Moved Permanently,Usuarios 1-521,text,true,,391,285,703,703,http://demoqa.com/text-box,1305,0,387
1729816169178,4662,Formulario-textbox-518-1,200,OK,Usuarios 1-521,text,true,,3436,116,703,703,https://demoqa.com/text-box,4662,0,3725
1729816168957,4905,Formulario-textbox-909,200,OK,Usuarios 1-908,text,true,,3827,406,702,702,https://demoqa.com/text-box,2433,0,1632
1729816168957,2433,Formulario-textbox-909-0,301,Moved Permanently,Usuarios 1-908,text,true,,391,290,702,702,http://demoqa.com/text-box,2433,0,1632
1729816171390,2472,Formulario-textbox-909-1,200,OK,Usuarios 1-908,text,true,,3436,116,702,702,https://demoqa.com/text-box,2472,0,1778
1729816168923,4939,Formulario-textbox-895,200,OK,Usuarios 1-894,text,true,,3827,400,701,701,https://demoqa.com/text-box,2467,0,1666
1729816168923,2467,Formulario-textbox-895-0,301,Moved Permanently,Usuarios 1-894,text,true,,391,284,701,701,http://demoqa.com/text-box,2467,0,1666
1729816171391,2471,Formulario-textbox-895-1,200,OK,Usuarios 1-894,text,true,,3436,116,701,701,https://demoqa.com/text-box,2471,0,1777
1729816168975,4888,Formulario-textbox-915,200,OK,Usuarios 1-917,text,true,,3827,410,701,700,https://demoqa.com/text-box,2418,0,1618
1729816168975,2418,Formulario-textbox-915-0,301,Moved Permanently,Usuarios 1-917,text,true,,391,294,701,700,http://demoqa.com/text-box,2418,0,1618
1729816171393,2470,Formulario-textbox-915-1,200,OK,Usuarios 1-917,text,true,,3436,116,701,700,https://demoqa.com/text-box,2470,0,1776
1729816168974,4889,Formulario-textbox-913,200,OK,Usuarios 1-914,text,true,,3827,403,700,700,https://demoqa.com/text-box,2417,0,1619
1729816168974,2417,Formulario-textbox-913-0,301,Moved Permanently,Usuarios 1-914,text,true,,391,287,700,700,http://demoqa.com/text-box,2417,0,1619
1729816171392,2471,Formulario-textbox-913-1,200,OK,Usuarios 1-914,text,true,,3436,116,700,700,https://demoqa.com/text-box,2471,0,1776
1729816168456,5407,Formulario-textbox-730,200,OK,Usuarios 1-733,text,true,,3827,409,698,698,https://demoqa.com/text-box,2906,0,1080
1729816168456,2906,Formulario-textbox-730-0,301,Moved Permanently,Usuarios 1-733,text,true,,391,293,698,698,http://demoqa.com/text-box,2906,0,1080
1729816171363,2500,Formulario-textbox-730-1,200,OK,Usuarios 1-733,text,true,,3436,116,698,698,https://demoqa.com/text-box,2500,0,1802
1729816168944,4946,Formulario-textbox-905,200,OK,Usuarios 1-907,text,true,,3827,394,697,697,https://demoqa.com/text-box,2449,0,1646
1729816168944,2449,Formulario-textbox-905-0,301,Moved Permanently,Usuarios 1-907,text,true,,391,278,697,697,http://demoqa.com/text-box,2449,0,1646
1729816171393,2497,Formulario-textbox-905-1,200,OK,Usuarios 1-907,text,true,,3436,116,697,697,https://demoqa.com/text-box,2497,0,1808
1729816168924,4968,Formulario-textbox-896,200,OK,Usuarios 1-898,text,true,,3827,403,696,696,https://demoqa.com/text-box,2438,0,1641
1729816168924,2438,Formulario-textbox-896-0,301,Moved Permanently,Usuarios 1-898,text,true,,391,287,696,696,http://demoqa.com/text-box,2438,0,1641
1729816171363,2529,Formulario-textbox-896-1,200,OK,Usuarios 1-898,text,true,,3436,116,696,696,https://demoqa.com/text-box,2529,0,1838
1729816168961,4931,Formulario-textbox-911,200,OK,Usuarios 1-909,text,true,,3827,391,695,695,https://demoqa.com/text-box,2429,0,1629
1729816168951,4941,Formulario-textbox-907,200,OK,Usuarios 1-902,text,true,,3827,407,695,695,https://demoqa.com/text-box,2439,0,1638
1729816168961,2429,Formulario-textbox-911-0,301,Moved Permanently,Usuarios 1-909,text,true,,391,275,695,695,http://demoqa.com/text-box,2429,0,1629
1729816171390,2502,Formulario-textbox-911-1,200,OK,Usuarios 1-909,text,true,,3436,116,695,695,https://demoqa.com/text-box,2502,0,1811
1729816168951,2439,Formulario-textbox-907-0,301,Moved Permanently,Usuarios 1-902,text,true,,391,291,695,695,http://demoqa.com/text-box,2439,0,1638
1729816171390,2502,Formulario-textbox-907-1,200,OK,Usuarios 1-902,text,true,,3436,116,695,695,https://demoqa.com/text-box,2502,0,1812
1729816168450,5443,Formulario-textbox-727,200,OK,Usuarios 1-730,text,true,,3827,399,693,693,https://demoqa.com/text-box,2914,0,1084
1729816168450,2914,Formulario-textbox-727-0,301,Moved Permanently,Usuarios 1-730,text,true,,391,283,693,693,http://demoqa.com/text-box,2914,0,1084
1729816171364,2529,Formulario-textbox-727-1,200,OK,Usuarios 1-730,text,true,,3436,116,693,693,https://demoqa.com/text-box,2529,0,1838
1729816167830,6069,Formulario-textbox-505,200,OK,Usuarios 1-507,text,true,,3827,394,692,692,https://demoqa.com/text-box,1343,0,389
1729816167818,6081,Formulario-textbox-501,200,OK,Usuarios 1-502,text,true,,3827,400,692,692,https://demoqa.com/text-box,1357,0,400
1729816167818,1357,Formulario-textbox-501-0,301,Moved Permanently,Usuarios 1-502,text,true,,391,284,692,692,http://demoqa.com/text-box,1357,0,400
1729816169176,4723,Formulario-textbox-501-1,200,OK,Usuarios 1-502,text,true,,3436,116,692,692,https://demoqa.com/text-box,4723,0,3763
1729816167830,1343,Formulario-textbox-505-0,301,Moved Permanently,Usuarios 1-507,text,true,,391,278,692,692,http://demoqa.com/text-box,1343,0,389
1729816169174,4725,Formulario-textbox-505-1,200,OK,Usuarios 1-507,text,true,,3436,116,692,692,https://demoqa.com/text-box,4725,0,3765
1729816168975,4945,Formulario-textbox-914,200,OK,Usuarios 1-918,text,true,,3827,396,690,690,https://demoqa.com/text-box,2389,0,1618
1729816168959,4961,Formulario-textbox-910,200,OK,Usuarios 1-911,text,true,,3827,398,690,690,https://demoqa.com/text-box,2403,0,1607
1729816168975,2389,Formulario-textbox-914-0,301,Moved Permanently,Usuarios 1-918,text,true,,391,280,690,690,http://demoqa.com/text-box,2389,0,1618
1729816171365,2555,Formulario-textbox-914-1,200,OK,Usuarios 1-918,text,true,,3436,116,690,690,https://demoqa.com/text-box,2555,0,1836
1729816168959,2403,Formulario-textbox-910-0,301,Moved Permanently,Usuarios 1-911,text,true,,391,282,690,690,http://demoqa.com/text-box,2403,0,1607
1729816168926,4994,Formulario-textbox-898,200,OK,Usuarios 1-899,text,true,,3827,398,690,690,https://demoqa.com/text-box,2436,0,1641
1729816171363,2557,Formulario-textbox-910-1,200,OK,Usuarios 1-911,text,true,,3436,116,690,690,https://demoqa.com/text-box,2557,0,1839
1729816168926,2436,Formulario-textbox-898-0,301,Moved Permanently,Usuarios 1-899,text,true,,391,282,690,690,http://demoqa.com/text-box,2436,0,1641
1729816171363,2557,Formulario-textbox-898-1,200,OK,Usuarios 1-899,text,true,,3436,116,690,690,https://demoqa.com/text-box,2557,0,1839
1729816168939,4996,Formulario-textbox-902,200,OK,Usuarios 1-904,text,true,,3827,404,687,687,https://demoqa.com/text-box,2486,0,1651
1729816168939,2486,Formulario-textbox-902-0,301,Moved Permanently,Usuarios 1-904,text,true,,391,288,687,687,http://demoqa.com/text-box,2486,0,1651
1729816171425,2510,Formulario-textbox-902-1,200,OK,Usuarios 1-904,text,true,,3436,116,687,687,https://demoqa.com/text-box,2510,0,1811
1729816168996,4939,Formulario-textbox-924,200,OK,Usuarios 1-921,text,true,,3827,396,687,687,https://demoqa.com/text-box,2430,0,1645
1729816168996,2430,Formulario-textbox-924-0,301,Moved Permanently,Usuarios 1-921,text,true,,391,280,687,687,http://demoqa.com/text-box,2430,0,1645
1729816171426,2509,Formulario-textbox-924-1,200,OK,Usuarios 1-921,text,true,,3436,116,687,687,https://demoqa.com/text-box,2509,0,1812
1729816169010,4925,Formulario-textbox-930,200,OK,Usuarios 1-932,text,true,,3827,404,685,685,https://demoqa.com/text-box,2416,0,1634
1729816167994,5941,Formulario-textbox-563,200,OK,Usuarios 1-563,text,true,,3827,402,685,685,https://demoqa.com/text-box,3432,0,2647
1729816169010,2416,Formulario-textbox-930-0,301,Moved Permanently,Usuarios 1-932,text,true,,391,288,685,685,http://demoqa.com/text-box,2416,0,1634
1729816167994,3432,Formulario-textbox-563-0,301,Moved Permanently,Usuarios 1-563,text,true,,391,286,685,685,http://demoqa.com/text-box,3432,0,2647
1729816171426,2509,Formulario-textbox-930-1,200,OK,Usuarios 1-932,text,true,,3436,116,685,685,https://demoqa.com/text-box,2509,0,1812
1729816171426,2509,Formulario-textbox-563-1,200,OK,Usuarios 1-563,text,true,,3436,116,685,685,https://demoqa.com/text-box,2509,0,1813
1729816168956,5005,Formulario-textbox-908,200,OK,Usuarios 1-910,text,true,,3827,405,683,683,https://demoqa.com/text-box,2436,0,1634
1729816168956,2436,Formulario-textbox-908-0,301,Moved Permanently,Usuarios 1-910,text,true,,391,289,683,683,http://demoqa.com/text-box,2436,0,1634
1729816171393,2568,Formulario-textbox-908-1,200,OK,Usuarios 1-910,text,true,,3436,116,683,683,https://demoqa.com/text-box,2568,0,1879
1729816168978,4983,Formulario-textbox-916,200,OK,Usuarios 1-915,text,true,,3827,407,682,682,https://demoqa.com/text-box,2414,0,1615
1729816168978,2414,Formulario-textbox-916-0,301,Moved Permanently,Usuarios 1-915,text,true,,391,291,682,682,http://demoqa.com/text-box,2414,0,1615
1729816171393,2568,Formulario-textbox-916-1,200,OK,Usuarios 1-915,text,true,,3436,116,682,682,https://demoqa.com/text-box,2568,0,1880
1729816166955,7008,Formulario-textbox-186,200,OK,Usuarios 1-181,text,true,,3827,404,681,681,https://demoqa.com/text-box,675,0,319
1729816167316,6647,Formulario-textbox-317,200,OK,Usuarios 1-319,text,true,,3827,411,681,681,https://demoqa.com/text-box,654,0,314
1729816166955,675,Formulario-textbox-186-0,301,Moved Permanently,Usuarios 1-181,text,true,,391,288,681,681,http://demoqa.com/text-box,675,0,319
1729816167630,6333,Formulario-textbox-186-1,200,OK,Usuarios 1-181,text,true,,3436,116,681,681,https://demoqa.com/text-box,6333,0,1136
1729816167316,654,Formulario-textbox-317-0,301,Moved Permanently,Usuarios 1-319,text,true,,391,295,681,681,http://demoqa.com/text-box,654,0,314
1729816167971,5992,Formulario-textbox-317-1,200,OK,Usuarios 1-319,text,true,,3436,116,681,681,https://demoqa.com/text-box,5992,0,1562
1729816167850,6143,Formulario-textbox-514,200,OK,Usuarios 1-511,text,true,,3827,395,679,679,https://demoqa.com/text-box,3575,0,370
1729816167883,6110,Formulario-textbox-522,200,OK,Usuarios 1-525,text,true,,3827,403,679,679,https://demoqa.com/text-box,3566,0,380
1729816167850,3575,Formulario-textbox-514-0,301,Moved Permanently,Usuarios 1-511,text,true,,391,279,679,679,http://demoqa.com/text-box,3575,0,370
1729816171426,2567,Formulario-textbox-514-1,200,OK,Usuarios 1-511,text,true,,3436,116,679,679,https://demoqa.com/text-box,2567,0,1878
1729816167883,3566,Formulario-textbox-522-0,301,Moved Permanently,Usuarios 1-525,text,true,,391,287,679,679,http://demoqa.com/text-box,3566,0,380
1729816171449,2544,Formulario-textbox-522-1,200,OK,Usuarios 1-525,text,true,,3436,116,679,679,https://demoqa.com/text-box,2544,0,1857
1729816168973,5021,Formulario-textbox-912,200,OK,Usuarios 1-916,text,true,,3827,404,677,677,https://demoqa.com/text-box,2473,0,1669
1729816168945,5049,Formulario-textbox-906,200,OK,Usuarios 1-903,text,true,,3827,409,677,677,https://demoqa.com/text-box,2480,0,1647
1729816168973,2473,Formulario-textbox-912-0,301,Moved Permanently,Usuarios 1-916,text,true,,391,288,677,677,http://demoqa.com/text-box,2473,0,1669
1729816171446,2548,Formulario-textbox-912-1,200,OK,Usuarios 1-916,text,true,,3436,116,677,677,https://demoqa.com/text-box,2548,0,1860
1729816168945,2480,Formulario-textbox-906-0,301,Moved Permanently,Usuarios 1-903,text,true,,391,293,677,677,http://demoqa.com/text-box,2480,0,1647
1729816171425,2569,Formulario-textbox-906-1,200,OK,Usuarios 1-903,text,true,,3436,116,677,677,https://demoqa.com/text-box,2569,0,1879
1729816166951,7059,Formulario-textbox-184,200,OK,Usuarios 1-187,text,true,,3827,400,675,675,https://demoqa.com/text-box,645,0,323
1729816166951,645,Formulario-textbox-184-0,301,Moved Permanently,Usuarios 1-187,text,true,,391,284,675,675,http://demoqa.com/text-box,645,0,323
1729816167597,6413,Formulario-textbox-184-1,200,OK,Usuarios 1-187,text,true,,3436,116,675,675,https://demoqa.com/text-box,6413,0,1167
1729816168060,5951,Formulario-textbox-585,200,OK,Usuarios 1-583,text,true,,3827,402,675,675,https://demoqa.com/text-box,3501,0,2702
1729816168060,3501,Formulario-textbox-585-0,301,Moved Permanently,Usuarios 1-583,text,true,,391,286,675,675,http://demoqa.com/text-box,3501,0,2702
1729816171561,2450,Formulario-textbox-585-1,200,OK,Usuarios 1-583,text,true,,3436,116,675,675,https://demoqa.com/text-box,2450,0,1768
1729816168984,5029,Formulario-textbox-920,200,OK,Usuarios 1-922,text,true,,3827,398,673,673,https://demoqa.com/text-box,2442,0,1657
1729816168984,2442,Formulario-textbox-920-0,301,Moved Permanently,Usuarios 1-922,text,true,,391,282,673,673,http://demoqa.com/text-box,2442,0,1657
1729816171426,2587,Formulario-textbox-920-1,200,OK,Usuarios 1-922,text,true,,3436,116,673,673,https://demoqa.com/text-box,2587,0,1904
1729816166886,7142,Formulario-textbox-161,200,OK,Usuarios 1-163,text,true,,3827,402,672,672,https://demoqa.com/text-box,671,0,279
1729816166886,671,Formulario-textbox-161-0,301,Moved Permanently,Usuarios 1-163,text,true,,391,286,672,672,http://demoqa.com/text-box,671,0,279
1729816167557,6471,Formulario-textbox-161-1,200,OK,Usuarios 1-163,text,true,,3436,116,672,672,https://demoqa.com/text-box,6471,0,4248
1729816168286,5754,Formulario-textbox-669,200,OK,Usuarios 1-664,text,true,,3827,416,671,671,https://demoqa.com/text-box,3161,0,694
1729816168286,3161,Formulario-textbox-669-0,301,Moved Permanently,Usuarios 1-664,text,true,,391,300,671,671,http://demoqa.com/text-box,3161,0,694
1729816171447,2593,Formulario-textbox-669-1,200,OK,Usuarios 1-664,text,true,,3436,116,671,671,https://demoqa.com/text-box,2592,0,1882
1729816168064,5976,Formulario-textbox-586,200,OK,Usuarios 1-588,text,true,,3827,396,670,670,https://demoqa.com/text-box,3496,0,2697
1729816169010,5030,Formulario-textbox-931,200,OK,Usuarios 1-926,text,true,,3827,405,670,670,https://demoqa.com/text-box,2416,0,1633
1729816168064,3496,Formulario-textbox-586-0,301,Moved Permanently,Usuarios 1-588,text,true,,391,280,670,670,http://demoqa.com/text-box,3496,0,2697
1729816169010,2416,Formulario-textbox-931-0,301,Moved Permanently,Usuarios 1-926,text,true,,391,289,670,670,http://demoqa.com/text-box,2416,0,1633
1729816171560,2480,Formulario-textbox-586-1,200,OK,Usuarios 1-588,text,true,,3436,116,670,670,https://demoqa.com/text-box,2480,0,1770
1729816171426,2614,Formulario-textbox-931-1,200,OK,Usuarios 1-926,text,true,,3436,116,670,670,https://demoqa.com/text-box,2614,0,1905
1729816167838,6202,Formulario-textbox-506,200,OK,Usuarios 1-505,text,true,,3827,409,668,668,https://demoqa.com/text-box,3611,0,381
1729816168001,6039,Formulario-textbox-567,200,OK,Usuarios 1-562,text,true,,3827,406,668,668,https://demoqa.com/text-box,3425,0,2640
1729816167838,3611,Formulario-textbox-506-0,301,Moved Permanently,Usuarios 1-505,text,true,,391,293,668,668,http://demoqa.com/text-box,3611,0,381
1729816171449,2591,Formulario-textbox-506-1,200,OK,Usuarios 1-505,text,true,,3436,116,668,668,https://demoqa.com/text-box,2591,0,1881
1729816168001,3425,Formulario-textbox-567-0,301,Moved Permanently,Usuarios 1-562,text,true,,391,290,668,668,http://demoqa.com/text-box,3425,0,2640
1729816171426,2614,Formulario-textbox-567-1,200,OK,Usuarios 1-562,text,true,,3436,116,668,668,https://demoqa.com/text-box,2614,0,1905
1729816168858,5184,Formulario-textbox-871,200,OK,Usuarios 1-869,text,true,,3827,406,666,666,https://demoqa.com/text-box,2883,0,2111
1729816168858,2883,Formulario-textbox-871-0,301,Moved Permanently,Usuarios 1-869,text,true,,391,290,666,666,http://demoqa.com/text-box,2883,0,2111
1729816171741,2301,Formulario-textbox-871-1,200,OK,Usuarios 1-869,text,true,,3436,116,666,666,https://demoqa.com/text-box,2301,0,1613
1729816168835,5208,Formulario-textbox-863,200,OK,Usuarios 1-861,text,true,,3827,405,665,665,https://demoqa.com/text-box,2866,0,2109
1729816168835,2866,Formulario-textbox-863-0,301,Moved Permanently,Usuarios 1-861,text,true,,391,289,665,665,http://demoqa.com/text-box,2866,0,2109
1729816171702,2341,Formulario-textbox-863-1,200,OK,Usuarios 1-861,text,true,,3436,116,665,665,https://demoqa.com/text-box,2341,0,1653
1729816168874,5185,Formulario-textbox-879,200,OK,Usuarios 1-881,text,true,,3827,398,664,664,https://demoqa.com/text-box,2889,0,2119
1729816168874,2889,Formulario-textbox-879-0,301,Moved Permanently,Usuarios 1-881,text,true,,391,282,664,664,http://demoqa.com/text-box,2889,0,2119
1729816171764,2295,Formulario-textbox-879-1,200,OK,Usuarios 1-881,text,true,,3436,116,664,664,https://demoqa.com/text-box,2295,0,1622
1729816168884,5176,Formulario-textbox-880,200,OK,Usuarios 1-878,text,true,,3827,403,663,663,https://demoqa.com/text-box,2859,0,2108
1729816168884,2859,Formulario-textbox-880-0,301,Moved Permanently,Usuarios 1-878,text,true,,391,287,663,663,http://demoqa.com/text-box,2859,0,2108
1729816171744,2316,Formulario-textbox-880-1,200,OK,Usuarios 1-878,text,true,,3436,116,663,663,https://demoqa.com/text-box,2316,0,1643
1729816166634,7428,Formulario-textbox-70,200,OK,Usuarios 1-71,text,true,,3827,400,662,662,https://demoqa.com/text-box,718,0,332
1729816166634,718,Formulario-textbox-70-0,301,Moved Permanently,Usuarios 1-71,text,true,,391,284,662,662,http://demoqa.com/text-box,718,0,332
1729816167353,6709,Formulario-textbox-70-1,200,OK,Usuarios 1-71,text,true,,3436,116,662,662,https://demoqa.com/text-box,6709,0,4520
1729816168871,5210,Formulario-textbox-878,200,OK,Usuarios 1-880,text,true,,3827,399,661,661,https://demoqa.com/text-box,2871,0,2099
1729816168871,2871,Formulario-textbox-878-0,301,Moved Permanently,Usuarios 1-880,text,true,,391,283,661,661,http://demoqa.com/text-box,2871,0,2099
1729816171743,2338,Formulario-textbox-878-1,200,OK,Usuarios 1-880,text,true,,3436,116,661,661,https://demoqa.com/text-box,2338,0,1658
1729816167997,6085,Formulario-textbox-564,200,OK,Usuarios 1-565,text,true,,3827,395,660,660,https://demoqa.com/text-box,3805,0,3103
1729816167997,3805,Formulario-textbox-564-0,301,Moved Permanently,Usuarios 1-565,text,true,,391,279,660,660,http://demoqa.com/text-box,3805,0,3103
1729816171803,2279,Formulario-textbox-564-1,200,OK,Usuarios 1-565,text,true,,3436,116,660,660,https://demoqa.com/text-box,2279,0,1616
1729816169044,5038,Formulario-textbox-942,200,OK,Usuarios 1-944,text,true,,3827,404,659,659,https://demoqa.com/text-box,2760,0,2087
1729816167446,6636,Formulario-textbox-367,200,OK,Usuarios 1-368,text,true,,3827,391,659,659,https://demoqa.com/text-box,728,0,308
1729816169044,2760,Formulario-textbox-942-0,301,Moved Permanently,Usuarios 1-944,text,true,,391,288,659,659,http://demoqa.com/text-box,2760,0,2087
1729816167446,728,Formulario-textbox-367-0,301,Moved Permanently,Usuarios 1-368,text,true,,391,275,659,659,http://demoqa.com/text-box,728,0,308
1729816171805,2277,Formulario-textbox-942-1,200,OK,Usuarios 1-944,text,true,,3436,116,659,659,https://demoqa.com/text-box,2277,0,1615
1729816168175,5907,Formulario-textbox-367-1,200,OK,Usuarios 1-368,text,true,,3436,116,659,659,https://demoqa.com/text-box,5907,0,2162
1729816168998,5085,Formulario-textbox-926,200,OK,Usuarios 1-925,text,true,,3827,397,657,657,https://demoqa.com/text-box,2804,0,2103
1729816168998,2804,Formulario-textbox-926-0,301,Moved Permanently,Usuarios 1-925,text,true,,391,281,657,657,http://demoqa.com/text-box,2804,0,2103
1729816171803,2280,Formulario-textbox-926-1,200,OK,Usuarios 1-925,text,true,,3436,116,657,657,https://demoqa.com/text-box,2280,0,1617
1729816167538,6546,Formulario-textbox-399,200,OK,Usuarios 1-395,text,true,,3827,397,656,656,https://demoqa.com/text-box,637,0,254
1729816167538,637,Formulario-textbox-399-0,301,Moved Permanently,Usuarios 1-395,text,true,,391,281,656,656,http://demoqa.com/text-box,637,0,254
1729816168175,5909,Formulario-textbox-399-1,200,OK,Usuarios 1-395,text,true,,3436,116,656,656,https://demoqa.com/text-box,5909,0,2165
1729816166793,7299,Formulario-textbox-124,200,OK,Usuarios 1-126,text,true,,3827,400,655,655,https://demoqa.com/text-box,608,0,238
1729816166793,608,Formulario-textbox-124-0,301,Moved Permanently,Usuarios 1-126,text,true,,391,284,655,655,http://demoqa.com/text-box,608,0,238
1729816167401,6691,Formulario-textbox-124-1,200,OK,Usuarios 1-126,text,true,,3436,116,655,655,https://demoqa.com/text-box,6691,0,4427
1729816167980,6127,Formulario-textbox-561,200,OK,Usuarios 1-561,text,true,,3827,398,654,654,https://demoqa.com/text-box,3822,0,3121
1729816167980,3822,Formulario-textbox-561-0,301,Moved Permanently,Usuarios 1-561,text,true,,391,282,654,654,http://demoqa.com/text-box,3822,0,3121
1729816171803,2304,Formulario-textbox-561-1,200,OK,Usuarios 1-561,text,true,,3436,116,654,654,https://demoqa.com/text-box,2304,0,1618
1729816168895,5213,Formulario-textbox-886,200,OK,Usuarios 1-889,text,true,,3827,409,653,653,https://demoqa.com/text-box,2848,0,2098
1729816168895,2848,Formulario-textbox-886-0,301,Moved Permanently,Usuarios 1-889,text,true,,391,293,653,653,http://demoqa.com/text-box,2848,0,2098
1729816171744,2364,Formulario-textbox-886-1,200,OK,Usuarios 1-889,text,true,,3436,116,653,653,https://demoqa.com/text-box,2364,0,1674
1729816168993,5115,Formulario-textbox-922,200,OK,Usuarios 1-924,text,true,,3827,401,652,652,https://demoqa.com/text-box,2774,0,2107
1729816168993,2774,Formulario-textbox-922-0,301,Moved Permanently,Usuarios 1-924,text,true,,391,285,652,652,http://demoqa.com/text-box,2774,0,2107
1729816171767,2341,Formulario-textbox-922-1,200,OK,Usuarios 1-924,text,true,,3436,116,652,652,https://demoqa.com/text-box,2341,0,1654
1729816169007,5102,Formulario-textbox-929,200,OK,Usuarios 1-930,text,true,,3827,406,651,651,https://demoqa.com/text-box,2760,0,2093
1729816169007,2760,Formulario-textbox-929-0,301,Moved Permanently,Usuarios 1-930,text,true,,391,290,651,651,http://demoqa.com/text-box,2760,0,2093
1729816171767,2342,Formulario-textbox-929-1,200,OK,Usuarios 1-930,text,true,,3436,116,651,651,https://demoqa.com/text-box,2342,0,1655
1729816166915,7212,Formulario-textbox-170,200,OK,Usuarios 1-168,text,true,,3827,410,650,650,https://demoqa.com/text-box,680,0,281
1729816166730,7397,Formulario-textbox-104,200,OK,Usuarios 1-106,text,true,,3827,397,650,650,https://demoqa.com/text-box,624,0,269
1729816166596,7531,Formulario-textbox-11,200,OK,Usuarios 1-11,text,true,,3827,395,650,650,https://demoqa.com/text-box,600,0,302
1729816166915,680,Formulario-textbox-170-0,301,Moved Permanently,Usuarios 1-168,text,true,,391,294,650,650,http://demoqa.com/text-box,680,0,281
1729816166730,624,Formulario-textbox-104-0,301,Moved Permanently,Usuarios 1-106,text,true,,391,281,650,650,http://demoqa.com/text-box,624,0,269
1729816167595,6532,Formulario-textbox-170-1,200,OK,Usuarios 1-168,text,true,,3436,116,650,650,https://demoqa.com/text-box,6532,0,4232
1729816167355,6772,Formulario-textbox-104-1,200,OK,Usuarios 1-106,text,true,,3436,116,650,650,https://demoqa.com/text-box,6772,0,4473
1729816166596,600,Formulario-textbox-11-0,301,Moved Permanently,Usuarios 1-11,text,true,,391,279,650,650,http://demoqa.com/text-box,600,0,302
1729816167196,6931,Formulario-textbox-11-1,200,OK,Usuarios 1-11,text,true,,3436,116,650,650,https://demoqa.com/text-box,6931,0,4677
1729816169059,5069,Formulario-textbox-946,200,OK,Usuarios 1-948,text,true,,3827,395,647,647,https://demoqa.com/text-box,2769,0,2092
1729816166839,7289,Formulario-textbox-145,200,OK,Usuarios 1-144,text,true,,3827,402,647,647,https://demoqa.com/text-box,621,0,219
1729816166839,621,Formulario-textbox-145-0,301,Moved Permanently,Usuarios 1-144,text,true,,391,286,647,647,http://demoqa.com/text-box,621,0,219
1729816167460,6668,Formulario-textbox-145-1,200,OK,Usuarios 1-144,text,true,,3436,116,647,647,https://demoqa.com/text-box,6668,0,4346
1729816166668,7460,Formulario-textbox-81,200,OK,Usuarios 1-82,text,true,,3827,404,647,647,https://demoqa.com/text-box,684,0,298
1729816169059,2769,Formulario-textbox-946-0,301,Moved Permanently,Usuarios 1-948,text,true,,391,279,647,647,http://demoqa.com/text-box,2769,0,2092
1729816166668,684,Formulario-textbox-81-0,301,Moved Permanently,Usuarios 1-82,text,true,,391,288,647,647,http://demoqa.com/text-box,684,0,298
1729816171828,2300,Formulario-textbox-946-1,200,OK,Usuarios 1-948,text,true,,3436,116,647,647,https://demoqa.com/text-box,2300,0,1625
1729816167352,6776,Formulario-textbox-81-1,200,OK,Usuarios 1-82,text,true,,3436,116,647,647,https://demoqa.com/text-box,6776,0,4453
1729816167076,7053,Formulario-textbox-233,200,OK,Usuarios 1-234,text,true,,3827,399,644,644,https://demoqa.com/text-box,681,0,385
1729816167076,681,Formulario-textbox-233-0,301,Moved Permanently,Usuarios 1-234,text,true,,391,283,644,644,http://demoqa.com/text-box,681,0,385
1729816167757,6372,Formulario-textbox-233-1,200,OK,Usuarios 1-234,text,true,,3436,116,644,644,https://demoqa.com/text-box,6372,0,1178
1729816169045,5084,Formulario-textbox-944,200,OK,Usuarios 1-940,text,true,,3827,409,643,643,https://demoqa.com/text-box,2761,0,2086
1729816169045,2761,Formulario-textbox-944-0,301,Moved Permanently,Usuarios 1-940,text,true,,391,293,643,643,http://demoqa.com/text-box,2761,0,2086
1729816171806,2323,Formulario-textbox-944-1,200,OK,Usuarios 1-940,text,true,,3436,116,643,643,https://demoqa.com/text-box,2323,0,1646
1729816166746,7412,Formulario-textbox-110,200,OK,Usuarios 1-109,text,true,,3827,400,642,642,https://demoqa.com/text-box,621,0,254
1729816166746,621,Formulario-textbox-110-0,301,Moved Permanently,Usuarios 1-109,text,true,,391,284,642,642,http://demoqa.com/text-box,621,0,254
1729816167367,6791,Formulario-textbox-110-1,200,OK,Usuarios 1-109,text,true,,3436,116,642,642,https://demoqa.com/text-box,6791,0,4508
1729816169111,5067,Formulario-textbox-966,200,OK,Usuarios 1-962,text,true,,3827,399,641,641,https://demoqa.com/text-box,2716,0,2041
1729816169111,2716,Formulario-textbox-966-0,301,Moved Permanently,Usuarios 1-962,text,true,,391,283,641,641,http://demoqa.com/text-box,2716,0,2041
1729816171827,2351,Formulario-textbox-966-1,200,OK,Usuarios 1-962,text,true,,3436,116,641,641,https://demoqa.com/text-box,2351,0,1661
1729816169064,5115,Formulario-textbox-950,200,OK,Usuarios 1-946,text,true,,3827,405,641,641,https://demoqa.com/text-box,2764,0,2087
1729816169064,2764,Formulario-textbox-950-0,301,Moved Permanently,Usuarios 1-946,text,true,,391,289,641,641,http://demoqa.com/text-box,2764,0,2087
1729816171828,2351,Formulario-textbox-950-1,200,OK,Usuarios 1-946,text,true,,3436,116,641,641,https://demoqa.com/text-box,2351,0,1661
1729816169077,5102,Formulario-textbox-956,200,OK,Usuarios 1-956,text,true,,3827,403,639,639,https://demoqa.com/text-box,2749,0,2074
1729816169077,2749,Formulario-textbox-956-0,301,Moved Permanently,Usuarios 1-956,text,true,,391,287,639,639,http://demoqa.com/text-box,2749,0,2074
1729816171826,2353,Formulario-textbox-956-1,200,OK,Usuarios 1-956,text,true,,3436,116,639,639,https://demoqa.com/text-box,2353,0,1665
1729816167480,6727,Formulario-textbox-377,200,OK,Usuarios 1-379,text,true,,3827,401,638,638,https://demoqa.com/text-box,738,0,312
1729816167480,738,Formulario-textbox-377-0,301,Moved Permanently,Usuarios 1-379,text,true,,391,285,638,638,http://demoqa.com/text-box,738,0,312
1729816168219,5988,Formulario-textbox-377-1,200,OK,Usuarios 1-379,text,true,,3436,116,638,638,https://demoqa.com/text-box,5988,0,2273
1729816167536,6697,Formulario-textbox-398,200,OK,Usuarios 1-399,text,true,,3827,399,637,637,https://demoqa.com/text-box,685,0,318
1729816167536,685,Formulario-textbox-398-0,301,Moved Permanently,Usuarios 1-399,text,true,,391,283,637,637,http://demoqa.com/text-box,685,0,318
1729816168222,6011,Formulario-textbox-398-1,200,OK,Usuarios 1-399,text,true,,3436,116,637,637,https://demoqa.com/text-box,6011,0,2273
1729816169073,5160,Formulario-textbox-953,200,OK,Usuarios 1-954,text,true,,3827,394,637,637,https://demoqa.com/text-box,2835,0,2079
1729816169108,5125,Formulario-textbox-964,200,OK,Usuarios 1-966,text,true,,3827,408,637,637,https://demoqa.com/text-box,2802,0,2045
1729816169073,2835,Formulario-textbox-953-0,301,Moved Permanently,Usuarios 1-954,text,true,,391,278,637,637,http://demoqa.com/text-box,2835,0,2079
1729816169108,2802,Formulario-textbox-964-0,301,Moved Permanently,Usuarios 1-966,text,true,,391,292,637,637,http://demoqa.com/text-box,2802,0,2045
1729816171909,2324,Formulario-textbox-953-1,200,OK,Usuarios 1-954,text,true,,3436,116,637,637,https://demoqa.com/text-box,2324,0,1684
1729816171910,2323,Formulario-textbox-964-1,200,OK,Usuarios 1-966,text,true,,3436,116,637,637,https://demoqa.com/text-box,2323,0,1683
1729816169160,5074,Formulario-textbox-985,200,OK,Usuarios 1-985,text,true,,3827,392,634,634,https://demoqa.com/text-box,2792,0,2044
1729816169160,2792,Formulario-textbox-985-0,301,Moved Permanently,Usuarios 1-985,text,true,,391,276,634,634,http://demoqa.com/text-box,2792,0,2044
1729816171952,2282,Formulario-textbox-985-1,200,OK,Usuarios 1-985,text,true,,3436,116,634,634,https://demoqa.com/text-box,2282,0,1644
1729816169102,5133,Formulario-textbox-962,200,OK,Usuarios 1-965,text,true,,3827,409,633,633,https://demoqa.com/text-box,2806,0,2051
1729816169102,2806,Formulario-textbox-962-0,301,Moved Permanently,Usuarios 1-965,text,true,,391,293,633,633,http://demoqa.com/text-box,2806,0,2051
1729816171909,2326,Formulario-textbox-962-1,200,OK,Usuarios 1-965,text,true,,3436,116,633,633,https://demoqa.com/text-box,2326,0,1685
1729816169077,5159,Formulario-textbox-955,200,OK,Usuarios 1-955,text,true,,3827,401,632,632,https://demoqa.com/text-box,2796,0,2074
1729816169077,2796,Formulario-textbox-955-0,301,Moved Permanently,Usuarios 1-955,text,true,,391,285,632,632,http://demoqa.com/text-box,2796,0,2074
1729816171874,2362,Formulario-textbox-955-1,200,OK,Usuarios 1-955,text,true,,3436,116,632,632,https://demoqa.com/text-box,2362,0,1720
1729816169088,5159,Formulario-textbox-958,200,OK,Usuarios 1-958,text,true,,3827,397,631,631,https://demoqa.com/text-box,2786,0,2064
1729816169088,2786,Formulario-textbox-958-0,301,Moved Permanently,Usuarios 1-958,text,true,,391,281,631,631,http://demoqa.com/text-box,2786,0,2064
1729816171874,2373,Formulario-textbox-958-1,200,OK,Usuarios 1-958,text,true,,3436,116,631,631,https://demoqa.com/text-box,2373,0,1721
1729816169142,5107,Formulario-textbox-979,200,OK,Usuarios 1-979,text,true,,3827,400,630,630,https://demoqa.com/text-box,2809,0,2060
1729816169142,2809,Formulario-textbox-979-0,301,Moved Permanently,Usuarios 1-979,text,true,,391,284,630,630,http://demoqa.com/text-box,2809,0,2060
1729816171951,2298,Formulario-textbox-979-1,200,OK,Usuarios 1-979,text,true,,3436,116,630,630,https://demoqa.com/text-box,2298,0,1662
1729816169155,5094,Formulario-textbox-982,200,OK,Usuarios 1-982,text,true,,3827,397,630,630,https://demoqa.com/text-box,2797,0,2049
1729816169155,2797,Formulario-textbox-982-0,301,Moved Permanently,Usuarios 1-982,text,true,,391,281,630,630,http://demoqa.com/text-box,2797,0,2049
1729816171952,2297,Formulario-textbox-982-1,200,OK,Usuarios 1-982,text,true,,3436,116,630,630,https://demoqa.com/text-box,2297,0,1662
1729816167494,6755,Formulario-textbox-385,200,OK,Usuarios 1-384,text,true,,3827,397,628,628,https://demoqa.com/text-box,682,0,295
1729816167531,6719,Formulario-textbox-395,200,OK,Usuarios 1-397,text,true,,3827,406,628,628,https://demoqa.com/text-box,644,0,262
1729816167494,682,Formulario-textbox-385-0,301,Moved Permanently,Usuarios 1-384,text,true,,391,281,628,628,http://demoqa.com/text-box,682,0,295
1729816167531,644,Formulario-textbox-395-0,301,Moved Permanently,Usuarios 1-397,text,true,,391,290,628,628,http://demoqa.com/text-box,644,0,262
1729816168177,6072,Formulario-textbox-385-1,200,OK,Usuarios 1-384,text,true,,3436,116,628,628,https://demoqa.com/text-box,6072,0,2112
1729816168175,6075,Formulario-textbox-395-1,200,OK,Usuarios 1-397,text,true,,3436,116,628,628,https://demoqa.com/text-box,6074,0,2115
1729816169159,5091,Formulario-textbox-984,200,OK,Usuarios 1-983,text,true,,3827,400,628,628,https://demoqa.com/text-box,2794,0,2045
1729816169159,2794,Formulario-textbox-984-0,301,Moved Permanently,Usuarios 1-983,text,true,,391,284,628,628,http://demoqa.com/text-box,2794,0,2045
1729816171953,2297,Formulario-textbox-984-1,200,OK,Usuarios 1-983,text,true,,3436,116,628,628,https://demoqa.com/text-box,2297,0,1661
1729816169143,5120,Formulario-textbox-980,200,OK,Usuarios 1-980,text,true,,3827,400,625,625,https://demoqa.com/text-box,2808,0,2060
1729816169124,5139,Formulario-textbox-971,200,OK,Usuarios 1-970,text,true,,3827,404,625,625,https://demoqa.com/text-box,2828,0,2080
1729816169143,2808,Formulario-textbox-980-0,301,Moved Permanently,Usuarios 1-980,text,true,,391,284,625,625,http://demoqa.com/text-box,2808,0,2060
1729816171951,2312,Formulario-textbox-980-1,200,OK,Usuarios 1-980,text,true,,3436,116,625,625,https://demoqa.com/text-box,2312,0,1663
1729816169124,2828,Formulario-textbox-971-0,301,Moved Permanently,Usuarios 1-970,text,true,,391,288,625,625,http://demoqa.com/text-box,2828,0,2080
1729816171952,2311,Formulario-textbox-971-1,200,OK,Usuarios 1-970,text,true,,3436,116,625,625,https://demoqa.com/text-box,2311,0,1663
1729816169139,5125,Formulario-textbox-977,200,OK,Usuarios 1-978,text,true,,3827,399,623,623,https://demoqa.com/text-box,2812,0,2063
1729816169139,2812,Formulario-textbox-977-0,301,Moved Permanently,Usuarios 1-978,text,true,,391,283,623,623,http://demoqa.com/text-box,2812,0,2063
1729816171951,2313,Formulario-textbox-977-1,200,OK,Usuarios 1-978,text,true,,3436,116,623,623,https://demoqa.com/text-box,2313,0,1664
1729816169063,5202,Formulario-textbox-949,200,OK,Usuarios 1-951,text,true,,3827,405,622,622,https://demoqa.com/text-box,2847,0,2089
1729816169063,2847,Formulario-textbox-949-0,301,Moved Permanently,Usuarios 1-951,text,true,,391,289,622,622,http://demoqa.com/text-box,2847,0,2089
1729816171910,2355,Formulario-textbox-949-1,200,OK,Usuarios 1-951,text,true,,3436,116,622,622,https://demoqa.com/text-box,2355,0,1705
1729816169071,5194,Formulario-textbox-952,200,OK,Usuarios 1-952,text,true,,3827,401,621,621,https://demoqa.com/text-box,2839,0,2081
1729816169071,2839,Formulario-textbox-952-0,301,Moved Permanently,Usuarios 1-952,text,true,,391,285,621,621,http://demoqa.com/text-box,2839,0,2081
1729816171910,2355,Formulario-textbox-952-1,200,OK,Usuarios 1-952,text,true,,3436,116,621,621,https://demoqa.com/text-box,2355,0,1706
1729816169184,5092,Formulario-textbox-996,200,OK,Usuarios 1-994,text,true,,3827,395,620,620,https://demoqa.com/text-box,2901,0,2069
1729816169184,2901,Formulario-textbox-996-0,301,Moved Permanently,Usuarios 1-994,text,true,,391,279,620,620,http://demoqa.com/text-box,2901,0,2069
1729816172086,2190,Formulario-textbox-996-1,200,OK,Usuarios 1-994,text,true,,3436,116,620,620,https://demoqa.com/text-box,2190,0,1562
1729816169174,5104,Formulario-textbox-989,200,OK,Usuarios 1-990,text,true,,3827,393,619,619,https://demoqa.com/text-box,2912,0,2079
1729816169174,2912,Formulario-textbox-989-0,301,Moved Permanently,Usuarios 1-990,text,true,,391,277,619,619,http://demoqa.com/text-box,2912,0,2079
1729816172086,2192,Formulario-textbox-989-1,200,OK,Usuarios 1-990,text,true,,3436,116,619,619,https://demoqa.com/text-box,2192,0,1562
1729816169130,5148,Formulario-textbox-974,200,OK,Usuarios 1-975,text,true,,3827,394,618,618,https://demoqa.com/text-box,2822,0,2073
1729816169130,2822,Formulario-textbox-974-0,301,Moved Permanently,Usuarios 1-975,text,true,,391,278,618,618,http://demoqa.com/text-box,2822,0,2073
1729816171952,2326,Formulario-textbox-974-1,200,OK,Usuarios 1-975,text,true,,3436,116,618,618,https://demoqa.com/text-box,2326,0,1695
1729816169120,5159,Formulario-textbox-969,200,OK,Usuarios 1-969,text,true,,3827,401,617,617,https://demoqa.com/text-box,2833,0,2084
1729816169128,5151,Formulario-textbox-973,200,OK,Usuarios 1-974,text,true,,3827,404,617,617,https://demoqa.com/text-box,2823,0,2074
1729816169120,2833,Formulario-textbox-969-0,301,Moved Permanently,Usuarios 1-969,text,true,,391,285,617,617,http://demoqa.com/text-box,2833,0,2084
1729816169128,2823,Formulario-textbox-973-0,301,Moved Permanently,Usuarios 1-974,text,true,,391,288,617,617,http://demoqa.com/text-box,2823,0,2074
1729816171954,2325,Formulario-textbox-969-1,200,OK,Usuarios 1-969,text,true,,3436,116,617,617,https://demoqa.com/text-box,2325,0,1694
1729816171951,2328,Formulario-textbox-973-1,200,OK,Usuarios 1-974,text,true,,3436,116,617,617,https://demoqa.com/text-box,2328,0,1698
1729816169138,5141,Formulario-textbox-976,200,OK,Usuarios 1-976,text,true,,3827,400,615,615,https://demoqa.com/text-box,2814,0,2065
1729816169161,5118,Formulario-textbox-986,200,OK,Usuarios 1-986,text,true,,3827,408,615,615,https://demoqa.com/text-box,2790,0,2041
1729816169138,2814,Formulario-textbox-976-0,301,Moved Permanently,Usuarios 1-976,text,true,,391,284,615,615,http://demoqa.com/text-box,2814,0,2065
1729816171952,2327,Formulario-textbox-976-1,200,OK,Usuarios 1-976,text,true,,3436,116,615,615,https://demoqa.com/text-box,2327,0,1697
1729816169161,2790,Formulario-textbox-986-0,301,Moved Permanently,Usuarios 1-986,text,true,,391,292,615,615,http://demoqa.com/text-box,2790,0,2041
1729816171951,2328,Formulario-textbox-986-1,200,OK,Usuarios 1-986,text,true,,3436,116,615,615,https://demoqa.com/text-box,2328,0,1698
1729816168367,5921,Formulario-textbox-698,200,OK,Usuarios 1-698,text,true,,3827,407,613,613,https://demoqa.com/text-box,3720,0,1097
1729816168367,3720,Formulario-textbox-698-0,301,Moved Permanently,Usuarios 1-698,text,true,,391,291,613,613,http://demoqa.com/text-box,3720,0,1097
1729816172087,2201,Formulario-textbox-698-1,200,OK,Usuarios 1-698,text,true,,3436,116,613,613,https://demoqa.com/text-box,2201,0,1578
1729816169158,5130,Formulario-textbox-983,200,OK,Usuarios 1-984,text,true,,3827,412,612,612,https://demoqa.com/text-box,2794,0,2046
1729816169158,2794,Formulario-textbox-983-0,301,Moved Permanently,Usuarios 1-984,text,true,,391,296,612,612,http://demoqa.com/text-box,2794,0,2046
1729816171952,2336,Formulario-textbox-983-1,200,OK,Usuarios 1-984,text,true,,3436,116,612,612,https://demoqa.com/text-box,2336,0,1713
1729816169171,5118,Formulario-textbox-987,200,OK,Usuarios 1-987,text,true,,3827,396,611,611,https://demoqa.com/text-box,2914,0,2082
1729816169171,2914,Formulario-textbox-987-0,301,Moved Permanently,Usuarios 1-987,text,true,,391,280,611,611,http://demoqa.com/text-box,2914,0,2082
1729816172086,2203,Formulario-textbox-987-1,200,OK,Usuarios 1-987,text,true,,3436,116,611,611,https://demoqa.com/text-box,2203,0,1579
1729816169180,5110,Formulario-textbox-993,200,OK,Usuarios 1-993,text,true,,3827,398,610,610,https://demoqa.com/text-box,2905,0,2074
1729816169180,2905,Formulario-textbox-993-0,301,Moved Permanently,Usuarios 1-993,text,true,,391,282,610,610,http://demoqa.com/text-box,2905,0,2074
1729816172086,2204,Formulario-textbox-993-1,200,OK,Usuarios 1-993,text,true,,3436,116,610,610,https://demoqa.com/text-box,2204,0,1580
1729816168584,5720,Formulario-textbox-777,200,OK,Usuarios 1-777,text,true,,3827,398,609,609,https://demoqa.com/text-box,2499,0,1335
1729816168584,2499,Formulario-textbox-777-0,301,Moved Permanently,Usuarios 1-777,text,true,,391,282,609,609,http://demoqa.com/text-box,2499,0,1335
1729816171083,3221,Formulario-textbox-777-1,200,OK,Usuarios 1-777,text,true,,3436,116,609,609,https://demoqa.com/text-box,3221,0,2608
1729816168119,6186,Formulario-textbox-608,200,OK,Usuarios 1-604,text,true,,3827,396,608,608,https://demoqa.com/text-box,3968,0,475
1729816168119,3968,Formulario-textbox-608-0,301,Moved Permanently,Usuarios 1-604,text,true,,391,280,608,608,http://demoqa.com/text-box,3968,0,475
1729816172088,2217,Formulario-textbox-608-1,200,OK,Usuarios 1-604,text,true,,3436,116,608,608,https://demoqa.com/text-box,2217,0,1603
1729816168378,5947,Formulario-textbox-700,200,OK,Usuarios 1-700,text,true,,3827,402,607,607,https://demoqa.com/text-box,3746,0,1015
1729816168378,3746,Formulario-textbox-700-0,301,Moved Permanently,Usuarios 1-700,text,true,,391,286,607,607,http://demoqa.com/text-box,3746,0,1015
1729816172124,2201,Formulario-textbox-700-1,200,OK,Usuarios 1-700,text,true,,3436,116,607,607,https://demoqa.com/text-box,2201,0,1601
1729816168398,5928,Formulario-textbox-706,200,OK,Usuarios 1-708,text,true,,3827,396,606,606,https://demoqa.com/text-box,3727,0,1067
1729816168398,3727,Formulario-textbox-706-0,301,Moved Permanently,Usuarios 1-708,text,true,,391,280,606,606,http://demoqa.com/text-box,3727,0,1067
1729816172125,2201,Formulario-textbox-706-1,200,OK,Usuarios 1-708,text,true,,3436,116,606,606,https://demoqa.com/text-box,2201,0,1602
1729816167458,6872,Formulario-textbox-370,200,OK,Usuarios 1-367,text,true,,3827,418,605,605,https://demoqa.com/text-box,676,0,297
1729816167458,676,Formulario-textbox-370-0,301,Moved Permanently,Usuarios 1-367,text,true,,391,302,605,605,http://demoqa.com/text-box,676,0,297
1729816168136,6194,Formulario-textbox-370-1,200,OK,Usuarios 1-367,text,true,,3436,116,605,605,https://demoqa.com/text-box,6194,0,5352
1729816167430,6911,Formulario-textbox-362,200,OK,Usuarios 1-363,text,true,,3827,396,604,604,https://demoqa.com/text-box,700,0,272
1729816167491,6850,Formulario-textbox-383,200,OK,Usuarios 1-382,text,true,,3827,400,604,604,https://demoqa.com/text-box,643,0,265
1729816167430,700,Formulario-textbox-362-0,301,Moved Permanently,Usuarios 1-363,text,true,,391,280,604,604,http://demoqa.com/text-box,700,0,272
1729816168131,6210,Formulario-textbox-362-1,200,OK,Usuarios 1-363,text,true,,3436,116,604,604,https://demoqa.com/text-box,6210,0,5358
1729816167491,643,Formulario-textbox-383-0,301,Moved Permanently,Usuarios 1-382,text,true,,391,284,604,604,http://demoqa.com/text-box,643,0,265
1729816168134,6207,Formulario-textbox-383-1,200,OK,Usuarios 1-382,text,true,,3436,116,604,604,https://demoqa.com/text-box,6207,0,5354
1729816167480,6864,Formulario-textbox-378,200,OK,Usuarios 1-377,text,true,,3827,398,602,602,https://demoqa.com/text-box,654,0,276
1729816167390,6954,Formulario-textbox-346,200,OK,Usuarios 1-348,text,true,,3827,407,602,602,https://demoqa.com/text-box,739,0,309
1729816167480,654,Formulario-textbox-378-0,301,Moved Permanently,Usuarios 1-377,text,true,,391,282,602,602,http://demoqa.com/text-box,654,0,276
1729816168135,6209,Formulario-textbox-378-1,200,OK,Usuarios 1-377,text,true,,3436,116,602,602,https://demoqa.com/text-box,6209,0,5355
1729816167390,740,Formulario-textbox-346-0,301,Moved Permanently,Usuarios 1-348,text,true,,391,291,602,602,http://demoqa.com/text-box,739,0,309
1729816168130,6214,Formulario-textbox-346-1,200,OK,Usuarios 1-348,text,true,,3436,116,602,602,https://demoqa.com/text-box,6214,0,5360
1729816167492,6852,Formulario-textbox-384,200,OK,Usuarios 1-385,text,true,,3827,404,602,602,https://demoqa.com/text-box,642,0,264
1729816167492,642,Formulario-textbox-384-0,301,Moved Permanently,Usuarios 1-385,text,true,,391,288,602,602,http://demoqa.com/text-box,642,0,264
1729816168137,6207,Formulario-textbox-384-1,200,OK,Usuarios 1-385,text,true,,3436,116,602,602,https://demoqa.com/text-box,6207,0,5353
1729816168468,5880,Formulario-textbox-735,200,OK,Usuarios 1-734,text,true,,3827,403,599,599,https://demoqa.com/text-box,3656,0,1139
1729816168313,6035,Formulario-textbox-676,200,OK,Usuarios 1-678,text,true,,3827,396,599,599,https://demoqa.com/text-box,3812,0,1005
1729816168468,3656,Formulario-textbox-735-0,301,Moved Permanently,Usuarios 1-734,text,true,,391,287,599,599,http://demoqa.com/text-box,3656,0,1139
1729816172124,2224,Formulario-textbox-735-1,200,OK,Usuarios 1-734,text,true,,3436,116,599,599,https://demoqa.com/text-box,2224,0,1601
1729816168313,3812,Formulario-textbox-676-0,301,Moved Permanently,Usuarios 1-678,text,true,,391,280,599,599,http://demoqa.com/text-box,3812,0,1005
1729816172125,2223,Formulario-textbox-676-1,200,OK,Usuarios 1-678,text,true,,3436,116,599,599,https://demoqa.com/text-box,2223,0,1601
1729816168462,5888,Formulario-textbox-732,200,OK,Usuarios 1-732,text,true,,3827,406,597,597,https://demoqa.com/text-box,3662,0,1145
1729816168462,3662,Formulario-textbox-732-0,301,Moved Permanently,Usuarios 1-732,text,true,,391,290,597,597,http://demoqa.com/text-box,3662,0,1145
1729816172125,2225,Formulario-textbox-732-1,200,OK,Usuarios 1-732,text,true,,3436,116,597,597,https://demoqa.com/text-box,2225,0,1642
1729816168367,5994,Formulario-textbox-697,200,OK,Usuarios 1-694,text,true,,3827,391,596,596,https://demoqa.com/text-box,3757,0,1027
1729816168367,3757,Formulario-textbox-697-0,301,Moved Permanently,Usuarios 1-694,text,true,,391,275,596,596,http://demoqa.com/text-box,3757,0,1027
1729816172125,2236,Formulario-textbox-697-1,200,OK,Usuarios 1-694,text,true,,3436,116,596,596,https://demoqa.com/text-box,2236,0,1643
1729816168341,6020,Formulario-textbox-689,200,OK,Usuarios 1-687,text,true,,3827,402,596,596,https://demoqa.com/text-box,3784,0,977
1729816168469,5892,Formulario-textbox-737,200,OK,Usuarios 1-737,text,true,,3827,413,596,596,https://demoqa.com/text-box,3656,0,1137
1729816168341,3784,Formulario-textbox-689-0,301,Moved Permanently,Usuarios 1-687,text,true,,391,286,596,596,http://demoqa.com/text-box,3784,0,977
1729816168469,3656,Formulario-textbox-737-0,301,Moved Permanently,Usuarios 1-737,text,true,,391,297,596,596,http://demoqa.com/text-box,3656,0,1137
1729816172125,2236,Formulario-textbox-689-1,200,OK,Usuarios 1-687,text,true,,3436,116,596,596,https://demoqa.com/text-box,2236,0,1643
1729816172125,2236,Formulario-textbox-737-1,200,OK,Usuarios 1-737,text,true,,3436,116,596,596,https://demoqa.com/text-box,2236,0,1643
1729816168461,5900,Formulario-textbox-731,200,OK,Usuarios 1-728,text,true,,3827,401,596,596,https://demoqa.com/text-box,3663,0,1143
1729816168461,3663,Formulario-textbox-731-0,301,Moved Permanently,Usuarios 1-728,text,true,,391,285,596,596,http://demoqa.com/text-box,3663,0,1143
1729816172124,2237,Formulario-textbox-731-1,200,OK,Usuarios 1-728,text,true,,3436,116,596,596,https://demoqa.com/text-box,2237,0,1644
1729816168485,5877,Formulario-textbox-744,200,OK,Usuarios 1-741,text,true,,3827,396,594,594,https://demoqa.com/text-box,3640,0,1122
1729816168485,3640,Formulario-textbox-744-0,301,Moved Permanently,Usuarios 1-741,text,true,,391,280,594,594,http://demoqa.com/text-box,3640,0,1122
1729816172125,2237,Formulario-textbox-744-1,200,OK,Usuarios 1-741,text,true,,3436,116,594,594,https://demoqa.com/text-box,2237,0,1643
1729816167074,7297,Formulario-textbox-231,200,OK,Usuarios 1-232,text,true,,3827,404,591,591,https://demoqa.com/text-box,717,0,389
1729816167074,717,Formulario-textbox-231-0,301,Moved Permanently,Usuarios 1-232,text,true,,391,288,591,591,http://demoqa.com/text-box,717,0,389
1729816167791,6580,Formulario-textbox-231-1,200,OK,Usuarios 1-232,text,true,,3436,116,591,591,https://demoqa.com/text-box,6580,0,1384
1729816168365,6008,Formulario-textbox-695,200,OK,Usuarios 1-695,text,true,,3827,403,590,590,https://demoqa.com/text-box,3760,0,1099
1729816168337,6036,Formulario-textbox-686,200,OK,Usuarios 1-689,text,true,,3827,396,590,590,https://demoqa.com/text-box,3788,0,981
1729816168365,3760,Formulario-textbox-695-0,301,Moved Permanently,Usuarios 1-695,text,true,,391,287,590,590,http://demoqa.com/text-box,3760,0,1099
1729816172125,2248,Formulario-textbox-695-1,200,OK,Usuarios 1-695,text,true,,3436,116,590,590,https://demoqa.com/text-box,2248,0,1681
1729816168337,3788,Formulario-textbox-686-0,301,Moved Permanently,Usuarios 1-689,text,true,,391,280,590,590,http://demoqa.com/text-box,3788,0,981
1729816172125,2248,Formulario-textbox-686-1,200,OK,Usuarios 1-689,text,true,,3436,116,590,590,https://demoqa.com/text-box,2248,0,1682
1729816168469,5905,Formulario-textbox-736,200,OK,Usuarios 1-739,text,true,,3827,408,588,588,https://demoqa.com/text-box,3655,0,1138
1729816168524,5850,Formulario-textbox-756,200,OK,Usuarios 1-756,text,true,,3827,407,588,588,https://demoqa.com/text-box,3683,0,1148
1729816168469,3655,Formulario-textbox-736-0,301,Moved Permanently,Usuarios 1-739,text,true,,391,292,588,588,http://demoqa.com/text-box,3655,0,1138
1729816168524,3683,Formulario-textbox-756-0,301,Moved Permanently,Usuarios 1-756,text,true,,391,291,588,588,http://demoqa.com/text-box,3683,0,1148
1729816172125,2249,Formulario-textbox-736-1,200,OK,Usuarios 1-739,text,true,,3436,116,588,588,https://demoqa.com/text-box,2249,0,1682
1729816172207,2167,Formulario-textbox-756-1,200,OK,Usuarios 1-756,text,true,,3436,116,588,588,https://demoqa.com/text-box,2167,0,1601
1729816168479,5895,Formulario-textbox-739,200,OK,Usuarios 1-742,text,true,,3827,402,586,586,https://demoqa.com/text-box,3646,0,1127
1729816168479,3646,Formulario-textbox-739-0,301,Moved Permanently,Usuarios 1-742,text,true,,391,286,586,586,http://demoqa.com/text-box,3646,0,1127
1729816168402,5972,Formulario-textbox-708,200,OK,Usuarios 1-710,text,true,,3827,397,586,586,https://demoqa.com/text-box,3803,0,1062
1729816172125,2249,Formulario-textbox-739-1,200,OK,Usuarios 1-742,text,true,,3436,116,586,586,https://demoqa.com/text-box,2249,0,1682
1729816168402,3803,Formulario-textbox-708-0,301,Moved Permanently,Usuarios 1-710,text,true,,391,281,586,586,http://demoqa.com/text-box,3803,0,1062
1729816172206,2168,Formulario-textbox-708-1,200,OK,Usuarios 1-710,text,true,,3436,116,586,586,https://demoqa.com/text-box,2168,0,1602
1729816166596,7790,Formulario-textbox-45,200,OK,Usuarios 1-39,text,true,,3827,404,584,584,https://demoqa.com/text-box,597,0,300
1729816166596,597,Formulario-textbox-45-0,301,Moved Permanently,Usuarios 1-39,text,true,,391,288,584,584,http://demoqa.com/text-box,597,0,300
1729816167193,7193,Formulario-textbox-45-1,200,OK,Usuarios 1-39,text,true,,3436,116,584,584,https://demoqa.com/text-box,7193,0,4354
1729816168499,5890,Formulario-textbox-746,200,OK,Usuarios 1-746,text,true,,3827,403,583,583,https://demoqa.com/text-box,3745,0,1171
1729816168499,3745,Formulario-textbox-746-0,301,Moved Permanently,Usuarios 1-746,text,true,,391,287,583,583,http://demoqa.com/text-box,3745,0,1171
1729816172244,2145,Formulario-textbox-746-1,200,OK,Usuarios 1-746,text,true,,3436,116,583,583,https://demoqa.com/text-box,2145,0,1594
1729816168379,6030,Formulario-textbox-701,200,OK,Usuarios 1-702,text,true,,3827,401,582,582,https://demoqa.com/text-box,3865,0,1011
1729816168379,3865,Formulario-textbox-701-0,301,Moved Permanently,Usuarios 1-702,text,true,,391,285,582,582,http://demoqa.com/text-box,3865,0,1011
1729816172244,2165,Formulario-textbox-701-1,200,OK,Usuarios 1-702,text,true,,3436,116,582,582,https://demoqa.com/text-box,2165,0,1619
1729816168744,5666,Formulario-textbox-834,200,OK,Usuarios 1-836,text,true,,3827,401,581,581,https://demoqa.com/text-box,3544,0,1592
1729816168744,3544,Formulario-textbox-834-0,301,Moved Permanently,Usuarios 1-836,text,true,,391,285,581,581,http://demoqa.com/text-box,3544,0,1592
1729816172288,2122,Formulario-textbox-834-1,200,OK,Usuarios 1-836,text,true,,3436,116,581,581,https://demoqa.com/text-box,2122,0,1577
1729816168366,6044,Formulario-textbox-696,200,OK,Usuarios 1-697,text,true,,3827,391,581,580,https://demoqa.com/text-box,3878,0,1025
1729816168366,3878,Formulario-textbox-696-0,301,Moved Permanently,Usuarios 1-697,text,true,,391,275,581,580,http://demoqa.com/text-box,3878,0,1025
1729816172244,2166,Formulario-textbox-696-1,200,OK,Usuarios 1-697,text,true,,3436,116,581,580,https://demoqa.com/text-box,2166,0,1619
1729816167458,6962,Formulario-textbox-371,200,OK,Usuarios 1-372,text,true,,3827,406,579,579,https://demoqa.com/text-box,678,0,298
1729816167458,678,Formulario-textbox-371-0,301,Moved Permanently,Usuarios 1-372,text,true,,391,290,579,579,http://demoqa.com/text-box,678,0,298
1729816168137,6283,Formulario-textbox-371-1,200,OK,Usuarios 1-372,text,true,,3436,116,579,579,https://demoqa.com/text-box,6283,0,5456
1729816167478,6946,Formulario-textbox-375,200,OK,Usuarios 1-376,text,true,,3827,394,578,578,https://demoqa.com/text-box,657,0,279
1729816167478,657,Formulario-textbox-375-0,301,Moved Permanently,Usuarios 1-376,text,true,,391,278,578,578,http://demoqa.com/text-box,657,0,279
1729816168135,6289,Formulario-textbox-375-1,200,OK,Usuarios 1-376,text,true,,3436,116,578,578,https://demoqa.com/text-box,6289,0,5458
1729816168363,6084,Formulario-textbox-694,200,OK,Usuarios 1-696,text,true,,3827,399,577,577,https://demoqa.com/text-box,3881,0,1028
1729816168363,3881,Formulario-textbox-694-0,301,Moved Permanently,Usuarios 1-696,text,true,,391,283,577,577,http://demoqa.com/text-box,3881,0,1028
1729816172244,2203,Formulario-textbox-694-1,200,OK,Usuarios 1-696,text,true,,3436,116,577,577,https://demoqa.com/text-box,2203,0,1620
1729816167440,7013,Formulario-textbox-364,200,OK,Usuarios 1-365,text,true,,3827,411,576,576,https://demoqa.com/text-box,690,0,262
1729816167393,7060,Formulario-textbox-349,200,OK,Usuarios 1-349,text,true,,3827,401,576,576,https://demoqa.com/text-box,737,0,306
1729816167440,690,Formulario-textbox-364-0,301,Moved Permanently,Usuarios 1-365,text,true,,391,295,576,576,http://demoqa.com/text-box,690,0,262
1729816167393,737,Formulario-textbox-349-0,301,Moved Permanently,Usuarios 1-349,text,true,,391,285,576,576,http://demoqa.com/text-box,737,0,306
1729816168130,6323,Formulario-textbox-364-1,200,OK,Usuarios 1-365,text,true,,3436,116,576,576,https://demoqa.com/text-box,6323,0,5484
1729816168130,6323,Formulario-textbox-349-1,200,OK,Usuarios 1-349,text,true,,3436,116,576,576,https://demoqa.com/text-box,6323,0,5484
1729816167442,7012,Formulario-textbox-366,200,OK,Usuarios 1-361,text,true,,3827,403,574,574,https://demoqa.com/text-box,692,0,312
1729816167442,692,Formulario-textbox-366-0,301,Moved Permanently,Usuarios 1-361,text,true,,391,287,574,574,http://demoqa.com/text-box,692,0,312
1729816168136,6318,Formulario-textbox-366-1,200,OK,Usuarios 1-361,text,true,,3436,116,574,574,https://demoqa.com/text-box,6318,0,5479
1729816168789,5675,Formulario-textbox-848,200,OK,Usuarios 1-845,text,true,,3827,399,573,573,https://demoqa.com/text-box,3501,0,1626
1729816168789,3501,Formulario-textbox-848-0,301,Moved Permanently,Usuarios 1-845,text,true,,391,283,573,573,http://demoqa.com/text-box,3501,0,1626
1729816172291,2173,Formulario-textbox-848-1,200,OK,Usuarios 1-845,text,true,,3436,116,573,573,https://demoqa.com/text-box,2173,0,1631
1729816168744,5720,Formulario-textbox-835,200,OK,Usuarios 1-829,text,true,,3827,413,572,572,https://demoqa.com/text-box,3545,0,1594
1729816168744,3545,Formulario-textbox-835-0,301,Moved Permanently,Usuarios 1-829,text,true,,391,297,572,572,http://demoqa.com/text-box,3545,0,1594
1729816172289,2175,Formulario-textbox-835-1,200,OK,Usuarios 1-829,text,true,,3436,116,572,572,https://demoqa.com/text-box,2175,0,1634
1729816168724,5741,Formulario-textbox-827,200,OK,Usuarios 1-827,text,true,,3827,406,571,571,https://demoqa.com/text-box,3564,0,1611
1729816168724,3564,Formulario-textbox-827-0,301,Moved Permanently,Usuarios 1-827,text,true,,391,290,571,571,http://demoqa.com/text-box,3564,0,1611
1729816172288,2177,Formulario-textbox-827-1,200,OK,Usuarios 1-827,text,true,,3436,116,571,571,https://demoqa.com/text-box,2177,0,1635
1729816168642,5824,Formulario-textbox-798,200,OK,Usuarios 1-795,text,true,,3827,412,570,570,https://demoqa.com/text-box,3647,0,2783
1729816168642,3647,Formulario-textbox-798-0,301,Moved Permanently,Usuarios 1-795,text,true,,391,296,570,570,http://demoqa.com/text-box,3647,0,2783
1729816172289,2177,Formulario-textbox-798-1,200,OK,Usuarios 1-795,text,true,,3436,116,570,570,https://demoqa.com/text-box,2177,0,1647
1729816167613,6859,Formulario-textbox-428,200,OK,Usuarios 1-430,text,true,,3827,398,569,569,https://demoqa.com/text-box,698,0,326
1729816167613,698,Formulario-textbox-428-0,301,Moved Permanently,Usuarios 1-430,text,true,,391,282,569,569,http://demoqa.com/text-box,698,0,326
1729816168311,6161,Formulario-textbox-428-1,200,OK,Usuarios 1-430,text,true,,3436,116,569,569,https://demoqa.com/text-box,6161,0,5380
1729816168761,5725,Formulario-textbox-837,200,OK,Usuarios 1-835,text,true,,3827,391,568,568,https://demoqa.com/text-box,3527,0,1579
1729816168761,3527,Formulario-textbox-837-0,301,Moved Permanently,Usuarios 1-835,text,true,,391,275,568,568,http://demoqa.com/text-box,3527,0,1579
1729816172288,2198,Formulario-textbox-837-1,200,OK,Usuarios 1-835,text,true,,3436,116,568,568,https://demoqa.com/text-box,2198,0,1648
1729816168482,6004,Formulario-textbox-740,200,OK,Usuarios 1-738,text,true,,3827,406,567,567,https://demoqa.com/text-box,3806,0,1056
1729816168482,3806,Formulario-textbox-740-0,301,Moved Permanently,Usuarios 1-738,text,true,,391,290,567,567,http://demoqa.com/text-box,3806,0,1056
1729816172288,2198,Formulario-textbox-740-1,200,OK,Usuarios 1-738,text,true,,3436,116,567,567,https://demoqa.com/text-box,2198,0,1648
1729816168769,5718,Formulario-textbox-838,200,OK,Usuarios 1-838,text,true,,3827,408,566,566,https://demoqa.com/text-box,3521,0,1645
1729816168296,6191,Formulario-textbox-672,200,OK,Usuarios 1-673,text,true,,3827,410,566,566,https://demoqa.com/text-box,3992,0,881
1729816168769,3521,Formulario-textbox-838-0,301,Moved Permanently,Usuarios 1-838,text,true,,391,292,566,566,http://demoqa.com/text-box,3521,0,1645
1729816168296,3992,Formulario-textbox-672-0,301,Moved Permanently,Usuarios 1-673,text,true,,391,294,566,566,http://demoqa.com/text-box,3992,0,881
1729816172291,2196,Formulario-textbox-838-1,200,OK,Usuarios 1-838,text,true,,3436,116,566,566,https://demoqa.com/text-box,2196,0,1645
1729816172288,2199,Formulario-textbox-672-1,200,OK,Usuarios 1-673,text,true,,3436,116,566,566,https://demoqa.com/text-box,2199,0,1648
1729816168787,5728,Formulario-textbox-846,200,OK,Usuarios 1-846,text,true,,3827,402,564,564,https://demoqa.com/text-box,3543,0,1626
1729816168777,5738,Formulario-textbox-841,200,OK,Usuarios 1-847,text,true,,3827,400,564,564,https://demoqa.com/text-box,3553,0,1634
1729816168787,3543,Formulario-textbox-846-0,301,Moved Permanently,Usuarios 1-846,text,true,,391,286,564,564,http://demoqa.com/text-box,3543,0,1626
1729816172330,2185,Formulario-textbox-846-1,200,OK,Usuarios 1-846,text,true,,3436,116,564,564,https://demoqa.com/text-box,2185,0,1662
1729816168777,3553,Formulario-textbox-841-0,301,Moved Permanently,Usuarios 1-847,text,true,,391,284,564,564,http://demoqa.com/text-box,3553,0,1634
1729816172330,2185,Formulario-textbox-841-1,200,OK,Usuarios 1-847,text,true,,3436,116,564,564,https://demoqa.com/text-box,2185,0,1664
1729816168640,5888,Formulario-textbox-795,200,OK,Usuarios 1-799,text,true,,3827,412,562,562,https://demoqa.com/text-box,3690,0,2786
1729816168640,3690,Formulario-textbox-795-0,301,Moved Permanently,Usuarios 1-799,text,true,,391,296,562,562,http://demoqa.com/text-box,3690,0,2786
1729816172330,2198,Formulario-textbox-795-1,200,OK,Usuarios 1-799,text,true,,3436,116,562,562,https://demoqa.com/text-box,2198,0,1665
1729816168783,5748,Formulario-textbox-844,200,OK,Usuarios 1-843,text,true,,3827,404,561,561,https://demoqa.com/text-box,3547,0,1630
1729816166757,7774,Formulario-textbox-114,200,OK,Usuarios 1-113,text,true,,3827,419,561,561,https://demoqa.com/text-box,610,0,244
1729816168783,3547,Formulario-textbox-844-0,301,Moved Permanently,Usuarios 1-843,text,true,,391,288,561,561,http://demoqa.com/text-box,3547,0,1630
1729816166757,610,Formulario-textbox-114-0,301,Moved Permanently,Usuarios 1-113,text,true,,391,303,561,561,http://demoqa.com/text-box,610,0,244
1729816172330,2201,Formulario-textbox-844-1,200,OK,Usuarios 1-843,text,true,,3436,116,561,561,https://demoqa.com/text-box,2201,0,1683
1729816167367,7164,Formulario-textbox-114-1,200,OK,Usuarios 1-113,text,true,,3436,116,561,561,https://demoqa.com/text-box,7164,0,1400
1729816167570,6972,Formulario-textbox-411,200,OK,Usuarios 1-407,text,true,,3827,411,559,559,https://demoqa.com/text-box,739,0,320
1729816167570,739,Formulario-textbox-411-0,301,Moved Permanently,Usuarios 1-407,text,true,,391,295,559,559,http://demoqa.com/text-box,739,0,320
1729816168309,6233,Formulario-textbox-411-1,200,OK,Usuarios 1-407,text,true,,3436,116,559,559,https://demoqa.com/text-box,6233,0,5498
1729816168840,5706,Formulario-textbox-865,200,OK,Usuarios 1-870,text,true,,3827,410,558,558,https://demoqa.com/text-box,3539,0,1683
1729816168840,3539,Formulario-textbox-865-0,301,Moved Permanently,Usuarios 1-870,text,true,,391,294,558,558,http://demoqa.com/text-box,3539,0,1683
1729816172379,2167,Formulario-textbox-865-1,200,OK,Usuarios 1-870,text,true,,3436,116,558,558,https://demoqa.com/text-box,2167,0,1663
1729816166596,7951,Formulario-textbox-28,200,OK,Usuarios 1-29,text,true,,3827,398,557,557,https://demoqa.com/text-box,598,0,302
1729816166596,598,Formulario-textbox-28-0,301,Moved Permanently,Usuarios 1-29,text,true,,391,282,557,557,http://demoqa.com/text-box,598,0,302
1729816167194,7353,Formulario-textbox-28-1,200,OK,Usuarios 1-29,text,true,,3436,116,557,557,https://demoqa.com/text-box,7353,0,1533
1729816166595,7952,Formulario-textbox-46,200,OK,Usuarios 1-48,text,true,,3827,405,557,557,https://demoqa.com/text-box,599,0,303
1729816166934,7613,Formulario-textbox-178,200,OK,Usuarios 1-174,text,true,,3827,399,557,557,https://demoqa.com/text-box,623,0,258
1729816166595,599,Formulario-textbox-46-0,301,Moved Permanently,Usuarios 1-48,text,true,,391,289,557,557,http://demoqa.com/text-box,599,0,303
1729816167194,7353,Formulario-textbox-46-1,200,OK,Usuarios 1-48,text,true,,3436,116,557,557,https://demoqa.com/text-box,7353,0,1400
1729816166934,623,Formulario-textbox-178-0,301,Moved Permanently,Usuarios 1-174,text,true,,391,283,557,557,http://demoqa.com/text-box,623,0,258
1729816167557,6990,Formulario-textbox-178-1,200,OK,Usuarios 1-174,text,true,,3436,116,557,557,https://demoqa.com/text-box,6990,0,4422
1729816168640,5917,Formulario-textbox-796,200,OK,Usuarios 1-794,text,true,,3827,412,557,557,https://demoqa.com/text-box,3692,0,2807
1729816168640,3692,Formulario-textbox-796-0,301,Moved Permanently,Usuarios 1-794,text,true,,391,296,557,557,http://demoqa.com/text-box,3692,0,2807
1729816172332,2225,Formulario-textbox-796-1,200,OK,Usuarios 1-794,text,true,,3436,116,557,557,https://demoqa.com/text-box,2225,0,1708
1729816166997,7580,Formulario-textbox-203,200,OK,Usuarios 1-204,text,true,,3827,407,553,553,https://demoqa.com/text-box,677,0,354
1729816166603,7974,Formulario-textbox-57,200,OK,Usuarios 1-53,text,true,,3827,404,553,553,https://demoqa.com/text-box,673,0,361
1729816166997,677,Formulario-textbox-203-0,301,Moved Permanently,Usuarios 1-204,text,true,,391,291,553,553,http://demoqa.com/text-box,677,0,354
1729816166603,673,Formulario-textbox-57-0,301,Moved Permanently,Usuarios 1-53,text,true,,391,288,553,553,http://demoqa.com/text-box,673,0,361
1729816167675,6902,Formulario-textbox-203-1,200,OK,Usuarios 1-204,text,true,,3436,116,553,553,https://demoqa.com/text-box,6902,0,4303
1729816167009,7568,Formulario-textbox-207,200,OK,Usuarios 1-209,text,true,,3827,400,553,553,https://demoqa.com/text-box,667,0,358
1729816167276,7301,Formulario-textbox-57-1,200,OK,Usuarios 1-53,text,true,,3436,116,553,553,https://demoqa.com/text-box,7301,0,1450
1729816167009,667,Formulario-textbox-207-0,301,Moved Permanently,Usuarios 1-209,text,true,,391,284,553,553,http://demoqa.com/text-box,667,0,358
1729816167677,6900,Formulario-textbox-207-1,200,OK,Usuarios 1-209,text,true,,3436,116,553,553,https://demoqa.com/text-box,6900,0,4301
1729816167025,7553,Formulario-textbox-215,200,OK,Usuarios 1-216,text,true,,3827,400,550,550,https://demoqa.com/text-box,649,0,342
1729816167025,649,Formulario-textbox-215-0,301,Moved Permanently,Usuarios 1-216,text,true,,391,284,550,550,http://demoqa.com/text-box,649,0,342
1729816167675,6903,Formulario-textbox-215-1,200,OK,Usuarios 1-216,text,true,,3436,116,550,550,https://demoqa.com/text-box,6903,0,4303
1729816166676,7902,Formulario-textbox-83,200,OK,Usuarios 1-87,text,true,,3827,402,549,549,https://demoqa.com/text-box,599,0,288
1729816166676,599,Formulario-textbox-83-0,301,Moved Permanently,Usuarios 1-87,text,true,,391,286,549,549,http://demoqa.com/text-box,599,0,288
1729816167275,7303,Formulario-textbox-83-1,200,OK,Usuarios 1-87,text,true,,3436,116,549,549,https://demoqa.com/text-box,7303,0,4791
1729816166716,7863,Formulario-textbox-99,200,OK,Usuarios 1-99,text,true,,3827,399,549,549,https://demoqa.com/text-box,561,0,250
1729816166716,561,Formulario-textbox-99-0,301,Moved Permanently,Usuarios 1-99,text,true,,391,283,549,549,http://demoqa.com/text-box,561,0,250
1729816167277,7302,Formulario-textbox-99-1,200,OK,Usuarios 1-99,text,true,,3436,116,549,549,https://demoqa.com/text-box,7302,0,4789
1729816166596,7983,Formulario-textbox-48,200,OK,Usuarios 1-46,text,true,,3827,405,549,549,https://demoqa.com/text-box,599,0,301
1729816166596,599,Formulario-textbox-48-0,301,Moved Permanently,Usuarios 1-46,text,true,,391,289,549,549,http://demoqa.com/text-box,599,0,301
1729816167195,7384,Formulario-textbox-48-1,200,OK,Usuarios 1-46,text,true,,3436,116,549,549,https://demoqa.com/text-box,7384,0,4871
1729816166597,8026,Formulario-textbox-17,200,OK,Usuarios 1-16,text,true,,3827,412,546,546,https://demoqa.com/text-box,596,0,300
1729816166597,596,Formulario-textbox-17-0,301,Moved Permanently,Usuarios 1-16,text,true,,391,296,546,546,http://demoqa.com/text-box,596,0,300
1729816167193,7430,Formulario-textbox-17-1,200,OK,Usuarios 1-16,text,true,,3436,116,546,546,https://demoqa.com/text-box,7430,0,4787
1729816166597,8028,Formulario-textbox-41,200,OK,Usuarios 1-44,text,true,,3827,410,545,545,https://demoqa.com/text-box,565,0,296
1729816166597,565,Formulario-textbox-41-0,301,Moved Permanently,Usuarios 1-44,text,true,,391,294,545,545,http://demoqa.com/text-box,565,0,296
1729816167163,7462,Formulario-textbox-41-1,200,OK,Usuarios 1-44,text,true,,3436,116,545,545,https://demoqa.com/text-box,7462,0,4815
1729816167943,6692,Formulario-textbox-544,200,OK,Usuarios 1-547,text,true,,3827,397,544,544,https://demoqa.com/text-box,1377,0,368
1729816167943,1377,Formulario-textbox-544-0,301,Moved Permanently,Usuarios 1-547,text,true,,391,281,544,544,http://demoqa.com/text-box,1377,0,368
1729816169321,5314,Formulario-textbox-544-1,200,OK,Usuarios 1-547,text,true,,3436,116,544,544,https://demoqa.com/text-box,5314,0,4600
1729816166933,7723,Formulario-textbox-177,200,OK,Usuarios 1-179,text,true,,3827,394,543,543,https://demoqa.com/text-box,627,0,262
1729816166933,627,Formulario-textbox-177-0,301,Moved Permanently,Usuarios 1-179,text,true,,391,278,543,543,http://demoqa.com/text-box,627,0,262
1729816167560,7096,Formulario-textbox-177-1,200,OK,Usuarios 1-179,text,true,,3436,116,543,543,https://demoqa.com/text-box,7096,0,4507
1729816166873,7783,Formulario-textbox-156,200,OK,Usuarios 1-158,text,true,,3827,403,543,543,https://demoqa.com/text-box,590,0,218
1729816166873,590,Formulario-textbox-156-0,301,Moved Permanently,Usuarios 1-158,text,true,,391,287,543,543,http://demoqa.com/text-box,590,0,218
1729816167463,7193,Formulario-textbox-156-1,200,OK,Usuarios 1-158,text,true,,3436,116,543,543,https://demoqa.com/text-box,7193,0,4604
1729816167924,6736,Formulario-textbox-539,200,OK,Usuarios 1-541,text,true,,3827,403,541,541,https://demoqa.com/text-box,1395,0,385
1729816167911,6749,Formulario-textbox-534,200,OK,Usuarios 1-529,text,true,,3827,400,541,541,https://demoqa.com/text-box,1408,0,398
1729816167924,1395,Formulario-textbox-539-0,301,Moved Permanently,Usuarios 1-541,text,true,,391,287,541,541,http://demoqa.com/text-box,1395,0,385
1729816169319,5341,Formulario-textbox-539-1,200,OK,Usuarios 1-541,text,true,,3436,116,541,541,https://demoqa.com/text-box,5341,0,4603
1729816167911,1408,Formulario-textbox-534-0,301,Moved Permanently,Usuarios 1-529,text,true,,391,284,541,541,http://demoqa.com/text-box,1408,0,398
1729816169319,5341,Formulario-textbox-534-1,200,OK,Usuarios 1-529,text,true,,3436,116,541,541,https://demoqa.com/text-box,5341,0,4603
1729816167937,6727,Formulario-textbox-543,200,OK,Usuarios 1-542,text,true,,3827,405,539,539,https://demoqa.com/text-box,1384,0,374
1729816167937,1384,Formulario-textbox-543-0,301,Moved Permanently,Usuarios 1-542,text,true,,391,289,539,539,http://demoqa.com/text-box,1384,0,374
1729816169321,5343,Formulario-textbox-543-1,200,OK,Usuarios 1-542,text,true,,3436,116,539,539,https://demoqa.com/text-box,5343,0,4616
1729816167953,6725,Formulario-textbox-549,200,OK,Usuarios 1-550,text,true,,3827,401,538,538,https://demoqa.com/text-box,1367,0,358
1729816167960,6718,Formulario-textbox-553,200,OK,Usuarios 1-553,text,true,,3827,401,538,538,https://demoqa.com/text-box,1433,0,420
1729816167953,1367,Formulario-textbox-549-0,301,Moved Permanently,Usuarios 1-550,text,true,,391,285,538,538,http://demoqa.com/text-box,1367,0,358
1729816167960,1433,Formulario-textbox-553-0,301,Moved Permanently,Usuarios 1-553,text,true,,391,285,538,538,http://demoqa.com/text-box,1433,0,420
1729816169320,5358,Formulario-textbox-549-1,200,OK,Usuarios 1-550,text,true,,3436,116,538,538,https://demoqa.com/text-box,5358,0,4617
1729816167908,6770,Formulario-textbox-532,200,OK,Usuarios 1-534,text,true,,3827,394,538,538,https://demoqa.com/text-box,1411,0,400
1729816169393,5285,Formulario-textbox-553-1,200,OK,Usuarios 1-553,text,true,,3436,116,538,538,https://demoqa.com/text-box,5285,0,4544
1729816167908,1411,Formulario-textbox-532-0,301,Moved Permanently,Usuarios 1-534,text,true,,391,278,538,538,http://demoqa.com/text-box,1411,0,400
1729816169319,5359,Formulario-textbox-532-1,200,OK,Usuarios 1-534,text,true,,3436,116,538,538,https://demoqa.com/text-box,5359,0,4618
1729816167914,6766,Formulario-textbox-536,200,OK,Usuarios 1-538,text,true,,3827,405,535,535,https://demoqa.com/text-box,1403,0,395
1729816167914,1403,Formulario-textbox-536-0,301,Moved Permanently,Usuarios 1-538,text,true,,391,289,535,535,http://demoqa.com/text-box,1403,0,395
1729816169318,5362,Formulario-textbox-536-1,200,OK,Usuarios 1-538,text,true,,3436,116,535,535,https://demoqa.com/text-box,5362,0,4620
1729816168155,6532,Formulario-textbox-622,200,OK,Usuarios 1-617,text,true,,3827,405,534,534,https://demoqa.com/text-box,4627,0,3672
1729816168155,4627,Formulario-textbox-622-0,301,Moved Permanently,Usuarios 1-617,text,true,,391,289,534,534,http://demoqa.com/text-box,4627,0,3672
1729816172782,1905,Formulario-textbox-622-1,200,OK,Usuarios 1-617,text,true,,3436,116,534,534,https://demoqa.com/text-box,1905,0,1372
1729816167899,6806,Formulario-textbox-530,200,OK,Usuarios 1-532,text,true,,3827,396,533,533,https://demoqa.com/text-box,1419,0,409
1729816167899,1419,Formulario-textbox-530-0,301,Moved Permanently,Usuarios 1-532,text,true,,391,280,533,533,http://demoqa.com/text-box,1419,0,409
1729816169318,5387,Formulario-textbox-530-1,200,OK,Usuarios 1-532,text,true,,3436,116,533,533,https://demoqa.com/text-box,5387,0,4674
1729816167944,6762,Formulario-textbox-545,200,OK,Usuarios 1-543,text,true,,3827,413,532,532,https://demoqa.com/text-box,1376,0,367
1729816167944,1376,Formulario-textbox-545-0,301,Moved Permanently,Usuarios 1-543,text,true,,391,297,532,532,http://demoqa.com/text-box,1376,0,367
1729816169320,5386,Formulario-textbox-545-1,200,OK,Usuarios 1-543,text,true,,3436,116,532,532,https://demoqa.com/text-box,5386,0,4672
1729816167931,6777,Formulario-textbox-540,200,OK,Usuarios 1-540,text,true,,3827,403,531,531,https://demoqa.com/text-box,1388,0,379
1729816167931,1388,Formulario-textbox-540-0,301,Moved Permanently,Usuarios 1-540,text,true,,391,287,531,531,http://demoqa.com/text-box,1388,0,379
1729816169319,5389,Formulario-textbox-540-1,200,OK,Usuarios 1-540,text,true,,3436,116,531,531,https://demoqa.com/text-box,5389,0,4674
1729816167507,7213,Formulario-textbox-386,200,OK,Usuarios 1-387,text,true,,3827,397,530,530,https://demoqa.com/text-box,754,0,347
1729816167507,754,Formulario-textbox-386-0,301,Moved Permanently,Usuarios 1-387,text,true,,391,281,530,530,http://demoqa.com/text-box,754,0,347
1729816168262,6458,Formulario-textbox-386-1,200,OK,Usuarios 1-387,text,true,,3436,116,530,530,https://demoqa.com/text-box,6458,0,5749
1729816167955,6770,Formulario-textbox-551,200,OK,Usuarios 1-551,text,true,,3827,404,529,529,https://demoqa.com/text-box,1436,0,424
1729816167955,1436,Formulario-textbox-551-0,301,Moved Permanently,Usuarios 1-551,text,true,,391,288,529,529,http://demoqa.com/text-box,1436,0,424
1729816169392,5333,Formulario-textbox-551-1,200,OK,Usuarios 1-551,text,true,,3436,116,529,529,https://demoqa.com/text-box,5333,0,4620
1729816166595,8135,Formulario-textbox-31,200,OK,Usuarios 1-28,text,true,,3827,396,528,528,https://demoqa.com/text-box,570,0,299
1729816166595,570,Formulario-textbox-31-0,301,Moved Permanently,Usuarios 1-28,text,true,,391,280,528,528,http://demoqa.com/text-box,570,0,299
1729816167166,7564,Formulario-textbox-31-1,200,OK,Usuarios 1-28,text,true,,3436,116,528,528,https://demoqa.com/text-box,7564,0,4900
1729816168180,6551,Formulario-textbox-629,200,OK,Usuarios 1-628,text,true,,3827,404,527,527,https://demoqa.com/text-box,4671,0,3732
1729816168180,4671,Formulario-textbox-629-0,301,Moved Permanently,Usuarios 1-628,text,true,,391,288,527,527,http://demoqa.com/text-box,4671,0,3732
1729816172851,1880,Formulario-textbox-629-1,200,OK,Usuarios 1-628,text,true,,3436,116,527,527,https://demoqa.com/text-box,1880,0,1357
1729816166596,8136,Formulario-textbox-2,200,OK,Usuarios 1-7,text,true,,3827,401,526,526,https://demoqa.com/text-box,597,0,301
1729816166596,597,Formulario-textbox-2-0,301,Moved Permanently,Usuarios 1-7,text,true,,391,285,526,526,http://demoqa.com/text-box,597,0,301
1729816167193,7539,Formulario-textbox-2-1,200,OK,Usuarios 1-7,text,true,,3436,116,526,526,https://demoqa.com/text-box,7539,0,1446
1729816168150,6582,Formulario-textbox-619,200,OK,Usuarios 1-619,text,true,,3827,399,525,525,https://demoqa.com/text-box,4685,0,3759
1729816168150,4685,Formulario-textbox-619-0,301,Moved Permanently,Usuarios 1-619,text,true,,391,283,525,525,http://demoqa.com/text-box,4685,0,3759
1729816172835,1897,Formulario-textbox-619-1,200,OK,Usuarios 1-619,text,true,,3436,116,525,525,https://demoqa.com/text-box,1897,0,1373
1729816166597,8136,Formulario-textbox-24,200,OK,Usuarios 1-27,text,true,,3827,400,524,524,https://demoqa.com/text-box,568,0,297
1729816166597,568,Formulario-textbox-24-0,301,Moved Permanently,Usuarios 1-27,text,true,,391,284,524,524,http://demoqa.com/text-box,568,0,297
1729816167165,7568,Formulario-textbox-24-1,200,OK,Usuarios 1-27,text,true,,3436,116,524,524,https://demoqa.com/text-box,7568,0,4902
1729816168138,6627,Formulario-textbox-615,200,OK,Usuarios 1-613,text,true,,3827,402,523,523,https://demoqa.com/text-box,4694,0,3735
1729816168138,4694,Formulario-textbox-615-0,301,Moved Permanently,Usuarios 1-613,text,true,,391,286,523,523,http://demoqa.com/text-box,4694,0,3735
1729816172832,1933,Formulario-textbox-615-1,200,OK,Usuarios 1-613,text,true,,3436,116,523,523,https://demoqa.com/text-box,1933,0,1403
1729816168160,6607,Formulario-textbox-624,200,OK,Usuarios 1-626,text,true,,3827,392,522,522,https://demoqa.com/text-box,4691,0,3751
1729816168160,4691,Formulario-textbox-624-0,301,Moved Permanently,Usuarios 1-626,text,true,,391,276,522,522,http://demoqa.com/text-box,4691,0,3751
1729816172851,1916,Formulario-textbox-624-1,200,OK,Usuarios 1-626,text,true,,3436,116,522,522,https://demoqa.com/text-box,1916,0,1399
1729816168138,6630,Formulario-textbox-614,200,OK,Usuarios 1-614,text,true,,3827,408,521,521,https://demoqa.com/text-box,4711,0,3771
1729816168138,4711,Formulario-textbox-614-0,301,Moved Permanently,Usuarios 1-614,text,true,,391,292,521,521,http://demoqa.com/text-box,4711,0,3771
1729816172850,1918,Formulario-textbox-614-1,200,OK,Usuarios 1-614,text,true,,3436,116,521,521,https://demoqa.com/text-box,1918,0,1401
1729816168148,6620,Formulario-textbox-617,200,OK,Usuarios 1-616,text,true,,3827,401,520,520,https://demoqa.com/text-box,4684,0,3727
1729816168148,4684,Formulario-textbox-617-0,301,Moved Permanently,Usuarios 1-616,text,true,,391,285,520,520,http://demoqa.com/text-box,4684,0,3727
1729816172832,1936,Formulario-textbox-617-1,200,OK,Usuarios 1-616,text,true,,3436,116,520,520,https://demoqa.com/text-box,1936,0,1415
1729816168149,6631,Formulario-textbox-618,200,OK,Usuarios 1-622,text,true,,3827,393,519,519,https://demoqa.com/text-box,4701,0,3761
1729816168149,4701,Formulario-textbox-618-0,301,Moved Permanently,Usuarios 1-622,text,true,,391,277,519,519,http://demoqa.com/text-box,4701,0,3761
1729816172850,1930,Formulario-textbox-618-1,200,OK,Usuarios 1-622,text,true,,3436,116,519,519,https://demoqa.com/text-box,1930,0,1414
1729816166916,7880,Formulario-textbox-171,200,OK,Usuarios 1-173,text,true,,3827,406,518,518,https://demoqa.com/text-box,679,0,280
1729816166916,679,Formulario-textbox-171-0,301,Moved Permanently,Usuarios 1-173,text,true,,391,290,518,518,http://demoqa.com/text-box,679,0,280
1729816167595,7201,Formulario-textbox-171-1,200,OK,Usuarios 1-173,text,true,,3436,116,518,518,https://demoqa.com/text-box,7201,0,1171
1729816167605,7192,Formulario-textbox-426,200,OK,Usuarios 1-420,text,true,,3827,399,518,518,https://demoqa.com/text-box,774,0,335
1729816167605,774,Formulario-textbox-426-0,301,Moved Permanently,Usuarios 1-420,text,true,,391,283,518,518,http://demoqa.com/text-box,774,0,335
1729816168380,6417,Formulario-textbox-426-1,200,OK,Usuarios 1-420,text,true,,3436,116,518,518,https://demoqa.com/text-box,6417,0,5287
1729816167070,7746,Formulario-textbox-229,200,OK,Usuarios 1-229,text,true,,3827,406,516,516,https://demoqa.com/text-box,685,0,390
1729816167070,685,Formulario-textbox-229-0,301,Moved Permanently,Usuarios 1-229,text,true,,391,290,516,516,http://demoqa.com/text-box,685,0,390
1729816167755,7061,Formulario-textbox-229-1,200,OK,Usuarios 1-229,text,true,,3436,116,516,516,https://demoqa.com/text-box,7061,0,1224
1729816167609,7208,Formulario-textbox-427,200,OK,Usuarios 1-428,text,true,,3827,406,515,515,https://demoqa.com/text-box,773,0,333
1729816167609,773,Formulario-textbox-427-0,301,Moved Permanently,Usuarios 1-428,text,true,,391,290,515,515,http://demoqa.com/text-box,773,0,333
1729816168382,6435,Formulario-textbox-427-1,200,OK,Usuarios 1-428,text,true,,3436,116,515,515,https://demoqa.com/text-box,6435,0,5343
1729816169134,5696,Formulario-textbox-975,200,OK,Usuarios 1-971,text,true,,3827,396,514,514,https://demoqa.com/text-box,2846,0,2098
1729816169134,2846,Formulario-textbox-975-0,301,Moved Permanently,Usuarios 1-971,text,true,,391,280,514,514,http://demoqa.com/text-box,2846,0,2098
1729816171980,2850,Formulario-textbox-975-1,200,OK,Usuarios 1-971,text,true,,3436,116,514,514,https://demoqa.com/text-box,2850,0,2344
1729816169177,5654,Formulario-textbox-992,200,OK,Usuarios 1-991,text,true,,3827,409,513,513,https://demoqa.com/text-box,2800,0,2057
1729816169177,2800,Formulario-textbox-992-0,301,Moved Permanently,Usuarios 1-991,text,true,,391,293,513,513,http://demoqa.com/text-box,2800,0,2057
1729816171977,2854,Formulario-textbox-992-1,200,OK,Usuarios 1-991,text,true,,3436,116,513,513,https://demoqa.com/text-box,2854,0,2347
1729816169173,5658,Formulario-textbox-988,200,OK,Usuarios 1-988,text,true,,3827,409,512,512,https://demoqa.com/text-box,2804,0,2061
1729816169173,2804,Formulario-textbox-988-0,301,Moved Permanently,Usuarios 1-988,text,true,,391,293,512,512,http://demoqa.com/text-box,2804,0,2061
1729816171977,2854,Formulario-textbox-988-1,200,OK,Usuarios 1-988,text,true,,3436,116,512,512,https://demoqa.com/text-box,2854,0,2349
1729816169147,5685,Formulario-textbox-981,200,OK,Usuarios 1-981,text,true,,3827,405,511,511,https://demoqa.com/text-box,2832,0,2085
1729816169147,2832,Formulario-textbox-981-0,301,Moved Permanently,Usuarios 1-981,text,true,,391,289,511,511,http://demoqa.com/text-box,2832,0,2085
1729816171979,2853,Formulario-textbox-981-1,200,OK,Usuarios 1-981,text,true,,3436,116,511,511,https://demoqa.com/text-box,2853,0,2347
1729816169176,5694,Formulario-textbox-990,200,OK,Usuarios 1-989,text,true,,3827,413,510,510,https://demoqa.com/text-box,2802,0,2059
1729816169176,2802,Formulario-textbox-990-0,301,Moved Permanently,Usuarios 1-989,text,true,,391,297,510,510,http://demoqa.com/text-box,2802,0,2059
1729816171978,2892,Formulario-textbox-990-1,200,OK,Usuarios 1-989,text,true,,3436,116,510,510,https://demoqa.com/text-box,2892,0,2384
1729816168243,6627,Formulario-textbox-642,200,OK,Usuarios 1-644,text,true,,3827,399,509,509,https://demoqa.com/text-box,4923,0,605
1729816168243,4923,Formulario-textbox-642-0,301,Moved Permanently,Usuarios 1-644,text,true,,391,283,509,509,http://demoqa.com/text-box,4923,0,605
1729816173166,1704,Formulario-textbox-642-1,200,OK,Usuarios 1-644,text,true,,3436,116,509,509,https://demoqa.com/text-box,1704,0,1209
1729816167636,7244,Formulario-textbox-432,200,OK,Usuarios 1-431,text,true,,3827,406,508,508,https://demoqa.com/text-box,675,0,306
1729816167636,675,Formulario-textbox-432-0,301,Moved Permanently,Usuarios 1-431,text,true,,391,290,508,508,http://demoqa.com/text-box,675,0,306
1729816168311,6569,Formulario-textbox-432-1,200,OK,Usuarios 1-431,text,true,,3436,116,508,508,https://demoqa.com/text-box,6569,0,5495
1729816167592,7289,Formulario-textbox-421,200,OK,Usuarios 1-421,text,true,,3827,400,507,507,https://demoqa.com/text-box,790,0,347
1729816167683,7198,Formulario-textbox-452,200,OK,Usuarios 1-452,text,true,,3827,404,507,507,https://demoqa.com/text-box,699,0,289
1729816167592,790,Formulario-textbox-421-0,301,Moved Permanently,Usuarios 1-421,text,true,,391,284,507,507,http://demoqa.com/text-box,790,0,347
1729816167683,699,Formulario-textbox-452-0,301,Moved Permanently,Usuarios 1-452,text,true,,391,288,507,507,http://demoqa.com/text-box,699,0,289
1729816168382,6499,Formulario-textbox-421-1,200,OK,Usuarios 1-421,text,true,,3436,116,507,507,https://demoqa.com/text-box,6499,0,5454
1729816168383,6498,Formulario-textbox-452-1,200,OK,Usuarios 1-452,text,true,,3436,116,507,507,https://demoqa.com/text-box,6498,0,5453
1729816168246,6636,Formulario-textbox-650,200,OK,Usuarios 1-654,text,true,,3827,407,505,505,https://demoqa.com/text-box,4920,0,602
1729816168246,4920,Formulario-textbox-650-0,301,Moved Permanently,Usuarios 1-654,text,true,,391,291,505,505,http://demoqa.com/text-box,4920,0,602
1729816173166,1716,Formulario-textbox-650-1,200,OK,Usuarios 1-654,text,true,,3436,116,505,505,https://demoqa.com/text-box,1716,0,1222
1729816168247,6648,Formulario-textbox-655,200,OK,Usuarios 1-656,text,true,,3827,406,504,504,https://demoqa.com/text-box,4919,0,602
1729816168244,6651,Formulario-textbox-645,200,OK,Usuarios 1-643,text,true,,3827,404,504,504,https://demoqa.com/text-box,4922,0,604
1729816168247,4919,Formulario-textbox-655-0,301,Moved Permanently,Usuarios 1-656,text,true,,391,290,504,504,http://demoqa.com/text-box,4919,0,602
1729816168244,4922,Formulario-textbox-645-0,301,Moved Permanently,Usuarios 1-643,text,true,,391,288,504,504,http://demoqa.com/text-box,4922,0,604
1729816173166,1729,Formulario-textbox-655-1,200,OK,Usuarios 1-656,text,true,,3436,116,504,504,https://demoqa.com/text-box,1729,0,1222
1729816173166,1729,Formulario-textbox-645-1,200,OK,Usuarios 1-643,text,true,,3436,116,504,504,https://demoqa.com/text-box,1729,0,1222
1729816168354,6542,Formulario-textbox-693,200,OK,Usuarios 1-693,text,true,,3827,405,502,502,https://demoqa.com/text-box,4784,0,3854
1729816168354,4784,Formulario-textbox-693-0,301,Moved Permanently,Usuarios 1-693,text,true,,391,289,502,502,http://demoqa.com/text-box,4784,0,3854
1729816173138,1758,Formulario-textbox-693-1,200,OK,Usuarios 1-693,text,true,,3436,116,502,502,https://demoqa.com/text-box,1758,0,1250
1729816168351,6546,Formulario-textbox-692,200,OK,Usuarios 1-692,text,true,,3827,395,501,501,https://demoqa.com/text-box,4849,0,3893
1729816168351,4849,Formulario-textbox-692-0,301,Moved Permanently,Usuarios 1-692,text,true,,391,279,501,501,http://demoqa.com/text-box,4849,0,3893
1729816173200,1697,Formulario-textbox-692-1,200,OK,Usuarios 1-692,text,true,,3436,116,501,501,https://demoqa.com/text-box,1697,0,1210
1729816168252,6656,Formulario-textbox-657,200,OK,Usuarios 1-652,text,true,,3827,400,500,500,https://demoqa.com/text-box,4914,0,596
1729816168252,4914,Formulario-textbox-657-0,301,Moved Permanently,Usuarios 1-652,text,true,,391,284,500,500,http://demoqa.com/text-box,4914,0,596
1729816173166,1742,Formulario-textbox-657-1,200,OK,Usuarios 1-652,text,true,,3436,116,500,500,https://demoqa.com/text-box,1742,0,1246
1729816168404,6505,Formulario-textbox-710,200,OK,Usuarios 1-709,text,true,,3827,409,499,499,https://demoqa.com/text-box,4798,0,3884
1729816168404,4798,Formulario-textbox-710-0,301,Moved Permanently,Usuarios 1-709,text,true,,391,293,499,499,http://demoqa.com/text-box,4798,0,3884
1729816173202,1707,Formulario-textbox-710-1,200,OK,Usuarios 1-709,text,true,,3436,116,499,499,https://demoqa.com/text-box,1707,0,1246
1729816168349,6561,Formulario-textbox-690,200,OK,Usuarios 1-691,text,true,,3827,404,498,498,https://demoqa.com/text-box,4850,0,3895
1729816168349,4850,Formulario-textbox-690-0,301,Moved Permanently,Usuarios 1-691,text,true,,391,288,498,498,http://demoqa.com/text-box,4850,0,3895
1729816173200,1710,Formulario-textbox-690-1,200,OK,Usuarios 1-691,text,true,,3436,116,498,498,https://demoqa.com/text-box,1710,0,1249
1729816168413,6499,Formulario-textbox-712,200,OK,Usuarios 1-714,text,true,,3827,407,497,497,https://demoqa.com/text-box,4789,0,3876
1729816168413,4789,Formulario-textbox-712-0,301,Moved Permanently,Usuarios 1-714,text,true,,391,291,497,497,http://demoqa.com/text-box,4789,0,3876
1729816173202,1710,Formulario-textbox-712-1,200,OK,Usuarios 1-714,text,true,,3436,116,497,497,https://demoqa.com/text-box,1710,0,1247
1729816167515,7441,Formulario-textbox-392,200,OK,Usuarios 1-389,text,true,,3827,395,496,496,https://demoqa.com/text-box,660,0,277
1729816167515,660,Formulario-textbox-392-0,301,Moved Permanently,Usuarios 1-389,text,true,,391,279,496,496,http://demoqa.com/text-box,660,0,277
1729816168175,6781,Formulario-textbox-392-1,200,OK,Usuarios 1-389,text,true,,3436,116,496,496,https://demoqa.com/text-box,6780,0,6060
1729816167625,7336,Formulario-textbox-430,200,OK,Usuarios 1-427,text,true,,3827,389,495,495,https://demoqa.com/text-box,755,0,317
1729816167625,755,Formulario-textbox-430-0,301,Moved Permanently,Usuarios 1-427,text,true,,391,273,495,495,http://demoqa.com/text-box,755,0,317
1729816168380,6581,Formulario-textbox-430-1,200,OK,Usuarios 1-427,text,true,,3436,116,495,495,https://demoqa.com/text-box,6581,0,5611
1729816168413,6549,Formulario-textbox-713,200,OK,Usuarios 1-712,text,true,,3827,393,494,494,https://demoqa.com/text-box,4892,0,3917
1729816168413,4892,Formulario-textbox-713-0,301,Moved Permanently,Usuarios 1-712,text,true,,391,277,494,494,http://demoqa.com/text-box,4892,0,3917
1729816173305,1657,Formulario-textbox-713-1,200,OK,Usuarios 1-712,text,true,,3436,116,494,494,https://demoqa.com/text-box,1657,0,1210
1729816168428,6536,Formulario-textbox-718,200,OK,Usuarios 1-721,text,true,,3827,397,493,493,https://demoqa.com/text-box,4876,0,3903
1729816168406,6558,Formulario-textbox-711,200,OK,Usuarios 1-706,text,true,,3827,397,493,493,https://demoqa.com/text-box,4923,0,3924
1729816168428,4876,Formulario-textbox-718-0,301,Moved Permanently,Usuarios 1-721,text,true,,391,281,493,493,http://demoqa.com/text-box,4876,0,3903
1729816168406,4923,Formulario-textbox-711-0,301,Moved Permanently,Usuarios 1-706,text,true,,391,281,493,493,http://demoqa.com/text-box,4923,0,3924
1729816173304,1660,Formulario-textbox-718-1,200,OK,Usuarios 1-721,text,true,,3436,116,493,493,https://demoqa.com/text-box,1660,0,1224
1729816173329,1635,Formulario-textbox-711-1,200,OK,Usuarios 1-706,text,true,,3436,116,493,493,https://demoqa.com/text-box,1635,0,1201
1729816167710,7265,Formulario-textbox-460,200,OK,Usuarios 1-461,text,true,,3827,405,491,491,https://demoqa.com/text-box,1139,0,353
1729816167368,7607,Formulario-textbox-338,200,OK,Usuarios 1-336,text,true,,3827,402,491,491,https://demoqa.com/text-box,692,0,309
1729816167710,1139,Formulario-textbox-460-0,301,Moved Permanently,Usuarios 1-461,text,true,,391,289,491,491,http://demoqa.com/text-box,1139,0,353
1729816167368,692,Formulario-textbox-338-0,301,Moved Permanently,Usuarios 1-336,text,true,,391,286,491,491,http://demoqa.com/text-box,692,0,309
1729816168849,6126,Formulario-textbox-460-1,200,OK,Usuarios 1-461,text,true,,3436,116,491,491,https://demoqa.com/text-box,6126,0,5192
1729816168061,6914,Formulario-textbox-338-1,200,OK,Usuarios 1-336,text,true,,3436,116,491,491,https://demoqa.com/text-box,6914,0,4316
1729816167420,7557,Formulario-textbox-357,200,OK,Usuarios 1-359,text,true,,3827,406,489,489,https://demoqa.com/text-box,753,0,334
1729816167420,753,Formulario-textbox-357-0,301,Moved Permanently,Usuarios 1-359,text,true,,391,290,489,489,http://demoqa.com/text-box,753,0,334
1729816168173,6804,Formulario-textbox-357-1,200,OK,Usuarios 1-359,text,true,,3436,116,489,489,https://demoqa.com/text-box,6804,0,2163
1729816167520,7471,Formulario-textbox-394,200,OK,Usuarios 1-396,text,true,,3827,402,488,488,https://demoqa.com/text-box,741,0,334
1729816167579,7412,Formulario-textbox-416,200,OK,Usuarios 1-410,text,true,,3827,404,488,488,https://demoqa.com/text-box,680,0,275
1729816167520,741,Formulario-textbox-394-0,301,Moved Permanently,Usuarios 1-396,text,true,,391,286,488,488,http://demoqa.com/text-box,741,0,334
1729816167579,680,Formulario-textbox-416-0,301,Moved Permanently,Usuarios 1-410,text,true,,391,288,488,488,http://demoqa.com/text-box,680,0,275
1729816168262,6729,Formulario-textbox-394-1,200,OK,Usuarios 1-396,text,true,,3436,116,488,488,https://demoqa.com/text-box,6729,0,6027
1729816168260,6731,Formulario-textbox-416-1,200,OK,Usuarios 1-410,text,true,,3436,116,488,488,https://demoqa.com/text-box,6731,0,6029
1729816167543,7448,Formulario-textbox-401,200,OK,Usuarios 1-402,text,true,,3827,410,486,486,https://demoqa.com/text-box,719,0,311
1729816167543,719,Formulario-textbox-401-0,301,Moved Permanently,Usuarios 1-402,text,true,,391,294,486,486,http://demoqa.com/text-box,719,0,311
1729816168262,6729,Formulario-textbox-401-1,200,OK,Usuarios 1-402,text,true,,3436,116,486,486,https://demoqa.com/text-box,6729,0,6027
1729816167554,7438,Formulario-textbox-406,200,OK,Usuarios 1-404,text,true,,3827,402,485,485,https://demoqa.com/text-box,705,0,300
1729816167554,705,Formulario-textbox-406-0,301,Moved Permanently,Usuarios 1-404,text,true,,391,286,485,485,http://demoqa.com/text-box,705,0,300
1729816168260,6732,Formulario-textbox-406-1,200,OK,Usuarios 1-404,text,true,,3436,116,485,485,https://demoqa.com/text-box,6732,0,6030
1729816167568,7446,Formulario-textbox-410,200,OK,Usuarios 1-412,text,true,,3827,413,484,484,https://demoqa.com/text-box,691,0,286
1729816167568,691,Formulario-textbox-410-0,301,Moved Permanently,Usuarios 1-412,text,true,,391,297,484,484,http://demoqa.com/text-box,691,0,286
1729816168260,6754,Formulario-textbox-410-1,200,OK,Usuarios 1-412,text,true,,3436,116,484,484,https://demoqa.com/text-box,6754,0,6043
1729816167141,7889,Formulario-textbox-254,200,OK,Usuarios 1-251,text,true,,3827,406,483,483,https://demoqa.com/text-box,706,0,373
1729816167141,707,Formulario-textbox-254-0,301,Moved Permanently,Usuarios 1-251,text,true,,391,290,483,483,http://demoqa.com/text-box,706,0,373
1729816167848,7182,Formulario-textbox-254-1,200,OK,Usuarios 1-251,text,true,,3436,116,483,483,https://demoqa.com/text-box,7182,0,1193
1729816168818,6237,Formulario-textbox-856,200,OK,Usuarios 1-855,text,true,,3827,402,482,482,https://demoqa.com/text-box,4670,0,1673
1729816168818,4670,Formulario-textbox-856-0,301,Moved Permanently,Usuarios 1-855,text,true,,391,286,482,482,http://demoqa.com/text-box,4670,0,1673
1729816173488,1567,Formulario-textbox-856-1,200,OK,Usuarios 1-855,text,true,,3436,116,482,482,https://demoqa.com/text-box,1567,0,1168
1729816168805,6252,Formulario-textbox-851,200,OK,Usuarios 1-852,text,true,,3827,399,481,481,https://demoqa.com/text-box,4684,0,1686
1729816168805,4684,Formulario-textbox-851-0,301,Moved Permanently,Usuarios 1-852,text,true,,391,283,481,481,http://demoqa.com/text-box,4684,0,1686
1729816173489,1568,Formulario-textbox-851-1,200,OK,Usuarios 1-852,text,true,,3436,116,481,481,https://demoqa.com/text-box,1568,0,1169
1729816168826,6242,Formulario-textbox-859,200,OK,Usuarios 1-858,text,true,,3827,391,480,480,https://demoqa.com/text-box,4663,0,1665
1729816168826,4663,Formulario-textbox-859-0,301,Moved Permanently,Usuarios 1-858,text,true,,391,275,480,480,http://demoqa.com/text-box,4663,0,1665
1729816173489,1579,Formulario-textbox-859-1,200,OK,Usuarios 1-858,text,true,,3436,116,480,480,https://demoqa.com/text-box,1579,0,1169
1729816166595,8473,Formulario-textbox-7,200,OK,Usuarios 1-5,text,true,,3827,400,480,480,https://demoqa.com/text-box,502,0,280
1729816166595,502,Formulario-textbox-7-0,301,Moved Permanently,Usuarios 1-5,text,true,,391,284,480,480,http://demoqa.com/text-box,502,0,280
1729816167100,7968,Formulario-textbox-7-1,200,OK,Usuarios 1-5,text,true,,3436,116,480,480,https://demoqa.com/text-box,7968,0,7290
1729816168333,6737,Formulario-textbox-685,200,OK,Usuarios 1-688,text,true,,3827,400,478,478,https://demoqa.com/text-box,4167,0,924
1729816168333,4167,Formulario-textbox-685-0,301,Moved Permanently,Usuarios 1-688,text,true,,391,284,478,478,http://demoqa.com/text-box,4167,0,924
1729816172501,2569,Formulario-textbox-685-1,200,OK,Usuarios 1-688,text,true,,3436,116,478,478,https://demoqa.com/text-box,2569,0,2188
1729816168829,6259,Formulario-textbox-860,200,OK,Usuarios 1-859,text,true,,3827,394,477,477,https://demoqa.com/text-box,4660,0,1662
1729816168829,4660,Formulario-textbox-860-0,301,Moved Permanently,Usuarios 1-859,text,true,,391,278,477,477,http://demoqa.com/text-box,4660,0,1662
1729816173489,1599,Formulario-textbox-860-1,200,OK,Usuarios 1-859,text,true,,3436,116,477,477,https://demoqa.com/text-box,1599,0,1198
1729816168314,6775,Formulario-textbox-677,200,OK,Usuarios 1-676,text,true,,3827,400,476,476,https://demoqa.com/text-box,4187,0,943
1729816168314,4187,Formulario-textbox-677-0,301,Moved Permanently,Usuarios 1-676,text,true,,391,284,476,476,http://demoqa.com/text-box,4187,0,943
1729816172501,2588,Formulario-textbox-677-1,200,OK,Usuarios 1-676,text,true,,3436,116,476,476,https://demoqa.com/text-box,2588,0,2205
1729816168324,6766,Formulario-textbox-681,200,OK,Usuarios 1-681,text,true,,3827,403,475,475,https://demoqa.com/text-box,4177,0,933
1729816168324,4177,Formulario-textbox-681-0,301,Moved Permanently,Usuarios 1-681,text,true,,391,287,475,475,http://demoqa.com/text-box,4177,0,933
1729816172501,2589,Formulario-textbox-681-1,200,OK,Usuarios 1-681,text,true,,3436,116,475,475,https://demoqa.com/text-box,2589,0,2205
1729816166647,8447,Formulario-textbox-73,200,OK,Usuarios 1-69,text,true,,3827,405,474,474,https://demoqa.com/text-box,516,0,247
1729816166596,8498,Formulario-textbox-18,200,OK,Usuarios 1-18,text,true,,3827,400,474,474,https://demoqa.com/text-box,565,0,297
1729816166595,8499,Formulario-textbox-6,200,OK,Usuarios 1-14,text,true,,3827,411,474,474,https://demoqa.com/text-box,502,0,280
1729816166699,8395,Formulario-textbox-93,200,OK,Usuarios 1-92,text,true,,3827,404,474,474,https://demoqa.com/text-box,462,0,195
1729816166596,565,Formulario-textbox-18-0,301,Moved Permanently,Usuarios 1-18,text,true,,391,284,474,474,http://demoqa.com/text-box,565,0,297
1729816166595,502,Formulario-textbox-6-0,301,Moved Permanently,Usuarios 1-14,text,true,,391,295,474,474,http://demoqa.com/text-box,502,0,280
1729816167161,7933,Formulario-textbox-18-1,200,OK,Usuarios 1-18,text,true,,3436,116,474,474,https://demoqa.com/text-box,7933,0,7250
1729816166699,462,Formulario-textbox-93-0,301,Moved Permanently,Usuarios 1-92,text,true,,391,288,474,474,http://demoqa.com/text-box,462,0,195
1729816167100,7994,Formulario-textbox-6-1,200,OK,Usuarios 1-14,text,true,,3436,116,474,474,https://demoqa.com/text-box,7994,0,7311
1729816167162,7932,Formulario-textbox-93-1,200,OK,Usuarios 1-92,text,true,,3436,116,474,474,https://demoqa.com/text-box,7932,0,7249
1729816166647,516,Formulario-textbox-73-0,301,Moved Permanently,Usuarios 1-69,text,true,,391,289,474,474,http://demoqa.com/text-box,516,0,247
1729816167164,7930,Formulario-textbox-73-1,200,OK,Usuarios 1-69,text,true,,3436,116,474,474,https://demoqa.com/text-box,7930,0,7246
1729816166601,8494,Formulario-textbox-56,200,OK,Usuarios 1-54,text,true,,3827,406,470,470,https://demoqa.com/text-box,496,0,274
1729816166596,8499,Formulario-textbox-50,200,OK,Usuarios 1-51,text,true,,3827,406,470,470,https://demoqa.com/text-box,570,0,299
1729816166601,496,Formulario-textbox-56-0,301,Moved Permanently,Usuarios 1-54,text,true,,391,290,470,470,http://demoqa.com/text-box,496,0,274
1729816166596,570,Formulario-textbox-50-0,301,Moved Permanently,Usuarios 1-51,text,true,,391,290,470,470,http://demoqa.com/text-box,570,0,299
1729816167100,7995,Formulario-textbox-56-1,200,OK,Usuarios 1-54,text,true,,3436,116,470,470,https://demoqa.com/text-box,7995,0,7312
1729816167167,7928,Formulario-textbox-50-1,200,OK,Usuarios 1-51,text,true,,3436,116,470,470,https://demoqa.com/text-box,7928,0,7244
1729816168315,6793,Formulario-textbox-678,200,OK,Usuarios 1-680,text,true,,3827,418,468,468,https://demoqa.com/text-box,4185,0,944
1729816168339,6769,Formulario-textbox-688,200,OK,Usuarios 1-683,text,true,,3827,397,468,468,https://demoqa.com/text-box,4161,0,916
1729816168315,4185,Formulario-textbox-678-0,301,Moved Permanently,Usuarios 1-680,text,true,,391,302,468,468,http://demoqa.com/text-box,4185,0,944
1729816168339,4161,Formulario-textbox-688-0,301,Moved Permanently,Usuarios 1-683,text,true,,391,281,468,468,http://demoqa.com/text-box,4161,0,916
1729816172501,2607,Formulario-textbox-678-1,200,OK,Usuarios 1-680,text,true,,3436,116,468,468,https://demoqa.com/text-box,2607,0,2206
1729816172501,2607,Formulario-textbox-688-1,200,OK,Usuarios 1-683,text,true,,3436,116,468,468,https://demoqa.com/text-box,2607,0,2205
1729816168297,6812,Formulario-textbox-673,200,OK,Usuarios 1-674,text,true,,3827,409,466,466,https://demoqa.com/text-box,4203,0,957
1729816168300,6809,Formulario-textbox-674,200,OK,Usuarios 1-675,text,true,,3827,404,466,466,https://demoqa.com/text-box,4201,0,956
1729816168297,4203,Formulario-textbox-673-0,301,Moved Permanently,Usuarios 1-674,text,true,,391,293,466,466,http://demoqa.com/text-box,4203,0,957
1729816172501,2608,Formulario-textbox-673-1,200,OK,Usuarios 1-674,text,true,,3436,116,466,466,https://demoqa.com/text-box,2608,0,2206
1729816168300,4201,Formulario-textbox-674-0,301,Moved Permanently,Usuarios 1-675,text,true,,391,288,466,466,http://demoqa.com/text-box,4201,0,956
1729816172501,2608,Formulario-textbox-674-1,200,OK,Usuarios 1-675,text,true,,3436,116,466,466,https://demoqa.com/text-box,2608,0,2206
1729816168329,6781,Formulario-textbox-683,200,OK,Usuarios 1-684,text,true,,3827,398,464,464,https://demoqa.com/text-box,4171,0,928
1729816168329,4171,Formulario-textbox-683-0,301,Moved Permanently,Usuarios 1-684,text,true,,391,282,464,464,http://demoqa.com/text-box,4171,0,928
1729816172501,2609,Formulario-textbox-683-1,200,OK,Usuarios 1-684,text,true,,3436,116,464,464,https://demoqa.com/text-box,2609,0,2207
1729816168339,6771,Formulario-textbox-687,200,OK,Usuarios 1-686,text,true,,3827,397,463,463,https://demoqa.com/text-box,4161,0,917
1729816168315,6795,Formulario-textbox-679,200,OK,Usuarios 1-677,text,true,,3827,405,463,463,https://demoqa.com/text-box,4185,0,939
1729816168339,4161,Formulario-textbox-687-0,301,Moved Permanently,Usuarios 1-686,text,true,,391,281,463,463,http://demoqa.com/text-box,4161,0,917
1729816172501,2609,Formulario-textbox-687-1,200,OK,Usuarios 1-686,text,true,,3436,116,463,463,https://demoqa.com/text-box,2609,0,2207
1729816168315,4185,Formulario-textbox-679-0,301,Moved Permanently,Usuarios 1-677,text,true,,391,289,463,463,http://demoqa.com/text-box,4185,0,939
1729816172501,2609,Formulario-textbox-679-1,200,OK,Usuarios 1-677,text,true,,3436,116,463,463,https://demoqa.com/text-box,2609,0,2207
1729816168325,6786,Formulario-textbox-682,200,OK,Usuarios 1-682,text,true,,3827,404,461,461,https://demoqa.com/text-box,4175,0,930
1729816168325,4175,Formulario-textbox-682-0,301,Moved Permanently,Usuarios 1-682,text,true,,391,288,461,461,http://demoqa.com/text-box,4175,0,930
1729816172501,2610,Formulario-textbox-682-1,200,OK,Usuarios 1-682,text,true,,3436,116,461,461,https://demoqa.com/text-box,2610,0,2208
1729816166982,8167,Formulario-textbox-198,200,OK,Usuarios 1-191,text,true,,3827,398,460,460,https://demoqa.com/text-box,692,0,368
1729816166982,692,Formulario-textbox-198-0,301,Moved Permanently,Usuarios 1-191,text,true,,391,282,460,460,http://demoqa.com/text-box,692,0,368
1729816167675,7474,Formulario-textbox-198-1,200,OK,Usuarios 1-191,text,true,,3436,116,460,460,https://demoqa.com/text-box,7474,0,1176
1729816166970,8180,Formulario-textbox-193,200,OK,Usuarios 1-195,text,true,,3827,402,459,459,https://demoqa.com/text-box,706,0,382
1729816166978,8172,Formulario-textbox-196,200,OK,Usuarios 1-199,text,true,,3827,394,459,459,https://demoqa.com/text-box,698,0,374
1729816166970,706,Formulario-textbox-193-0,301,Moved Permanently,Usuarios 1-195,text,true,,391,286,459,459,http://demoqa.com/text-box,706,0,382
1729816166978,698,Formulario-textbox-196-0,301,Moved Permanently,Usuarios 1-199,text,true,,391,278,459,459,http://demoqa.com/text-box,698,0,374
1729816167676,7474,Formulario-textbox-193-1,200,OK,Usuarios 1-195,text,true,,3436,116,459,459,https://demoqa.com/text-box,7474,0,1175
1729816167677,7473,Formulario-textbox-196-1,200,OK,Usuarios 1-199,text,true,,3436,116,459,459,https://demoqa.com/text-box,7473,0,1174
1729816168893,6260,Formulario-textbox-885,200,OK,Usuarios 1-885,text,true,,3827,394,457,457,https://demoqa.com/text-box,4774,0,2136
1729816168893,4774,Formulario-textbox-885-0,301,Moved Permanently,Usuarios 1-885,text,true,,391,278,457,457,http://demoqa.com/text-box,4774,0,2136
1729816173667,1486,Formulario-textbox-885-1,200,OK,Usuarios 1-885,text,true,,3436,116,457,457,https://demoqa.com/text-box,1486,0,1115
1729816168895,6258,Formulario-textbox-887,200,OK,Usuarios 1-882,text,true,,3827,399,456,456,https://demoqa.com/text-box,4797,0,2134
1729816168895,4797,Formulario-textbox-887-0,301,Moved Permanently,Usuarios 1-882,text,true,,391,283,456,456,http://demoqa.com/text-box,4797,0,2134
1729816173692,1461,Formulario-textbox-887-1,200,OK,Usuarios 1-882,text,true,,3436,116,456,456,https://demoqa.com/text-box,1461,0,1104
1729816168910,6244,Formulario-textbox-891,200,OK,Usuarios 1-891,text,true,,3827,410,455,455,https://demoqa.com/text-box,4756,0,2119
1729816168910,4756,Formulario-textbox-891-0,301,Moved Permanently,Usuarios 1-891,text,true,,391,294,455,455,http://demoqa.com/text-box,4756,0,2119
1729816173666,1488,Formulario-textbox-891-1,200,OK,Usuarios 1-891,text,true,,3436,116,455,455,https://demoqa.com/text-box,1488,0,1130
1729816168912,6243,Formulario-textbox-894,200,OK,Usuarios 1-895,text,true,,3827,402,454,454,https://demoqa.com/text-box,4776,0,2117
1729816168912,4776,Formulario-textbox-894-0,301,Moved Permanently,Usuarios 1-895,text,true,,391,286,454,454,http://demoqa.com/text-box,4776,0,2117
1729816173689,1466,Formulario-textbox-894-1,200,OK,Usuarios 1-895,text,true,,3436,116,454,454,https://demoqa.com/text-box,1466,0,1110
1729816167097,8076,Formulario-textbox-238,200,OK,Usuarios 1-239,text,true,,3827,400,453,453,https://demoqa.com/text-box,660,0,367
1729816167062,8111,Formulario-textbox-226,200,OK,Usuarios 1-226,text,true,,3827,403,453,453,https://demoqa.com/text-box,696,0,399
1729816167097,660,Formulario-textbox-238-0,301,Moved Permanently,Usuarios 1-239,text,true,,391,284,453,453,http://demoqa.com/text-box,660,0,367
1729816167062,696,Formulario-textbox-226-0,301,Moved Permanently,Usuarios 1-226,text,true,,391,287,453,453,http://demoqa.com/text-box,696,0,399
1729816167757,7416,Formulario-textbox-238-1,200,OK,Usuarios 1-239,text,true,,3436,116,453,453,https://demoqa.com/text-box,7416,0,1132
1729816167759,7414,Formulario-textbox-226-1,200,OK,Usuarios 1-226,text,true,,3436,116,453,453,https://demoqa.com/text-box,7414,0,1131
1729816168200,6973,Formulario-textbox-639,200,OK,Usuarios 1-640,text,true,,3827,402,453,453,https://demoqa.com/text-box,5526,0,3753
1729816167087,8086,Formulario-textbox-236,200,OK,Usuarios 1-237,text,true,,3827,407,453,453,https://demoqa.com/text-box,673,0,376
1729816168200,5526,Formulario-textbox-639-0,301,Moved Permanently,Usuarios 1-640,text,true,,391,286,453,453,http://demoqa.com/text-box,5526,0,3753
1729816167087,673,Formulario-textbox-236-0,301,Moved Permanently,Usuarios 1-237,text,true,,391,291,453,453,http://demoqa.com/text-box,673,0,376
1729816167760,7413,Formulario-textbox-236-1,200,OK,Usuarios 1-237,text,true,,3436,116,453,453,https://demoqa.com/text-box,7413,0,1131
1729816173726,1447,Formulario-textbox-639-1,200,OK,Usuarios 1-640,text,true,,3436,116,453,453,https://demoqa.com/text-box,1447,0,1089
1729816166994,8180,Formulario-textbox-202,200,OK,Usuarios 1-201,text,true,,3827,389,449,449,https://demoqa.com/text-box,680,0,357
1729816166994,680,Formulario-textbox-202-0,301,Moved Permanently,Usuarios 1-201,text,true,,391,273,449,449,http://demoqa.com/text-box,680,0,357
1729816167022,8152,Formulario-textbox-212,200,OK,Usuarios 1-214,text,true,,3827,398,449,449,https://demoqa.com/text-box,732,0,379
1729816167675,7499,Formulario-textbox-202-1,200,OK,Usuarios 1-201,text,true,,3436,116,449,449,https://demoqa.com/text-box,7499,0,1174
1729816167012,8162,Formulario-textbox-208,200,OK,Usuarios 1-210,text,true,,3827,409,449,449,https://demoqa.com/text-box,742,0,389
1729816167022,732,Formulario-textbox-212-0,301,Moved Permanently,Usuarios 1-214,text,true,,391,282,449,449,http://demoqa.com/text-box,732,0,379
1729816167012,742,Formulario-textbox-208-0,301,Moved Permanently,Usuarios 1-210,text,true,,391,293,449,449,http://demoqa.com/text-box,742,0,389
1729816167754,7420,Formulario-textbox-212-1,200,OK,Usuarios 1-214,text,true,,3436,116,449,449,https://demoqa.com/text-box,7420,0,1139
1729816167754,7420,Formulario-textbox-208-1,200,OK,Usuarios 1-210,text,true,,3436,116,449,449,https://demoqa.com/text-box,7420,0,1138
1729816168908,6267,Formulario-textbox-890,200,OK,Usuarios 1-890,text,true,,3827,408,446,446,https://demoqa.com/text-box,4780,0,2121
1729816168908,4780,Formulario-textbox-890-0,301,Moved Permanently,Usuarios 1-890,text,true,,391,292,446,446,http://demoqa.com/text-box,4780,0,2121
1729816173689,1486,Formulario-textbox-890-1,200,OK,Usuarios 1-890,text,true,,3436,116,446,446,https://demoqa.com/text-box,1486,0,1126
1729816167180,8009,Formulario-textbox-269,200,OK,Usuarios 1-272,text,true,,3827,395,445,445,https://demoqa.com/text-box,671,0,376
1729816167180,671,Formulario-textbox-269-0,301,Moved Permanently,Usuarios 1-272,text,true,,391,279,445,445,http://demoqa.com/text-box,671,0,376
1729816167851,7338,Formulario-textbox-269-1,200,OK,Usuarios 1-272,text,true,,3436,116,445,445,https://demoqa.com/text-box,7338,0,6731
1729816168911,6293,Formulario-textbox-892,200,OK,Usuarios 1-893,text,true,,3827,401,444,444,https://demoqa.com/text-box,4813,0,2118
1729816168912,6292,Formulario-textbox-893,200,OK,Usuarios 1-888,text,true,,3827,408,444,444,https://demoqa.com/text-box,4812,0,2117
1729816168911,4813,Formulario-textbox-892-0,301,Moved Permanently,Usuarios 1-893,text,true,,391,285,444,444,http://demoqa.com/text-box,4813,0,2118
1729816173724,1480,Formulario-textbox-892-1,200,OK,Usuarios 1-893,text,true,,3436,116,444,444,https://demoqa.com/text-box,1480,0,1106
1729816168912,4812,Formulario-textbox-893-0,301,Moved Permanently,Usuarios 1-888,text,true,,391,292,444,444,http://demoqa.com/text-box,4812,0,2117
1729816173725,1479,Formulario-textbox-893-1,200,OK,Usuarios 1-888,text,true,,3436,116,444,444,https://demoqa.com/text-box,1479,0,1106
1729816168907,6299,Formulario-textbox-889,200,OK,Usuarios 1-892,text,true,,3827,396,442,442,https://demoqa.com/text-box,4819,0,2122
1729816168197,7009,Formulario-textbox-636,200,OK,Usuarios 1-637,text,true,,3827,400,442,442,https://demoqa.com/text-box,5529,0,3756
1729816168907,4819,Formulario-textbox-889-0,301,Moved Permanently,Usuarios 1-892,text,true,,391,280,442,442,http://demoqa.com/text-box,4819,0,2122
1729816168197,5529,Formulario-textbox-636-0,301,Moved Permanently,Usuarios 1-637,text,true,,391,284,442,442,http://demoqa.com/text-box,5529,0,3756
1729816173726,1480,Formulario-textbox-889-1,200,OK,Usuarios 1-892,text,true,,3436,116,442,442,https://demoqa.com/text-box,1480,0,1105
1729816173726,1480,Formulario-textbox-636-1,200,OK,Usuarios 1-637,text,true,,3436,116,442,442,https://demoqa.com/text-box,1480,0,1106
1729816168887,6319,Formulario-textbox-882,200,OK,Usuarios 1-884,text,true,,3827,397,440,440,https://demoqa.com/text-box,4836,0,2142
1729816168887,4836,Formulario-textbox-882-0,301,Moved Permanently,Usuarios 1-884,text,true,,391,281,440,440,http://demoqa.com/text-box,4836,0,2142
1729816173724,1482,Formulario-textbox-882-1,200,OK,Usuarios 1-884,text,true,,3436,116,440,440,https://demoqa.com/text-box,1482,0,1108
1729816167147,8065,Formulario-textbox-256,200,OK,Usuarios 1-254,text,true,,3827,396,439,439,https://demoqa.com/text-box,701,0,368
1729816167207,8005,Formulario-textbox-281,200,OK,Usuarios 1-283,text,true,,3827,401,439,439,https://demoqa.com/text-box,643,0,352
1729816167147,701,Formulario-textbox-256-0,301,Moved Permanently,Usuarios 1-254,text,true,,391,280,439,439,http://demoqa.com/text-box,701,0,368
1729816167207,643,Formulario-textbox-281-0,301,Moved Permanently,Usuarios 1-283,text,true,,391,285,439,439,http://demoqa.com/text-box,643,0,352
1729816167848,7364,Formulario-textbox-256-1,200,OK,Usuarios 1-254,text,true,,3436,116,439,439,https://demoqa.com/text-box,7364,0,6774
1729816167850,7362,Formulario-textbox-281-1,200,OK,Usuarios 1-283,text,true,,3436,116,439,439,https://demoqa.com/text-box,7362,0,6772
1729816167212,8018,Formulario-textbox-283,200,OK,Usuarios 1-285,text,true,,3827,400,437,437,https://demoqa.com/text-box,728,0,384
1729816167212,728,Formulario-textbox-283-0,301,Moved Permanently,Usuarios 1-285,text,true,,391,284,437,437,http://demoqa.com/text-box,728,0,384
1729816167941,7289,Formulario-textbox-283-1,200,OK,Usuarios 1-285,text,true,,3436,116,437,437,https://demoqa.com/text-box,7289,0,6681
1729816167180,8050,Formulario-textbox-270,200,OK,Usuarios 1-266,text,true,,3827,392,437,437,https://demoqa.com/text-box,708,0,377
1729816167182,8048,Formulario-textbox-271,200,OK,Usuarios 1-267,text,true,,3827,394,437,437,https://demoqa.com/text-box,705,0,374
1729816167180,708,Formulario-textbox-270-0,301,Moved Permanently,Usuarios 1-266,text,true,,391,276,437,437,http://demoqa.com/text-box,708,0,377
1729816167182,706,Formulario-textbox-271-0,301,Moved Permanently,Usuarios 1-267,text,true,,391,278,437,437,http://demoqa.com/text-box,705,0,374
1729816167889,7341,Formulario-textbox-270-1,200,OK,Usuarios 1-266,text,true,,3436,116,437,437,https://demoqa.com/text-box,7341,0,6733
1729816167888,7342,Formulario-textbox-271-1,200,OK,Usuarios 1-267,text,true,,3436,116,437,437,https://demoqa.com/text-box,7342,0,6734
1729816167167,8064,Formulario-textbox-265,200,OK,Usuarios 1-263,text,true,,3827,394,435,435,https://demoqa.com/text-box,720,0,390
1729816166596,8635,Formulario-textbox-30,200,OK,Usuarios 1-32,text,true,,3827,407,435,435,https://demoqa.com/text-box,501,0,270
1729816167167,720,Formulario-textbox-265-0,301,Moved Permanently,Usuarios 1-263,text,true,,391,278,435,435,http://demoqa.com/text-box,720,0,390
1729816166596,501,Formulario-textbox-30-0,301,Moved Permanently,Usuarios 1-32,text,true,,391,291,435,435,http://demoqa.com/text-box,501,0,270
1729816167888,7343,Formulario-textbox-265-1,200,OK,Usuarios 1-263,text,true,,3436,116,435,435,https://demoqa.com/text-box,7343,0,6734
1729816167100,8131,Formulario-textbox-30-1,200,OK,Usuarios 1-32,text,true,,3436,116,435,435,https://demoqa.com/text-box,8131,0,7522
1729816167480,7751,Formulario-textbox-380,200,OK,Usuarios 1-374,text,true,,3827,408,434,434,https://demoqa.com/text-box,738,0,312
1729816167480,738,Formulario-textbox-380-0,301,Moved Permanently,Usuarios 1-374,text,true,,391,292,434,434,http://demoqa.com/text-box,738,0,312
1729816168218,7013,Formulario-textbox-380-1,200,OK,Usuarios 1-374,text,true,,3436,116,434,434,https://demoqa.com/text-box,7013,0,2277
1729816168281,6950,Formulario-textbox-667,200,OK,Usuarios 1-668,text,true,,3827,396,434,434,https://demoqa.com/text-box,2417,0,700
1729816168281,2417,Formulario-textbox-667-0,301,Moved Permanently,Usuarios 1-668,text,true,,391,280,434,434,http://demoqa.com/text-box,2417,0,700
1729816170698,4533,Formulario-textbox-667-1,200,OK,Usuarios 1-668,text,true,,3436,116,434,434,https://demoqa.com/text-box,4533,0,4171
1729816167368,7865,Formulario-textbox-337,200,OK,Usuarios 1-337,text,true,,3827,404,430,430,https://demoqa.com/text-box,604,0,306
1729816167368,604,Formulario-textbox-337-0,301,Moved Permanently,Usuarios 1-337,text,true,,391,288,430,430,http://demoqa.com/text-box,604,0,306
1729816167972,7261,Formulario-textbox-337-1,200,OK,Usuarios 1-337,text,true,,3436,116,430,430,https://demoqa.com/text-box,7261,0,4236
1729816167578,7656,Formulario-textbox-414,200,OK,Usuarios 1-415,text,true,,3827,396,429,429,https://demoqa.com/text-box,642,0,276
1729816167578,642,Formulario-textbox-414-0,301,Moved Permanently,Usuarios 1-415,text,true,,391,280,429,429,http://demoqa.com/text-box,642,0,276
1729816168220,7014,Formulario-textbox-414-1,200,OK,Usuarios 1-415,text,true,,3436,116,429,429,https://demoqa.com/text-box,7014,0,2274
1729816166596,8663,Formulario-textbox-44,200,OK,Usuarios 1-42,text,true,,3827,398,428,428,https://demoqa.com/text-box,599,0,300
1729816166596,599,Formulario-textbox-44-0,301,Moved Permanently,Usuarios 1-42,text,true,,391,282,428,428,http://demoqa.com/text-box,599,0,300
1729816167195,8064,Formulario-textbox-44-1,200,OK,Usuarios 1-42,text,true,,3436,116,428,428,https://demoqa.com/text-box,8064,0,5011
1729816167509,7751,Formulario-textbox-387,200,OK,Usuarios 1-386,text,true,,3827,406,427,427,https://demoqa.com/text-box,708,0,284
1729816167509,709,Formulario-textbox-387-0,301,Moved Permanently,Usuarios 1-386,text,true,,391,290,427,427,http://demoqa.com/text-box,708,0,284
1729816168218,7042,Formulario-textbox-387-1,200,OK,Usuarios 1-386,text,true,,3436,116,427,427,https://demoqa.com/text-box,7042,0,2305
1729816167519,7741,Formulario-textbox-393,200,OK,Usuarios 1-394,text,true,,3827,401,427,427,https://demoqa.com/text-box,702,0,335
1729816167519,702,Formulario-textbox-393-0,301,Moved Permanently,Usuarios 1-394,text,true,,391,285,427,427,http://demoqa.com/text-box,702,0,335
1729816168222,7038,Formulario-textbox-393-1,200,OK,Usuarios 1-394,text,true,,3436,116,427,427,https://demoqa.com/text-box,7038,0,6166
1729816167566,7694,Formulario-textbox-409,200,OK,Usuarios 1-411,text,true,,3827,401,425,425,https://demoqa.com/text-box,654,0,288
1729816167566,654,Formulario-textbox-409-0,301,Moved Permanently,Usuarios 1-411,text,true,,391,285,425,425,http://demoqa.com/text-box,654,0,288
1729816168220,7040,Formulario-textbox-409-1,200,OK,Usuarios 1-411,text,true,,3436,116,425,425,https://demoqa.com/text-box,7040,0,6168
1729816166983,8278,Formulario-textbox-200,200,OK,Usuarios 1-200,text,true,,3827,403,425,425,https://demoqa.com/text-box,646,0,296
1729816166983,646,Formulario-textbox-200-0,301,Moved Permanently,Usuarios 1-200,text,true,,391,287,425,425,http://demoqa.com/text-box,646,0,296
1729816167630,7631,Formulario-textbox-200-1,200,OK,Usuarios 1-200,text,true,,3436,116,425,425,https://demoqa.com/text-box,7631,0,1096
1729816167254,8007,Formulario-textbox-297,200,OK,Usuarios 1-297,text,true,,3827,395,423,423,https://demoqa.com/text-box,635,0,341
1729816167254,635,Formulario-textbox-297-0,301,Moved Permanently,Usuarios 1-297,text,true,,391,279,423,423,http://demoqa.com/text-box,635,0,341
1729816167889,7372,Formulario-textbox-297-1,200,OK,Usuarios 1-297,text,true,,3436,116,423,423,https://demoqa.com/text-box,7372,0,1286
1729816167248,8013,Formulario-textbox-295,200,OK,Usuarios 1-296,text,true,,3827,403,422,422,https://demoqa.com/text-box,640,0,346
1729816167248,640,Formulario-textbox-295-0,301,Moved Permanently,Usuarios 1-296,text,true,,391,287,422,422,http://demoqa.com/text-box,640,0,346
1729816167888,7373,Formulario-textbox-295-1,200,OK,Usuarios 1-296,text,true,,3436,116,422,422,https://demoqa.com/text-box,7373,0,1287
1729816167273,7988,Formulario-textbox-304,200,OK,Usuarios 1-304,text,true,,3827,405,422,422,https://demoqa.com/text-box,616,0,323
1729816167273,616,Formulario-textbox-304-0,301,Moved Permanently,Usuarios 1-304,text,true,,391,289,422,422,http://demoqa.com/text-box,616,0,323
1729816167889,7372,Formulario-textbox-304-1,200,OK,Usuarios 1-304,text,true,,3436,116,422,422,https://demoqa.com/text-box,7372,0,1288
1729816167368,7893,Formulario-textbox-335,200,OK,Usuarios 1-340,text,true,,3827,393,422,422,https://demoqa.com/text-box,693,0,309
1729816167368,693,Formulario-textbox-335-0,301,Moved Permanently,Usuarios 1-340,text,true,,391,277,422,422,http://demoqa.com/text-box,693,0,309
1729816168061,7200,Formulario-textbox-335-1,200,OK,Usuarios 1-340,text,true,,3436,116,422,422,https://demoqa.com/text-box,7200,0,4316
1729816167219,8043,Formulario-textbox-284,200,OK,Usuarios 1-280,text,true,,3827,407,419,419,https://demoqa.com/text-box,669,0,375
1729816167248,8014,Formulario-textbox-294,200,OK,Usuarios 1-294,text,true,,3827,402,419,419,https://demoqa.com/text-box,640,0,347
1729816166596,8666,Formulario-textbox-35,200,OK,Usuarios 1-34,text,true,,3827,395,419,419,https://demoqa.com/text-box,683,0,368
1729816167219,669,Formulario-textbox-284-0,301,Moved Permanently,Usuarios 1-280,text,true,,391,291,419,419,http://demoqa.com/text-box,669,0,375
1729816167248,640,Formulario-textbox-294-0,301,Moved Permanently,Usuarios 1-294,text,true,,391,286,419,419,http://demoqa.com/text-box,640,0,347
1729816166596,683,Formulario-textbox-35-0,301,Moved Permanently,Usuarios 1-34,text,true,,391,279,419,419,http://demoqa.com/text-box,683,0,368
1729816167889,7373,Formulario-textbox-284-1,200,OK,Usuarios 1-280,text,true,,3436,116,419,419,https://demoqa.com/text-box,7373,0,1290
1729816167889,7373,Formulario-textbox-294-1,200,OK,Usuarios 1-294,text,true,,3436,116,419,419,https://demoqa.com/text-box,7373,0,1371
1729816167279,7983,Formulario-textbox-35-1,200,OK,Usuarios 1-34,text,true,,3436,116,419,419,https://demoqa.com/text-box,7983,0,1404
1729816167133,8129,Formulario-textbox-250,200,OK,Usuarios 1-250,text,true,,3827,398,416,416,https://demoqa.com/text-box,715,0,382
1729816166646,8616,Formulario-textbox-72,200,OK,Usuarios 1-74,text,true,,3827,397,416,416,https://demoqa.com/text-box,545,0,249
1729816166646,545,Formulario-textbox-72-0,301,Moved Permanently,Usuarios 1-74,text,true,,391,281,416,416,http://demoqa.com/text-box,545,0,249
1729816167133,715,Formulario-textbox-250-0,301,Moved Permanently,Usuarios 1-250,text,true,,391,282,416,416,http://demoqa.com/text-box,715,0,382
1729816167192,8070,Formulario-textbox-72-1,200,OK,Usuarios 1-74,text,true,,3436,116,416,416,https://demoqa.com/text-box,8070,0,1534
1729816167849,7413,Formulario-textbox-250-1,200,OK,Usuarios 1-250,text,true,,3436,116,416,416,https://demoqa.com/text-box,7413,0,1328
1729816167152,8110,Formulario-textbox-260,200,OK,Usuarios 1-262,text,true,,3827,390,414,414,https://demoqa.com/text-box,695,0,363
1729816167152,696,Formulario-textbox-260-0,301,Moved Permanently,Usuarios 1-262,text,true,,391,274,414,414,http://demoqa.com/text-box,695,0,363
1729816167848,7414,Formulario-textbox-260-1,200,OK,Usuarios 1-262,text,true,,3436,116,414,414,https://demoqa.com/text-box,7414,0,1409
1729816167118,8173,Formulario-textbox-248,200,OK,Usuarios 1-249,text,true,,3827,401,413,413,https://demoqa.com/text-box,730,0,397
1729816167167,8124,Formulario-textbox-264,200,OK,Usuarios 1-268,text,true,,3827,409,413,413,https://demoqa.com/text-box,684,0,389
1729816167118,730,Formulario-textbox-248-0,301,Moved Permanently,Usuarios 1-249,text,true,,391,285,413,413,http://demoqa.com/text-box,730,0,397
1729816167849,7442,Formulario-textbox-248-1,200,OK,Usuarios 1-249,text,true,,3436,116,413,413,https://demoqa.com/text-box,7442,0,1411
1729816167167,684,Formulario-textbox-264-0,301,Moved Permanently,Usuarios 1-268,text,true,,391,293,413,413,http://demoqa.com/text-box,684,0,389
1729816167851,7440,Formulario-textbox-264-1,200,OK,Usuarios 1-268,text,true,,3436,116,413,413,https://demoqa.com/text-box,7440,0,1407
1729816166596,8696,Formulario-textbox-9,200,OK,Usuarios 1-1,text,true,,3827,400,413,413,https://demoqa.com/text-box,566,0,297
1729816166596,566,Formulario-textbox-9-0,301,Moved Permanently,Usuarios 1-1,text,true,,391,284,413,413,http://demoqa.com/text-box,566,0,297
1729816167163,8129,Formulario-textbox-9-1,200,OK,Usuarios 1-1,text,true,,3436,116,413,413,https://demoqa.com/text-box,8129,0,1564
1729816167408,7884,Formulario-textbox-353,200,OK,Usuarios 1-353,text,true,,3827,402,410,410,https://demoqa.com/text-box,654,0,292
1729816167408,654,Formulario-textbox-353-0,301,Moved Permanently,Usuarios 1-353,text,true,,391,286,410,410,http://demoqa.com/text-box,654,0,292
1729816168063,7229,Formulario-textbox-353-1,200,OK,Usuarios 1-353,text,true,,3436,116,410,410,https://demoqa.com/text-box,7229,0,4318
1729816167375,7918,Formulario-textbox-342,200,OK,Usuarios 1-343,text,true,,3827,393,409,409,https://demoqa.com/text-box,687,0,303
1729816167375,687,Formulario-textbox-342-0,301,Moved Permanently,Usuarios 1-343,text,true,,391,277,409,409,http://demoqa.com/text-box,687,0,303
1729816168062,7231,Formulario-textbox-342-1,200,OK,Usuarios 1-343,text,true,,3436,116,409,409,https://demoqa.com/text-box,7231,0,4319
1729816167373,7921,Formulario-textbox-339,200,OK,Usuarios 1-342,text,true,,3827,395,408,408,https://demoqa.com/text-box,688,0,304
1729816167373,689,Formulario-textbox-339-0,301,Moved Permanently,Usuarios 1-342,text,true,,391,279,408,408,http://demoqa.com/text-box,688,0,304
1729816168062,7232,Formulario-textbox-339-1,200,OK,Usuarios 1-342,text,true,,3436,116,408,408,https://demoqa.com/text-box,7232,0,4357
1729816167343,7951,Formulario-textbox-330,200,OK,Usuarios 1-330,text,true,,3827,404,407,407,https://demoqa.com/text-box,719,0,334
1729816167343,719,Formulario-textbox-330-0,301,Moved Permanently,Usuarios 1-330,text,true,,391,288,407,407,http://demoqa.com/text-box,719,0,334
1729816168062,7232,Formulario-textbox-330-1,200,OK,Usuarios 1-330,text,true,,3436,116,407,407,https://demoqa.com/text-box,7232,0,4358
1729816168427,6868,Formulario-textbox-717,200,OK,Usuarios 1-720,text,true,,3827,408,406,406,https://demoqa.com/text-box,5567,0,1106
1729816168427,5567,Formulario-textbox-717-0,301,Moved Permanently,Usuarios 1-720,text,true,,391,292,406,406,http://demoqa.com/text-box,5567,0,1106
1729816173994,1301,Formulario-textbox-717-1,200,OK,Usuarios 1-720,text,true,,3436,116,406,406,https://demoqa.com/text-box,1301,0,970
1729816167051,8282,Formulario-textbox-221,200,OK,Usuarios 1-224,text,true,,3827,406,405,405,https://demoqa.com/text-box,649,0,351
1729816167051,649,Formulario-textbox-221-0,301,Moved Permanently,Usuarios 1-224,text,true,,391,290,405,405,http://demoqa.com/text-box,649,0,351
1729816167700,7633,Formulario-textbox-221-1,200,OK,Usuarios 1-224,text,true,,3436,116,405,405,https://demoqa.com/text-box,7633,0,1151
1729816167147,8187,Formulario-textbox-257,200,OK,Usuarios 1-259,text,true,,3827,401,404,404,https://demoqa.com/text-box,701,0,368
1729816167147,701,Formulario-textbox-257-0,301,Moved Permanently,Usuarios 1-259,text,true,,391,285,404,404,http://demoqa.com/text-box,701,0,368
1729816167848,7486,Formulario-textbox-257-1,200,OK,Usuarios 1-259,text,true,,3436,116,404,404,https://demoqa.com/text-box,7486,0,1328
1729816167023,8311,Formulario-textbox-213,200,OK,Usuarios 1-213,text,true,,3827,402,404,404,https://demoqa.com/text-box,678,0,377
1729816167023,678,Formulario-textbox-213-0,301,Moved Permanently,Usuarios 1-213,text,true,,391,286,404,404,http://demoqa.com/text-box,678,0,377
1729816167701,7633,Formulario-textbox-213-1,200,OK,Usuarios 1-213,text,true,,3436,116,404,404,https://demoqa.com/text-box,7633,0,1149
1729816167426,7935,Formulario-textbox-360,200,OK,Usuarios 1-355,text,true,,3827,397,402,402,https://demoqa.com/text-box,637,0,275
1729816167349,8012,Formulario-textbox-333,200,OK,Usuarios 1-333,text,true,,3827,398,402,402,https://demoqa.com/text-box,711,0,325
1729816167426,637,Formulario-textbox-360-0,301,Moved Permanently,Usuarios 1-355,text,true,,391,281,402,402,http://demoqa.com/text-box,637,0,275
1729816167349,711,Formulario-textbox-333-0,301,Moved Permanently,Usuarios 1-333,text,true,,391,282,402,402,http://demoqa.com/text-box,711,0,325
1729816168063,7298,Formulario-textbox-360-1,200,OK,Usuarios 1-355,text,true,,3436,116,402,402,https://demoqa.com/text-box,7298,0,4357
1729816168061,7300,Formulario-textbox-333-1,200,OK,Usuarios 1-333,text,true,,3436,116,402,402,https://demoqa.com/text-box,7300,0,4359
1729816167376,7985,Formulario-textbox-343,200,OK,Usuarios 1-339,text,true,,3827,403,402,402,https://demoqa.com/text-box,686,0,302
1729816167376,686,Formulario-textbox-343-0,301,Moved Permanently,Usuarios 1-339,text,true,,391,287,402,402,http://demoqa.com/text-box,686,0,302
1729816168063,7298,Formulario-textbox-343-1,200,OK,Usuarios 1-339,text,true,,3436,116,402,402,https://demoqa.com/text-box,7298,0,4357
1729816168332,7031,Formulario-textbox-684,200,OK,Usuarios 1-685,text,true,,3827,391,399,399,https://demoqa.com/text-box,4759,0,3873
1729816168332,4759,Formulario-textbox-684-0,301,Moved Permanently,Usuarios 1-685,text,true,,391,275,399,399,http://demoqa.com/text-box,4759,0,3873
1729816173091,2272,Formulario-textbox-684-1,200,OK,Usuarios 1-685,text,true,,3436,116,399,399,https://demoqa.com/text-box,2272,0,1913
1729816167170,8220,Formulario-textbox-267,200,OK,Usuarios 1-269,text,true,,3827,399,398,398,https://demoqa.com/text-box,677,0,346
1729816167170,678,Formulario-textbox-267-0,301,Moved Permanently,Usuarios 1-269,text,true,,391,283,398,398,http://demoqa.com/text-box,677,0,346
1729816167848,7542,Formulario-textbox-267-1,200,OK,Usuarios 1-269,text,true,,3436,116,398,398,https://demoqa.com/text-box,7542,0,6734
1729816167589,7801,Formulario-textbox-418,200,OK,Usuarios 1-418,text,true,,3827,405,398,398,https://demoqa.com/text-box,793,0,351
1729816167283,8107,Formulario-textbox-309,200,OK,Usuarios 1-309,text,true,,3827,395,398,398,https://demoqa.com/text-box,659,0,346
1729816167391,7999,Formulario-textbox-347,200,OK,Usuarios 1-347,text,true,,3827,398,398,398,https://demoqa.com/text-box,671,0,308
1729816167589,793,Formulario-textbox-418-0,301,Moved Permanently,Usuarios 1-418,text,true,,391,289,398,398,http://demoqa.com/text-box,793,0,351
1729816167283,659,Formulario-textbox-309-0,301,Moved Permanently,Usuarios 1-309,text,true,,391,279,398,398,http://demoqa.com/text-box,659,0,346
1729816167391,671,Formulario-textbox-347-0,301,Moved Permanently,Usuarios 1-347,text,true,,391,282,398,398,http://demoqa.com/text-box,671,0,308
1729816168382,7008,Formulario-textbox-418-1,200,OK,Usuarios 1-418,text,true,,3436,116,398,398,https://demoqa.com/text-box,7008,0,4710
1729816167942,7448,Formulario-textbox-309-1,200,OK,Usuarios 1-309,text,true,,3436,116,398,398,https://demoqa.com/text-box,7448,0,6680
1729816168062,7328,Formulario-textbox-347-1,200,OK,Usuarios 1-347,text,true,,3436,116,398,398,https://demoqa.com/text-box,7328,0,4396
1729816167441,7949,Formulario-textbox-365,200,OK,Usuarios 1-366,text,true,,3827,407,395,395,https://demoqa.com/text-box,622,0,260
1729816167441,622,Formulario-textbox-365-0,301,Moved Permanently,Usuarios 1-366,text,true,,391,291,395,395,http://demoqa.com/text-box,622,0,260
1729816168063,7327,Formulario-textbox-365-1,200,OK,Usuarios 1-366,text,true,,3436,116,395,395,https://demoqa.com/text-box,7327,0,4395
1729816168302,7089,Formulario-textbox-675,200,OK,Usuarios 1-671,text,true,,3827,409,393,393,https://demoqa.com/text-box,4764,0,3867
1729816168302,4764,Formulario-textbox-675-0,301,Moved Permanently,Usuarios 1-671,text,true,,391,293,393,393,http://demoqa.com/text-box,4764,0,3867
1729816173067,2324,Formulario-textbox-675-1,200,OK,Usuarios 1-671,text,true,,3436,116,393,393,https://demoqa.com/text-box,2324,0,1962
1729816167660,7732,Formulario-textbox-443,200,OK,Usuarios 1-442,text,true,,3827,401,392,392,https://demoqa.com/text-box,6450,0,318
1729816167660,6450,Formulario-textbox-443-0,301,Moved Permanently,Usuarios 1-442,text,true,,391,285,392,392,http://demoqa.com/text-box,6450,0,318
1729816174111,1281,Formulario-textbox-443-1,200,OK,Usuarios 1-442,text,true,,3436,116,392,392,https://demoqa.com/text-box,1281,0,932
1729816168125,7296,Formulario-textbox-610,200,OK,Usuarios 1-612,text,true,,3827,398,391,391,https://demoqa.com/text-box,1797,0,466
1729816168125,1798,Formulario-textbox-610-0,301,Moved Permanently,Usuarios 1-612,text,true,,391,282,391,391,http://demoqa.com/text-box,1797,0,466
1729816169923,5498,Formulario-textbox-610-1,200,OK,Usuarios 1-612,text,true,,3436,116,391,391,https://demoqa.com/text-box,5498,0,4958
1729816166596,8830,Formulario-textbox-33,200,OK,Usuarios 1-31,text,true,,3827,403,390,390,https://demoqa.com/text-box,501,0,270
1729816166596,501,Formulario-textbox-33-0,301,Moved Permanently,Usuarios 1-31,text,true,,391,287,390,390,http://demoqa.com/text-box,501,0,270
1729816167099,8327,Formulario-textbox-33-1,200,OK,Usuarios 1-31,text,true,,3436,116,390,390,https://demoqa.com/text-box,8327,0,7524
1729816166596,8831,Formulario-textbox-10,200,OK,Usuarios 1-3,text,true,,3827,410,389,389,https://demoqa.com/text-box,501,0,279
1729816166596,501,Formulario-textbox-10-0,301,Moved Permanently,Usuarios 1-3,text,true,,391,294,389,389,http://demoqa.com/text-box,501,0,279
1729816167100,8327,Formulario-textbox-10-1,200,OK,Usuarios 1-3,text,true,,3436,116,389,389,https://demoqa.com/text-box,8327,0,7523
1729816167660,7767,Formulario-textbox-444,200,OK,Usuarios 1-444,text,true,,3827,408,388,388,https://demoqa.com/text-box,6449,0,318
1729816167660,6449,Formulario-textbox-444-0,301,Moved Permanently,Usuarios 1-444,text,true,,391,292,388,388,http://demoqa.com/text-box,6449,0,318
1729816174109,1318,Formulario-textbox-444-1,200,OK,Usuarios 1-444,text,true,,3436,116,388,388,https://demoqa.com/text-box,1318,0,936
1729816166662,8765,Formulario-textbox-79,200,OK,Usuarios 1-76,text,true,,3827,405,387,387,https://demoqa.com/text-box,502,0,232
1729816166662,502,Formulario-textbox-79-0,301,Moved Permanently,Usuarios 1-76,text,true,,391,289,387,387,http://demoqa.com/text-box,502,0,232
1729816167164,8263,Formulario-textbox-79-1,200,OK,Usuarios 1-76,text,true,,3436,116,387,387,https://demoqa.com/text-box,8263,0,7459
1729816167663,7764,Formulario-textbox-446,200,OK,Usuarios 1-445,text,true,,3827,404,387,387,https://demoqa.com/text-box,1144,0,315
1729816167663,1144,Formulario-textbox-446-0,301,Moved Permanently,Usuarios 1-445,text,true,,391,288,387,387,http://demoqa.com/text-box,1144,0,315
1729816168807,6620,Formulario-textbox-446-1,200,OK,Usuarios 1-445,text,true,,3436,116,387,387,https://demoqa.com/text-box,6620,0,3727
1729816168605,6823,Formulario-textbox-784,200,OK,Usuarios 1-782,text,true,,3827,395,385,385,https://demoqa.com/text-box,5545,0,3850
1729816168605,5545,Formulario-textbox-784-0,301,Moved Permanently,Usuarios 1-782,text,true,,391,279,385,385,http://demoqa.com/text-box,5545,0,3850
1729816174151,1277,Formulario-textbox-784-1,200,OK,Usuarios 1-782,text,true,,3436,116,385,385,https://demoqa.com/text-box,1277,0,905
1729816169140,6289,Formulario-textbox-978,200,OK,Usuarios 1-977,text,true,,3827,400,384,384,https://demoqa.com/text-box,2813,0,2064
1729816169116,6313,Formulario-textbox-968,200,OK,Usuarios 1-967,text,true,,3827,403,384,384,https://demoqa.com/text-box,2837,0,2088
1729816167515,7914,Formulario-textbox-390,200,OK,Usuarios 1-388,text,true,,3827,408,384,384,https://demoqa.com/text-box,747,0,339
1729816169140,2813,Formulario-textbox-978-0,301,Moved Permanently,Usuarios 1-977,text,true,,391,284,384,384,http://demoqa.com/text-box,2813,0,2064
1729816169116,2837,Formulario-textbox-968-0,301,Moved Permanently,Usuarios 1-967,text,true,,391,287,384,384,http://demoqa.com/text-box,2837,0,2088
1729816171953,3476,Formulario-textbox-968-1,200,OK,Usuarios 1-967,text,true,,3436,116,384,384,https://demoqa.com/text-box,3476,0,2914
1729816167515,747,Formulario-textbox-390-0,301,Moved Permanently,Usuarios 1-388,text,true,,391,292,384,384,http://demoqa.com/text-box,747,0,339
1729816168263,7166,Formulario-textbox-390-1,200,OK,Usuarios 1-388,text,true,,3436,116,384,384,https://demoqa.com/text-box,7166,0,6360
1729816171953,3476,Formulario-textbox-978-1,200,OK,Usuarios 1-977,text,true,,3436,116,384,384,https://demoqa.com/text-box,3476,0,2914
1729816167602,7827,Formulario-textbox-423,200,OK,Usuarios 1-424,text,true,,3827,395,384,384,https://demoqa.com/text-box,664,0,289
1729816167602,664,Formulario-textbox-423-0,301,Moved Permanently,Usuarios 1-424,text,true,,391,279,384,384,http://demoqa.com/text-box,664,0,289
1729816168266,7163,Formulario-textbox-423-1,200,OK,Usuarios 1-424,text,true,,3436,116,384,384,https://demoqa.com/text-box,7163,0,6357
1729816169124,6305,Formulario-textbox-970,200,OK,Usuarios 1-972,text,true,,3827,406,383,383,https://demoqa.com/text-box,2828,0,2079
1729816169124,2828,Formulario-textbox-970-0,301,Moved Permanently,Usuarios 1-972,text,true,,391,290,383,383,http://demoqa.com/text-box,2828,0,2079
1729816171952,3477,Formulario-textbox-970-1,200,OK,Usuarios 1-972,text,true,,3436,116,383,383,https://demoqa.com/text-box,3477,0,2915
1729816169127,6303,Formulario-textbox-972,200,OK,Usuarios 1-973,text,true,,3827,407,379,379,https://demoqa.com/text-box,2825,0,2076
1729816169127,2825,Formulario-textbox-972-0,301,Moved Permanently,Usuarios 1-973,text,true,,391,291,379,379,http://demoqa.com/text-box,2825,0,2076
1729816171952,3478,Formulario-textbox-972-1,200,OK,Usuarios 1-973,text,true,,3436,116,379,379,https://demoqa.com/text-box,3478,0,2915
1729816168399,7051,Formulario-textbox-707,200,OK,Usuarios 1-707,text,true,,3827,405,378,378,https://demoqa.com/text-box,5782,0,1067
1729816168399,5782,Formulario-textbox-707-0,301,Moved Permanently,Usuarios 1-707,text,true,,391,289,378,378,http://demoqa.com/text-box,5782,0,1067
1729816174181,1269,Formulario-textbox-707-1,200,OK,Usuarios 1-707,text,true,,3436,116,378,378,https://demoqa.com/text-box,1269,0,888
1729816167640,7811,Formulario-textbox-435,200,OK,Usuarios 1-438,text,true,,3827,392,377,377,https://demoqa.com/text-box,1165,0,338
1729816167640,1165,Formulario-textbox-435-0,301,Moved Permanently,Usuarios 1-438,text,true,,391,276,377,377,http://demoqa.com/text-box,1165,0,338
1729816168805,6646,Formulario-textbox-435-1,200,OK,Usuarios 1-438,text,true,,3436,116,377,377,https://demoqa.com/text-box,6646,0,3730
1729816168632,6819,Formulario-textbox-794,200,OK,Usuarios 1-796,text,true,,3827,400,376,376,https://demoqa.com/text-box,5548,0,3824
1729816168632,5548,Formulario-textbox-794-0,301,Moved Permanently,Usuarios 1-796,text,true,,391,284,376,376,http://demoqa.com/text-box,5548,0,3824
1729816174181,1270,Formulario-textbox-794-1,200,OK,Usuarios 1-796,text,true,,3436,116,376,376,https://demoqa.com/text-box,1270,0,889
1729816168614,6838,Formulario-textbox-787,200,OK,Usuarios 1-783,text,true,,3827,409,375,375,https://demoqa.com/text-box,5566,0,3842
1729816168620,6832,Formulario-textbox-789,200,OK,Usuarios 1-790,text,true,,3827,413,375,375,https://demoqa.com/text-box,5530,0,3835
1729816168614,5566,Formulario-textbox-787-0,301,Moved Permanently,Usuarios 1-783,text,true,,391,293,375,375,http://demoqa.com/text-box,5566,0,3842
1729816168620,5530,Formulario-textbox-789-0,301,Moved Permanently,Usuarios 1-790,text,true,,391,297,375,375,http://demoqa.com/text-box,5530,0,3835
1729816174181,1271,Formulario-textbox-787-1,200,OK,Usuarios 1-783,text,true,,3436,116,375,375,https://demoqa.com/text-box,1271,0,890
1729816174151,1301,Formulario-textbox-789-1,200,OK,Usuarios 1-790,text,true,,3436,116,375,375,https://demoqa.com/text-box,1301,0,917
1729816168388,7065,Formulario-textbox-704,200,OK,Usuarios 1-704,text,true,,3827,395,373,373,https://demoqa.com/text-box,5793,0,1078
1729816168388,5793,Formulario-textbox-704-0,301,Moved Permanently,Usuarios 1-704,text,true,,391,279,373,373,http://demoqa.com/text-box,5793,0,1078
1729816174182,1271,Formulario-textbox-704-1,200,OK,Usuarios 1-704,text,true,,3436,116,373,373,https://demoqa.com/text-box,1271,0,889
1729816168350,7125,Formulario-textbox-691,200,OK,Usuarios 1-690,text,true,,3827,402,372,372,https://demoqa.com/text-box,4768,0,3856
1729816168350,4768,Formulario-textbox-691-0,301,Moved Permanently,Usuarios 1-690,text,true,,391,286,372,372,http://demoqa.com/text-box,4768,0,3856
1729816173118,2357,Formulario-textbox-691-1,200,OK,Usuarios 1-690,text,true,,3436,116,372,372,https://demoqa.com/text-box,2357,0,1950
1729816168602,6876,Formulario-textbox-783,200,OK,Usuarios 1-785,text,true,,3827,397,371,371,https://demoqa.com/text-box,5580,0,3853
1729816168602,5580,Formulario-textbox-783-0,301,Moved Permanently,Usuarios 1-785,text,true,,391,281,371,371,http://demoqa.com/text-box,5580,0,3853
1729816174182,1296,Formulario-textbox-783-1,200,OK,Usuarios 1-785,text,true,,3436,116,371,371,https://demoqa.com/text-box,1295,0,906
1729816168610,6889,Formulario-textbox-786,200,OK,Usuarios 1-786,text,true,,3827,412,370,370,https://demoqa.com/text-box,5570,0,3846
1729816168610,5570,Formulario-textbox-786-0,301,Moved Permanently,Usuarios 1-786,text,true,,391,296,370,370,http://demoqa.com/text-box,5570,0,3846
1729816174181,1318,Formulario-textbox-786-1,200,OK,Usuarios 1-786,text,true,,3436,116,370,370,https://demoqa.com/text-box,1318,0,907
1729816168388,7114,Formulario-textbox-705,200,OK,Usuarios 1-705,text,true,,3827,405,369,369,https://demoqa.com/text-box,5794,0,1079
1729816168388,5794,Formulario-textbox-705-0,301,Moved Permanently,Usuarios 1-705,text,true,,391,289,369,369,http://demoqa.com/text-box,5794,0,1079
1729816174183,1319,Formulario-textbox-705-1,200,OK,Usuarios 1-705,text,true,,3436,116,369,369,https://demoqa.com/text-box,1319,0,926
1729816168622,6895,Formulario-textbox-791,200,OK,Usuarios 1-792,text,true,,3827,400,368,368,https://demoqa.com/text-box,5558,0,3835
1729816168622,5558,Formulario-textbox-791-0,301,Moved Permanently,Usuarios 1-792,text,true,,391,284,368,368,http://demoqa.com/text-box,5558,0,3835
1729816174181,1336,Formulario-textbox-791-1,200,OK,Usuarios 1-792,text,true,,3436,116,368,368,https://demoqa.com/text-box,1336,0,928
1729816168659,6860,Formulario-textbox-803,200,OK,Usuarios 1-805,text,true,,3827,400,367,367,https://demoqa.com/text-box,5547,0,3875
1729816168659,5547,Formulario-textbox-803-0,301,Moved Permanently,Usuarios 1-805,text,true,,391,284,367,367,http://demoqa.com/text-box,5547,0,3875
1729816174206,1313,Formulario-textbox-803-1,200,OK,Usuarios 1-805,text,true,,3436,116,367,367,https://demoqa.com/text-box,1313,0,920
1729816167646,7873,Formulario-textbox-439,200,OK,Usuarios 1-440,text,true,,3827,409,366,366,https://demoqa.com/text-box,1159,0,332
1729816167646,1159,Formulario-textbox-439-0,301,Moved Permanently,Usuarios 1-440,text,true,,391,293,366,366,http://demoqa.com/text-box,1159,0,332
1729816168805,6714,Formulario-textbox-439-1,200,OK,Usuarios 1-440,text,true,,3436,116,366,366,https://demoqa.com/text-box,6714,0,3775
1729816168655,6881,Formulario-textbox-801,200,OK,Usuarios 1-803,text,true,,3827,398,365,365,https://demoqa.com/text-box,5550,0,3879
1729816168655,5550,Formulario-textbox-801-0,301,Moved Permanently,Usuarios 1-803,text,true,,391,282,365,365,http://demoqa.com/text-box,5550,0,3879
1729816174206,1330,Formulario-textbox-801-1,200,OK,Usuarios 1-803,text,true,,3436,116,365,365,https://demoqa.com/text-box,1329,0,922
1729816166833,8705,Formulario-textbox-142,200,OK,Usuarios 1-142,text,true,,3827,400,364,364,https://demoqa.com/text-box,627,0,224
1729816166833,627,Formulario-textbox-142-0,301,Moved Permanently,Usuarios 1-142,text,true,,391,284,364,364,http://demoqa.com/text-box,627,0,224
1729816167461,8077,Formulario-textbox-142-1,200,OK,Usuarios 1-142,text,true,,3436,116,364,364,https://demoqa.com/text-box,8077,0,4491
1729816166732,8806,Formulario-textbox-105,200,OK,Usuarios 1-105,text,true,,3827,401,364,364,https://demoqa.com/text-box,667,0,267
1729816166732,667,Formulario-textbox-105-0,301,Moved Permanently,Usuarios 1-105,text,true,,391,285,364,364,http://demoqa.com/text-box,667,0,267
1729816167400,8138,Formulario-textbox-105-1,200,OK,Usuarios 1-105,text,true,,3436,116,364,364,https://demoqa.com/text-box,8138,0,4552
1729816167437,8114,Formulario-textbox-363,200,OK,Usuarios 1-364,text,true,,3827,407,362,362,https://demoqa.com/text-box,625,0,263
1729816167437,625,Formulario-textbox-363-0,301,Moved Permanently,Usuarios 1-364,text,true,,391,291,362,362,http://demoqa.com/text-box,625,0,263
1729816168063,7488,Formulario-textbox-363-1,200,OK,Usuarios 1-364,text,true,,3436,116,362,362,https://demoqa.com/text-box,7488,0,6300
1729816167373,8178,Formulario-textbox-340,200,OK,Usuarios 1-338,text,true,,3827,410,362,362,https://demoqa.com/text-box,687,0,304
1729816167373,687,Formulario-textbox-340-0,301,Moved Permanently,Usuarios 1-338,text,true,,391,294,362,362,http://demoqa.com/text-box,687,0,304
1729816168061,7490,Formulario-textbox-340-1,200,OK,Usuarios 1-338,text,true,,3436,116,362,362,https://demoqa.com/text-box,7490,0,6302
1729816167368,8183,Formulario-textbox-336,200,OK,Usuarios 1-334,text,true,,3827,396,362,362,https://demoqa.com/text-box,693,0,309
1729816167368,693,Formulario-textbox-336-0,301,Moved Permanently,Usuarios 1-334,text,true,,391,280,362,362,http://demoqa.com/text-box,693,0,309
1729816168061,7490,Formulario-textbox-336-1,200,OK,Usuarios 1-334,text,true,,3436,116,362,362,https://demoqa.com/text-box,7490,0,6302
1729816167295,8258,Formulario-textbox-314,200,OK,Usuarios 1-313,text,true,,3827,403,359,359,https://demoqa.com/text-box,646,0,332
1729816167295,646,Formulario-textbox-314-0,301,Moved Permanently,Usuarios 1-313,text,true,,391,287,359,359,http://demoqa.com/text-box,646,0,332
1729816167942,7611,Formulario-textbox-314-1,200,OK,Usuarios 1-313,text,true,,3436,116,359,359,https://demoqa.com/text-box,7611,0,1380
1729816167207,8379,Formulario-textbox-280,200,OK,Usuarios 1-281,text,true,,3827,403,358,358,https://demoqa.com/text-box,643,0,352
1729816167207,643,Formulario-textbox-280-0,301,Moved Permanently,Usuarios 1-281,text,true,,391,287,358,358,http://demoqa.com/text-box,643,0,352
1729816167850,7736,Formulario-textbox-280-1,200,OK,Usuarios 1-281,text,true,,3436,116,358,358,https://demoqa.com/text-box,7736,0,1468
1729816167146,8452,Formulario-textbox-255,200,OK,Usuarios 1-258,text,true,,3827,400,357,357,https://demoqa.com/text-box,702,0,369
1729816167146,702,Formulario-textbox-255-0,301,Moved Permanently,Usuarios 1-258,text,true,,391,284,357,357,http://demoqa.com/text-box,702,0,369
1729816167849,7749,Formulario-textbox-255-1,200,OK,Usuarios 1-258,text,true,,3436,116,357,357,https://demoqa.com/text-box,7749,0,1407
1729816168839,6776,Formulario-textbox-864,200,OK,Usuarios 1-866,text,true,,3827,403,356,356,https://demoqa.com/text-box,4722,0,1684
1729816168839,4722,Formulario-textbox-864-0,301,Moved Permanently,Usuarios 1-866,text,true,,391,287,356,356,http://demoqa.com/text-box,4722,0,1684
1729816173561,2054,Formulario-textbox-864-1,200,OK,Usuarios 1-866,text,true,,3436,116,356,356,https://demoqa.com/text-box,2054,0,1774
1729816168245,7378,Formulario-textbox-649,200,OK,Usuarios 1-648,text,true,,3827,398,355,355,https://demoqa.com/text-box,2246,0,562
1729816168245,2246,Formulario-textbox-649-0,301,Moved Permanently,Usuarios 1-648,text,true,,391,282,355,355,http://demoqa.com/text-box,2246,0,562
1729816170492,5131,Formulario-textbox-649-1,200,OK,Usuarios 1-648,text,true,,3436,116,355,355,https://demoqa.com/text-box,5131,0,4577
1729816168847,6788,Formulario-textbox-868,200,OK,Usuarios 1-865,text,true,,3827,400,354,354,https://demoqa.com/text-box,4714,0,1676
1729816168847,4714,Formulario-textbox-868-0,301,Moved Permanently,Usuarios 1-865,text,true,,391,284,354,354,http://demoqa.com/text-box,4714,0,1676
1729816173562,2073,Formulario-textbox-868-1,200,OK,Usuarios 1-865,text,true,,3436,116,354,354,https://demoqa.com/text-box,2073,0,1801
1729816168834,6818,Formulario-textbox-862,200,OK,Usuarios 1-862,text,true,,3827,403,353,353,https://demoqa.com/text-box,4727,0,1689
1729816168834,4727,Formulario-textbox-862-0,301,Moved Permanently,Usuarios 1-862,text,true,,391,287,353,353,http://demoqa.com/text-box,4727,0,1689
1729816173562,2090,Formulario-textbox-862-1,200,OK,Usuarios 1-862,text,true,,3436,116,353,353,https://demoqa.com/text-box,2090,0,1802
1729816168220,7433,Formulario-textbox-643,200,OK,Usuarios 1-642,text,true,,3827,403,352,352,https://demoqa.com/text-box,2272,0,588
1729816168220,2272,Formulario-textbox-643-0,301,Moved Permanently,Usuarios 1-642,text,true,,391,287,352,352,http://demoqa.com/text-box,2272,0,588
1729816170492,5161,Formulario-textbox-643-1,200,OK,Usuarios 1-642,text,true,,3436,116,352,352,https://demoqa.com/text-box,5161,0,4578
1729816168247,7419,Formulario-textbox-656,200,OK,Usuarios 1-653,text,true,,3827,399,351,351,https://demoqa.com/text-box,2274,0,562
1729816168247,2274,Formulario-textbox-656-0,301,Moved Permanently,Usuarios 1-653,text,true,,391,283,351,351,http://demoqa.com/text-box,2274,0,562
1729816170522,5144,Formulario-textbox-656-1,200,OK,Usuarios 1-653,text,true,,3436,116,351,351,https://demoqa.com/text-box,5144,0,4566
1729816167763,7905,Formulario-textbox-479,200,OK,Usuarios 1-482,text,true,,3827,401,350,350,https://demoqa.com/text-box,3717,0,412
1729816167763,3717,Formulario-textbox-479-0,301,Moved Permanently,Usuarios 1-482,text,true,,391,285,350,350,http://demoqa.com/text-box,3717,0,412
1729816171480,4188,Formulario-textbox-479-1,200,OK,Usuarios 1-482,text,true,,3436,116,350,350,https://demoqa.com/text-box,4188,0,3608
1729816167823,7847,Formulario-textbox-504,200,OK,Usuarios 1-503,text,true,,3827,402,349,349,https://demoqa.com/text-box,3656,0,396
1729816167823,3656,Formulario-textbox-504-0,301,Moved Permanently,Usuarios 1-503,text,true,,391,286,349,349,http://demoqa.com/text-box,3656,0,396
1729816171480,4190,Formulario-textbox-504-1,200,OK,Usuarios 1-503,text,true,,3436,116,349,349,https://demoqa.com/text-box,4190,0,3609
1729816168843,6828,Formulario-textbox-867,200,OK,Usuarios 1-864,text,true,,3827,400,348,348,https://demoqa.com/text-box,4718,0,1680
1729816168843,4718,Formulario-textbox-867-0,301,Moved Permanently,Usuarios 1-864,text,true,,391,284,348,348,http://demoqa.com/text-box,4718,0,1680
1729816173562,2109,Formulario-textbox-867-1,200,OK,Usuarios 1-864,text,true,,3436,116,348,348,https://demoqa.com/text-box,2109,0,1828
1729816168833,6838,Formulario-textbox-861,200,OK,Usuarios 1-860,text,true,,3827,402,347,347,https://demoqa.com/text-box,4729,0,1690
1729816168833,4729,Formulario-textbox-861-0,301,Moved Permanently,Usuarios 1-860,text,true,,391,286,347,347,http://demoqa.com/text-box,4729,0,1690
1729816173562,2109,Formulario-textbox-861-1,200,OK,Usuarios 1-860,text,true,,3436,116,347,347,https://demoqa.com/text-box,2109,0,1828
1729816168000,7672,Formulario-textbox-566,200,OK,Usuarios 1-567,text,true,,3827,391,346,346,https://demoqa.com/text-box,3482,0,2699
1729816168000,3482,Formulario-textbox-566-0,301,Moved Permanently,Usuarios 1-567,text,true,,391,275,346,346,http://demoqa.com/text-box,3482,0,2699
1729816171482,4190,Formulario-textbox-566-1,200,OK,Usuarios 1-567,text,true,,3436,116,346,346,https://demoqa.com/text-box,4190,0,3608
1729816168291,7401,Formulario-textbox-671,200,OK,Usuarios 1-672,text,true,,3827,410,345,345,https://demoqa.com/text-box,3156,0,688
1729816168291,3156,Formulario-textbox-671-0,301,Moved Permanently,Usuarios 1-672,text,true,,391,294,345,345,http://demoqa.com/text-box,3156,0,688
1729816171447,4245,Formulario-textbox-671-1,200,OK,Usuarios 1-672,text,true,,3436,116,345,345,https://demoqa.com/text-box,4245,0,3661
1729816168246,7448,Formulario-textbox-651,200,OK,Usuarios 1-650,text,true,,3827,408,344,344,https://demoqa.com/text-box,2246,0,562
1729816168246,2246,Formulario-textbox-651-0,301,Moved Permanently,Usuarios 1-650,text,true,,391,292,344,344,http://demoqa.com/text-box,2246,0,562
1729816170493,5201,Formulario-textbox-651-1,200,OK,Usuarios 1-650,text,true,,3436,116,344,344,https://demoqa.com/text-box,5201,0,4616
1729816166595,9100,Formulario-textbox-42,200,OK,Usuarios 1-43,text,true,,3827,393,343,343,https://demoqa.com/text-box,598,0,301
1729816166595,598,Formulario-textbox-42-0,301,Moved Permanently,Usuarios 1-43,text,true,,391,277,343,343,http://demoqa.com/text-box,598,0,301
1729816167193,8502,Formulario-textbox-42-1,200,OK,Usuarios 1-43,text,true,,3436,116,343,343,https://demoqa.com/text-box,8502,0,4681
1729816167665,8030,Formulario-textbox-448,200,OK,Usuarios 1-448,text,true,,3827,404,342,342,https://demoqa.com/text-box,766,0,306
1729816167665,767,Formulario-textbox-448-0,301,Moved Permanently,Usuarios 1-448,text,true,,391,288,342,342,http://demoqa.com/text-box,766,0,306
1729816168432,7263,Formulario-textbox-448-1,200,OK,Usuarios 1-448,text,true,,3436,116,342,342,https://demoqa.com/text-box,7263,0,4687
1729816167185,8524,Formulario-textbox-274,200,OK,Usuarios 1-270,text,true,,3827,400,341,341,https://demoqa.com/text-box,703,0,371
1729816167318,8391,Formulario-textbox-321,200,OK,Usuarios 1-321,text,true,,3827,412,341,341,https://demoqa.com/text-box,653,0,312
1729816167185,703,Formulario-textbox-274-0,301,Moved Permanently,Usuarios 1-270,text,true,,391,284,341,341,http://demoqa.com/text-box,703,0,371
1729816167292,8417,Formulario-textbox-311,200,OK,Usuarios 1-312,text,true,,3827,399,341,341,https://demoqa.com/text-box,677,0,337
1729816167318,653,Formulario-textbox-321-0,301,Moved Permanently,Usuarios 1-321,text,true,,391,296,341,341,http://demoqa.com/text-box,653,0,312
1729816167889,7820,Formulario-textbox-274-1,200,OK,Usuarios 1-270,text,true,,3436,116,341,341,https://demoqa.com/text-box,7820,0,1430
1729816167292,677,Formulario-textbox-311-0,301,Moved Permanently,Usuarios 1-312,text,true,,391,283,341,341,http://demoqa.com/text-box,677,0,337
1729816167971,7738,Formulario-textbox-321-1,200,OK,Usuarios 1-321,text,true,,3436,116,341,341,https://demoqa.com/text-box,7738,0,1496
1729816167970,7739,Formulario-textbox-311-1,200,OK,Usuarios 1-312,text,true,,3436,116,341,341,https://demoqa.com/text-box,7739,0,1425
1729816169004,6705,Formulario-textbox-927,200,OK,Usuarios 1-928,text,true,,3827,400,341,341,https://demoqa.com/text-box,2478,0,1696
1729816169004,2478,Formulario-textbox-927-0,301,Moved Permanently,Usuarios 1-928,text,true,,391,284,341,341,http://demoqa.com/text-box,2478,0,1696
1729816171482,4227,Formulario-textbox-927-1,200,OK,Usuarios 1-928,text,true,,3436,116,341,341,https://demoqa.com/text-box,4227,0,3644
1729816167300,8409,Formulario-textbox-315,200,OK,Usuarios 1-315,text,true,,3827,404,341,341,https://demoqa.com/text-box,669,0,329
1729816167300,669,Formulario-textbox-315-0,301,Moved Permanently,Usuarios 1-315,text,true,,391,288,341,341,http://demoqa.com/text-box,669,0,329
1729816167970,7739,Formulario-textbox-315-1,200,OK,Usuarios 1-315,text,true,,3436,116,341,341,https://demoqa.com/text-box,7739,0,1497
1729816167317,8392,Formulario-textbox-320,200,OK,Usuarios 1-320,text,true,,3827,418,341,341,https://demoqa.com/text-box,652,0,312
1729816167317,652,Formulario-textbox-320-0,301,Moved Permanently,Usuarios 1-320,text,true,,391,302,341,341,http://demoqa.com/text-box,652,0,312
1729816167969,7740,Formulario-textbox-320-1,200,OK,Usuarios 1-320,text,true,,3436,116,341,341,https://demoqa.com/text-box,7740,0,1498
1729816167349,8360,Formulario-textbox-332,200,OK,Usuarios 1-332,text,true,,3827,397,335,335,https://demoqa.com/text-box,592,0,281
1729816167349,592,Formulario-textbox-332-0,301,Moved Permanently,Usuarios 1-332,text,true,,391,281,335,335,http://demoqa.com/text-box,592,0,281
1729816167941,7768,Formulario-textbox-332-1,200,OK,Usuarios 1-332,text,true,,3436,116,335,335,https://demoqa.com/text-box,7768,0,1524
1729816167198,8512,Formulario-textbox-277,200,OK,Usuarios 1-278,text,true,,3827,403,335,335,https://demoqa.com/text-box,741,0,397
1729816167198,741,Formulario-textbox-277-0,301,Moved Permanently,Usuarios 1-278,text,true,,391,287,335,335,http://demoqa.com/text-box,741,0,397
1729816167939,7771,Formulario-textbox-277-1,200,OK,Usuarios 1-278,text,true,,3436,116,335,335,https://demoqa.com/text-box,7771,0,1383
1729816167198,8512,Formulario-textbox-278,200,OK,Usuarios 1-277,text,true,,3827,396,335,335,https://demoqa.com/text-box,690,0,396
1729816167198,690,Formulario-textbox-278-0,301,Moved Permanently,Usuarios 1-277,text,true,,391,280,335,335,http://demoqa.com/text-box,690,0,396
1729816167890,7820,Formulario-textbox-278-1,200,OK,Usuarios 1-277,text,true,,3436,116,335,335,https://demoqa.com/text-box,7820,0,1430
1729816167947,7764,Formulario-textbox-548,200,OK,Usuarios 1-548,text,true,,3827,393,332,332,https://demoqa.com/text-box,3533,0,364
1729816167947,3533,Formulario-textbox-548-0,301,Moved Permanently,Usuarios 1-548,text,true,,391,277,332,332,http://demoqa.com/text-box,3533,0,364
1729816171480,4231,Formulario-textbox-548-1,200,OK,Usuarios 1-548,text,true,,3436,116,332,332,https://demoqa.com/text-box,4231,0,3647
1729816167845,7867,Formulario-textbox-512,200,OK,Usuarios 1-513,text,true,,3827,400,331,331,https://demoqa.com/text-box,3604,0,373
1729816168255,7457,Formulario-textbox-659,200,OK,Usuarios 1-658,text,true,,3827,400,331,331,https://demoqa.com/text-box,2239,0,553
1729816167845,3604,Formulario-textbox-512-0,301,Moved Permanently,Usuarios 1-513,text,true,,391,284,331,331,http://demoqa.com/text-box,3604,0,373
1729816171449,4263,Formulario-textbox-512-1,200,OK,Usuarios 1-513,text,true,,3436,116,331,331,https://demoqa.com/text-box,4263,0,3678
1729816168255,2239,Formulario-textbox-659-0,301,Moved Permanently,Usuarios 1-658,text,true,,391,284,331,331,http://demoqa.com/text-box,2239,0,553
1729816170495,5217,Formulario-textbox-659-1,200,OK,Usuarios 1-658,text,true,,3436,116,331,331,https://demoqa.com/text-box,5217,0,4632
1729816168982,6731,Formulario-textbox-919,200,OK,Usuarios 1-913,text,true,,3827,401,329,329,https://demoqa.com/text-box,2464,0,1664
1729816168982,2464,Formulario-textbox-919-0,301,Moved Permanently,Usuarios 1-913,text,true,,391,285,329,329,http://demoqa.com/text-box,2464,0,1664
1729816171446,4267,Formulario-textbox-919-1,200,OK,Usuarios 1-913,text,true,,3436,116,329,329,https://demoqa.com/text-box,4267,0,3681
1729816168991,6723,Formulario-textbox-921,200,OK,Usuarios 1-920,text,true,,3827,402,328,328,https://demoqa.com/text-box,2491,0,1708
1729816168991,2491,Formulario-textbox-921-0,301,Moved Permanently,Usuarios 1-920,text,true,,391,286,328,328,http://demoqa.com/text-box,2491,0,1708
1729816171482,4232,Formulario-textbox-921-1,200,OK,Usuarios 1-920,text,true,,3436,116,328,328,https://demoqa.com/text-box,4232,0,3645
1729816167890,7824,Formulario-textbox-525,200,OK,Usuarios 1-524,text,true,,3827,406,328,328,https://demoqa.com/text-box,3589,0,374
1729816167890,3589,Formulario-textbox-525-0,301,Moved Permanently,Usuarios 1-524,text,true,,391,290,328,328,http://demoqa.com/text-box,3589,0,374
1729816171480,4234,Formulario-textbox-525-1,200,OK,Usuarios 1-524,text,true,,3436,116,328,328,https://demoqa.com/text-box,4234,0,3647
1729816167729,7995,Formulario-textbox-466,200,OK,Usuarios 1-469,text,true,,3827,404,326,326,https://demoqa.com/text-box,1161,0,401
1729816167729,1161,Formulario-textbox-466-0,301,Moved Permanently,Usuarios 1-469,text,true,,391,288,326,326,http://demoqa.com/text-box,1161,0,401
1729816168890,6834,Formulario-textbox-466-1,200,OK,Usuarios 1-469,text,true,,3436,116,326,326,https://demoqa.com/text-box,6834,0,5927
1729816167263,8462,Formulario-textbox-301,200,OK,Usuarios 1-302,text,true,,3827,402,325,325,https://demoqa.com/text-box,677,0,333
1729816167263,677,Formulario-textbox-301-0,301,Moved Permanently,Usuarios 1-302,text,true,,391,286,325,325,http://demoqa.com/text-box,677,0,333
1729816167940,7785,Formulario-textbox-301-1,200,OK,Usuarios 1-302,text,true,,3436,116,325,325,https://demoqa.com/text-box,7785,0,1379
1729816167247,8478,Formulario-textbox-293,200,OK,Usuarios 1-292,text,true,,3827,400,325,325,https://demoqa.com/text-box,692,0,349
1729816167247,692,Formulario-textbox-293-0,301,Moved Permanently,Usuarios 1-292,text,true,,391,284,325,325,http://demoqa.com/text-box,692,0,349
1729816167940,7785,Formulario-textbox-293-1,200,OK,Usuarios 1-292,text,true,,3436,116,325,325,https://demoqa.com/text-box,7785,0,1379
1729816167015,8723,Formulario-textbox-210,200,OK,Usuarios 1-212,text,true,,3827,395,323,323,https://demoqa.com/text-box,616,0,339
1729816167015,616,Formulario-textbox-210-0,301,Moved Permanently,Usuarios 1-212,text,true,,391,279,323,323,http://demoqa.com/text-box,616,0,339
1729816167631,8107,Formulario-textbox-210-1,200,OK,Usuarios 1-212,text,true,,3436,116,323,323,https://demoqa.com/text-box,8107,0,1052
1729816166886,8853,Formulario-textbox-160,200,OK,Usuarios 1-164,text,true,,3827,400,322,322,https://demoqa.com/text-box,631,0,278
1729816166886,631,Formulario-textbox-160-0,301,Moved Permanently,Usuarios 1-164,text,true,,391,284,322,322,http://demoqa.com/text-box,631,0,278
1729816167517,8222,Formulario-textbox-160-1,200,OK,Usuarios 1-164,text,true,,3436,116,322,322,https://demoqa.com/text-box,8222,0,1077
1729816167879,7864,Formulario-textbox-519,200,OK,Usuarios 1-517,text,true,,3827,400,321,321,https://demoqa.com/text-box,1376,0,384
1729816167879,1376,Formulario-textbox-519-0,301,Moved Permanently,Usuarios 1-517,text,true,,391,284,321,321,http://demoqa.com/text-box,1376,0,384
1729816169256,6487,Formulario-textbox-519-1,200,OK,Usuarios 1-517,text,true,,3436,116,321,321,https://demoqa.com/text-box,6487,0,3799
1729816166646,9103,Formulario-textbox-71,200,OK,Usuarios 1-72,text,true,,3827,406,320,320,https://demoqa.com/text-box,630,0,318
1729816166646,630,Formulario-textbox-71-0,301,Moved Permanently,Usuarios 1-72,text,true,,391,290,320,320,http://demoqa.com/text-box,630,0,318
1729816167277,8472,Formulario-textbox-71-1,200,OK,Usuarios 1-72,text,true,,3436,116,320,320,https://demoqa.com/text-box,8472,0,1318
1729816167590,8160,Formulario-textbox-419,200,OK,Usuarios 1-419,text,true,,3827,396,319,319,https://demoqa.com/text-box,717,0,301
1729816167590,718,Formulario-textbox-419-0,301,Moved Permanently,Usuarios 1-419,text,true,,391,280,319,319,http://demoqa.com/text-box,717,0,301
1729816168308,7442,Formulario-textbox-419-1,200,OK,Usuarios 1-419,text,true,,3436,116,319,319,https://demoqa.com/text-box,7442,0,6954
1729816167563,8187,Formulario-textbox-408,200,OK,Usuarios 1-408,text,true,,3827,395,319,319,https://demoqa.com/text-box,744,0,327
1729816167563,745,Formulario-textbox-408-0,301,Moved Permanently,Usuarios 1-408,text,true,,391,279,319,319,http://demoqa.com/text-box,744,0,327
1729816168308,7442,Formulario-textbox-408-1,200,OK,Usuarios 1-408,text,true,,3436,116,319,319,https://demoqa.com/text-box,7442,0,6954
1729816167100,8654,Formulario-textbox-241,200,OK,Usuarios 1-241,text,true,,3827,401,317,317,https://demoqa.com/text-box,655,0,363
1729816167100,655,Formulario-textbox-241-0,301,Moved Permanently,Usuarios 1-241,text,true,,391,285,317,317,http://demoqa.com/text-box,655,0,363
1729816167755,7999,Formulario-textbox-241-1,200,OK,Usuarios 1-241,text,true,,3436,116,317,317,https://demoqa.com/text-box,7999,0,1227
1729816166690,9064,Formulario-textbox-91,200,OK,Usuarios 1-90,text,true,,3827,409,317,317,https://demoqa.com/text-box,588,0,275
1729816166690,588,Formulario-textbox-91-0,301,Moved Permanently,Usuarios 1-90,text,true,,391,293,317,317,http://demoqa.com/text-box,588,0,275
1729816167278,8476,Formulario-textbox-91-1,200,OK,Usuarios 1-90,text,true,,3436,116,317,317,https://demoqa.com/text-box,8476,0,1318
1729816167051,8711,Formulario-textbox-220,200,OK,Usuarios 1-219,text,true,,3827,405,315,315,https://demoqa.com/text-box,648,0,351
1729816167051,648,Formulario-textbox-220-0,301,Moved Permanently,Usuarios 1-219,text,true,,391,289,315,315,http://demoqa.com/text-box,648,0,351
1729816167699,8063,Formulario-textbox-220-1,200,OK,Usuarios 1-219,text,true,,3436,116,315,315,https://demoqa.com/text-box,8063,0,1235
1729816166648,9114,Formulario-textbox-75,200,OK,Usuarios 1-75,text,true,,3827,403,315,315,https://demoqa.com/text-box,514,0,246
1729816166648,514,Formulario-textbox-75-0,301,Moved Permanently,Usuarios 1-75,text,true,,391,287,315,315,http://demoqa.com/text-box,514,0,246
1729816167162,8600,Formulario-textbox-75-1,200,OK,Usuarios 1-75,text,true,,3436,116,315,315,https://demoqa.com/text-box,8600,0,1600
1729816167572,8198,Formulario-textbox-412,200,OK,Usuarios 1-413,text,true,,3827,406,313,313,https://demoqa.com/text-box,737,0,318
1729816167572,737,Formulario-textbox-412-0,301,Moved Permanently,Usuarios 1-413,text,true,,391,290,313,313,http://demoqa.com/text-box,737,0,318
1729816168309,7461,Formulario-textbox-412-1,200,OK,Usuarios 1-413,text,true,,3436,116,313,313,https://demoqa.com/text-box,7461,0,6954
1729816167603,8167,Formulario-textbox-425,200,OK,Usuarios 1-425,text,true,,3827,404,313,313,https://demoqa.com/text-box,708,0,336
1729816167603,708,Formulario-textbox-425-0,301,Moved Permanently,Usuarios 1-425,text,true,,391,288,313,313,http://demoqa.com/text-box,708,0,336
1729816168311,7459,Formulario-textbox-425-1,200,OK,Usuarios 1-425,text,true,,3436,116,313,313,https://demoqa.com/text-box,7459,0,6952
1729816167592,8180,Formulario-textbox-422,200,OK,Usuarios 1-423,text,true,,3827,401,311,311,https://demoqa.com/text-box,715,0,299
1729816167649,8123,Formulario-textbox-441,200,OK,Usuarios 1-443,text,true,,3827,392,311,311,https://demoqa.com/text-box,662,0,293
1729816167592,716,Formulario-textbox-422-0,301,Moved Permanently,Usuarios 1-423,text,true,,391,285,311,311,http://demoqa.com/text-box,715,0,299
1729816167649,662,Formulario-textbox-441-0,301,Moved Permanently,Usuarios 1-443,text,true,,391,276,311,311,http://demoqa.com/text-box,662,0,293
1729816168308,7464,Formulario-textbox-422-1,200,OK,Usuarios 1-423,text,true,,3436,116,311,311,https://demoqa.com/text-box,7464,0,6984
1729816168311,7461,Formulario-textbox-441-1,200,OK,Usuarios 1-443,text,true,,3436,116,311,311,https://demoqa.com/text-box,7461,0,6981
1729816167640,8133,Formulario-textbox-434,200,OK,Usuarios 1-432,text,true,,3827,410,309,309,https://demoqa.com/text-box,671,0,302
1729816167640,671,Formulario-textbox-434-0,301,Moved Permanently,Usuarios 1-432,text,true,,391,294,309,309,http://demoqa.com/text-box,671,0,302
1729816168311,7462,Formulario-textbox-434-1,200,OK,Usuarios 1-432,text,true,,3436,116,309,309,https://demoqa.com/text-box,7462,0,6981
1729816168569,7214,Formulario-textbox-771,200,OK,Usuarios 1-770,text,true,,3827,402,308,308,https://demoqa.com/text-box,2460,0,1286
1729816168569,2460,Formulario-textbox-771-0,301,Moved Permanently,Usuarios 1-770,text,true,,391,286,308,308,http://demoqa.com/text-box,2460,0,1286
1729816171029,4754,Formulario-textbox-771-1,200,OK,Usuarios 1-770,text,true,,3436,116,308,308,https://demoqa.com/text-box,4754,0,4302
1729816169180,6608,Formulario-textbox-994,200,OK,Usuarios 1-995,text,true,,3827,388,307,307,https://demoqa.com/text-box,2844,0,2071
1729816169180,2844,Formulario-textbox-994-0,301,Moved Permanently,Usuarios 1-995,text,true,,391,272,307,307,http://demoqa.com/text-box,2844,0,2071
1729816172024,3764,Formulario-textbox-994-1,200,OK,Usuarios 1-995,text,true,,3436,116,307,307,https://demoqa.com/text-box,3764,0,3269
1729816167580,8212,Formulario-textbox-417,200,OK,Usuarios 1-417,text,true,,3827,399,306,306,https://demoqa.com/text-box,728,0,311
1729816167580,728,Formulario-textbox-417-0,301,Moved Permanently,Usuarios 1-417,text,true,,391,283,306,306,http://demoqa.com/text-box,728,0,311
1729816168308,7484,Formulario-textbox-417-1,200,OK,Usuarios 1-417,text,true,,3436,116,306,306,https://demoqa.com/text-box,7484,0,6984
1729816168424,7372,Formulario-textbox-716,200,OK,Usuarios 1-716,text,true,,3827,392,305,305,https://demoqa.com/text-box,5538,0,1109
1729816168424,5538,Formulario-textbox-716-0,301,Moved Permanently,Usuarios 1-716,text,true,,391,276,305,305,http://demoqa.com/text-box,5538,0,1109
1729816173962,1834,Formulario-textbox-716-1,200,OK,Usuarios 1-716,text,true,,3436,116,305,305,https://demoqa.com/text-box,1834,0,1636
1729816168583,7218,Formulario-textbox-776,200,OK,Usuarios 1-778,text,true,,3827,402,304,304,https://demoqa.com/text-box,2473,0,1335
1729816168583,2473,Formulario-textbox-776-0,301,Moved Permanently,Usuarios 1-778,text,true,,391,286,304,304,http://demoqa.com/text-box,2473,0,1335
1729816171057,4744,Formulario-textbox-776-1,200,OK,Usuarios 1-778,text,true,,3436,116,304,304,https://demoqa.com/text-box,4744,0,4305
1729816167945,7861,Formulario-textbox-546,200,OK,Usuarios 1-549,text,true,,3827,404,303,303,https://demoqa.com/text-box,1587,0,437
1729816167945,1587,Formulario-textbox-546-0,301,Moved Permanently,Usuarios 1-549,text,true,,391,288,303,303,http://demoqa.com/text-box,1587,0,437
1729816169533,6273,Formulario-textbox-546-1,200,OK,Usuarios 1-549,text,true,,3436,116,303,303,https://demoqa.com/text-box,6273,0,5509
1729816167945,7866,Formulario-textbox-547,200,OK,Usuarios 1-546,text,true,,3827,395,302,302,https://demoqa.com/text-box,1587,0,437
1729816167945,1587,Formulario-textbox-547-0,301,Moved Permanently,Usuarios 1-546,text,true,,391,279,302,302,http://demoqa.com/text-box,1587,0,437
1729816169532,6279,Formulario-textbox-547-1,200,OK,Usuarios 1-546,text,true,,3436,116,302,302,https://demoqa.com/text-box,6279,0,5512
1729816168552,7265,Formulario-textbox-765,200,OK,Usuarios 1-768,text,true,,3827,398,301,301,https://demoqa.com/text-box,2476,0,1302
1729816168552,2476,Formulario-textbox-765-0,301,Moved Permanently,Usuarios 1-768,text,true,,391,282,301,301,http://demoqa.com/text-box,2476,0,1302
1729816171029,4788,Formulario-textbox-765-1,200,OK,Usuarios 1-768,text,true,,3436,116,301,301,https://demoqa.com/text-box,4788,0,4334
1729816168565,7255,Formulario-textbox-770,200,OK,Usuarios 1-772,text,true,,3827,400,300,300,https://demoqa.com/text-box,2464,0,1290
1729816168565,2464,Formulario-textbox-770-0,301,Moved Permanently,Usuarios 1-772,text,true,,391,284,300,300,http://demoqa.com/text-box,2464,0,1290
1729816171029,4791,Formulario-textbox-770-1,200,OK,Usuarios 1-772,text,true,,3436,116,300,300,https://demoqa.com/text-box,4791,0,4334
1729816168586,7249,Formulario-textbox-778,200,OK,Usuarios 1-779,text,true,,3827,409,299,299,https://demoqa.com/text-box,2468,0,1331
1729816168586,2468,Formulario-textbox-778-0,301,Moved Permanently,Usuarios 1-779,text,true,,391,293,299,299,http://demoqa.com/text-box,2468,0,1331
1729816171055,4780,Formulario-textbox-778-1,200,OK,Usuarios 1-779,text,true,,3436,116,299,299,https://demoqa.com/text-box,4780,0,4336
1729816168588,7248,Formulario-textbox-781,200,OK,Usuarios 1-781,text,true,,3827,402,298,298,https://demoqa.com/text-box,2468,0,1330
1729816168588,2468,Formulario-textbox-781-0,301,Moved Permanently,Usuarios 1-781,text,true,,391,286,298,298,http://demoqa.com/text-box,2468,0,1330
1729816171056,4780,Formulario-textbox-781-1,200,OK,Usuarios 1-781,text,true,,3436,116,298,298,https://demoqa.com/text-box,4780,0,4335
1729816168587,7272,Formulario-textbox-780,200,OK,Usuarios 1-776,text,true,,3827,401,297,297,https://demoqa.com/text-box,2468,0,1330
1729816168587,2468,Formulario-textbox-780-0,301,Moved Permanently,Usuarios 1-776,text,true,,391,285,297,297,http://demoqa.com/text-box,2468,0,1330
1729816171055,4804,Formulario-textbox-780-1,200,OK,Usuarios 1-776,text,true,,3436,116,297,297,https://demoqa.com/text-box,4804,0,4337
1729816167664,8205,Formulario-textbox-447,200,OK,Usuarios 1-449,text,true,,3827,402,296,296,https://demoqa.com/text-box,718,0,307
1729816167664,718,Formulario-textbox-447-0,301,Moved Permanently,Usuarios 1-449,text,true,,391,286,296,296,http://demoqa.com/text-box,718,0,307
1729816168383,7486,Formulario-textbox-447-1,200,OK,Usuarios 1-449,text,true,,3436,116,296,296,https://demoqa.com/text-box,7486,0,6688
1729816167615,8285,Formulario-textbox-429,200,OK,Usuarios 1-429,text,true,,3827,402,295,295,https://demoqa.com/text-box,766,0,326
1729816167615,766,Formulario-textbox-429-0,301,Moved Permanently,Usuarios 1-429,text,true,,391,286,295,295,http://demoqa.com/text-box,766,0,326
1729816168381,7519,Formulario-textbox-429-1,200,OK,Usuarios 1-429,text,true,,3436,116,295,295,https://demoqa.com/text-box,7519,0,6728
1729816167099,8810,Formulario-textbox-240,200,OK,Usuarios 1-242,text,true,,3827,406,294,294,https://demoqa.com/text-box,658,0,364
1729816167099,658,Formulario-textbox-240-0,301,Moved Permanently,Usuarios 1-242,text,true,,391,290,294,294,http://demoqa.com/text-box,658,0,364
1729816167757,8152,Formulario-textbox-240-1,200,OK,Usuarios 1-242,text,true,,3436,116,294,294,https://demoqa.com/text-box,8152,0,1226
1729816167328,8598,Formulario-textbox-325,200,OK,Usuarios 1-324,text,true,,3827,404,293,293,https://demoqa.com/text-box,642,0,302
1729816167328,642,Formulario-textbox-325-0,301,Moved Permanently,Usuarios 1-324,text,true,,391,288,293,293,http://demoqa.com/text-box,642,0,302
1729816167970,7956,Formulario-textbox-325-1,200,OK,Usuarios 1-324,text,true,,3436,116,293,293,https://demoqa.com/text-box,7956,0,1563
1729816167971,7962,Formulario-textbox-555,200,OK,Usuarios 1-556,text,true,,3827,403,292,292,https://demoqa.com/text-box,1494,0,412
1729816167971,1494,Formulario-textbox-555-0,301,Moved Permanently,Usuarios 1-556,text,true,,391,287,292,292,http://demoqa.com/text-box,1494,0,412
1729816169465,6468,Formulario-textbox-555-1,200,OK,Usuarios 1-556,text,true,,3436,116,292,292,https://demoqa.com/text-box,6468,0,6119
1729816167973,7960,Formulario-textbox-556,200,OK,Usuarios 1-555,text,true,,3827,402,291,291,https://demoqa.com/text-box,1490,0,410
1729816167973,1490,Formulario-textbox-556-0,301,Moved Permanently,Usuarios 1-555,text,true,,391,286,291,291,http://demoqa.com/text-box,1490,0,410
1729816169464,6469,Formulario-textbox-556-1,200,OK,Usuarios 1-555,text,true,,3436,116,291,291,https://demoqa.com/text-box,6469,0,6120
1729816167839,8102,Formulario-textbox-509,200,OK,Usuarios 1-509,text,true,,3827,409,290,290,https://demoqa.com/text-box,3640,0,380
1729816167839,3640,Formulario-textbox-509-0,301,Moved Permanently,Usuarios 1-509,text,true,,391,293,290,290,http://demoqa.com/text-box,3640,0,380
1729816171480,4461,Formulario-textbox-509-1,200,OK,Usuarios 1-509,text,true,,3436,116,290,290,https://demoqa.com/text-box,4461,0,4105
1729816167993,7953,Formulario-textbox-562,200,OK,Usuarios 1-564,text,true,,3827,400,289,289,https://demoqa.com/text-box,3527,0,2707
1729816167993,3527,Formulario-textbox-562-0,301,Moved Permanently,Usuarios 1-564,text,true,,391,284,289,289,http://demoqa.com/text-box,3527,0,2707
1729816171520,4426,Formulario-textbox-562-1,200,OK,Usuarios 1-564,text,true,,3436,116,289,289,https://demoqa.com/text-box,4426,0,4080
1729816168033,7917,Formulario-textbox-578,200,OK,Usuarios 1-579,text,true,,3827,400,288,288,https://demoqa.com/text-box,3514,0,2730
1729816168033,3514,Formulario-textbox-578-0,301,Moved Permanently,Usuarios 1-579,text,true,,391,284,288,288,http://demoqa.com/text-box,3514,0,2730
1729816171548,4402,Formulario-textbox-578-1,200,OK,Usuarios 1-579,text,true,,3436,116,288,288,https://demoqa.com/text-box,4402,0,4053
1729816167249,8701,Formulario-textbox-296,200,OK,Usuarios 1-298,text,true,,3827,396,287,287,https://demoqa.com/text-box,640,0,346
1729816167249,640,Formulario-textbox-296-0,301,Moved Permanently,Usuarios 1-298,text,true,,391,280,287,287,http://demoqa.com/text-box,640,0,346
1729816167890,8060,Formulario-textbox-296-1,200,OK,Usuarios 1-298,text,true,,3436,116,287,287,https://demoqa.com/text-box,8060,0,1285
1729816167263,8687,Formulario-textbox-300,200,OK,Usuarios 1-300,text,true,,3827,401,287,287,https://demoqa.com/text-box,625,0,333
1729816167263,625,Formulario-textbox-300-0,301,Moved Permanently,Usuarios 1-300,text,true,,391,285,287,287,http://demoqa.com/text-box,625,0,333
1729816167889,8061,Formulario-textbox-300-1,200,OK,Usuarios 1-300,text,true,,3436,116,287,287,https://demoqa.com/text-box,8061,0,1287
1729816168070,7881,Formulario-textbox-591,200,OK,Usuarios 1-587,text,true,,3827,398,285,285,https://demoqa.com/text-box,3477,0,2693
1729816168070,3477,Formulario-textbox-591-0,301,Moved Permanently,Usuarios 1-587,text,true,,391,282,285,285,http://demoqa.com/text-box,3477,0,2693
1729816171547,4404,Formulario-textbox-591-1,200,OK,Usuarios 1-587,text,true,,3436,116,285,285,https://demoqa.com/text-box,4404,0,4054
1729816167997,7955,Formulario-textbox-565,200,OK,Usuarios 1-566,text,true,,3827,393,284,284,https://demoqa.com/text-box,3525,0,2705
1729816167997,3525,Formulario-textbox-565-0,301,Moved Permanently,Usuarios 1-566,text,true,,391,277,284,284,http://demoqa.com/text-box,3525,0,2705
1729816171522,4430,Formulario-textbox-565-1,200,OK,Usuarios 1-566,text,true,,3436,116,284,284,https://demoqa.com/text-box,4430,0,4079
1729816168979,6975,Formulario-textbox-918,200,OK,Usuarios 1-912,text,true,,3827,410,283,283,https://demoqa.com/text-box,2542,0,1720
1729816168979,2542,Formulario-textbox-918-0,301,Moved Permanently,Usuarios 1-912,text,true,,391,294,283,283,http://demoqa.com/text-box,2542,0,1720
1729816171521,4433,Formulario-textbox-918-1,200,OK,Usuarios 1-912,text,true,,3436,116,283,283,https://demoqa.com/text-box,4433,0,4080
1729816167954,8006,Formulario-textbox-550,200,OK,Usuarios 1-545,text,true,,3827,400,282,282,https://demoqa.com/text-box,1511,0,426
1729816167954,1511,Formulario-textbox-550-0,301,Moved Permanently,Usuarios 1-545,text,true,,391,284,282,282,http://demoqa.com/text-box,1511,0,426
1729816169466,6494,Formulario-textbox-550-1,200,OK,Usuarios 1-545,text,true,,3436,116,282,282,https://demoqa.com/text-box,6494,0,6132
1729816168778,7185,Formulario-textbox-842,200,OK,Usuarios 1-841,text,true,,3827,410,281,281,https://demoqa.com/text-box,6555,0,1683
1729816168778,6555,Formulario-textbox-842-0,301,Moved Permanently,Usuarios 1-841,text,true,,391,294,281,281,http://demoqa.com/text-box,6555,0,1683
1729816175333,630,Formulario-textbox-842-1,200,OK,Usuarios 1-841,text,true,,3436,116,281,281,https://demoqa.com/text-box,630,0,457
1729816167974,7990,Formulario-textbox-557,200,OK,Usuarios 1-557,text,true,,3827,402,280,280,https://demoqa.com/text-box,1489,0,409
1729816167974,1489,Formulario-textbox-557-0,301,Moved Permanently,Usuarios 1-557,text,true,,391,286,280,280,http://demoqa.com/text-box,1489,0,409
1729816169464,6500,Formulario-textbox-557-1,200,OK,Usuarios 1-557,text,true,,3436,116,280,280,https://demoqa.com/text-box,6500,0,6135
1729816167959,8010,Formulario-textbox-552,200,OK,Usuarios 1-554,text,true,,3827,403,279,279,https://demoqa.com/text-box,1508,0,423
1729816167959,1508,Formulario-textbox-552-0,301,Moved Permanently,Usuarios 1-554,text,true,,391,287,279,279,http://demoqa.com/text-box,1508,0,423
1729816169467,6502,Formulario-textbox-552-1,200,OK,Usuarios 1-554,text,true,,3436,116,279,279,https://demoqa.com/text-box,6502,0,6133
1729816168994,6978,Formulario-textbox-923,200,OK,Usuarios 1-923,text,true,,3827,401,278,278,https://demoqa.com/text-box,2528,0,1708
1729816168551,7421,Formulario-textbox-764,200,OK,Usuarios 1-764,text,true,,3827,400,278,278,https://demoqa.com/text-box,2994,0,1304
1729816168994,2528,Formulario-textbox-923-0,301,Moved Permanently,Usuarios 1-923,text,true,,391,285,278,278,http://demoqa.com/text-box,2528,0,1708
1729816168551,2994,Formulario-textbox-764-0,301,Moved Permanently,Usuarios 1-764,text,true,,391,284,278,278,http://demoqa.com/text-box,2994,0,1304
1729816171522,4450,Formulario-textbox-923-1,200,OK,Usuarios 1-923,text,true,,3436,116,278,278,https://demoqa.com/text-box,4450,0,4092
1729816171546,4426,Formulario-textbox-764-1,200,OK,Usuarios 1-764,text,true,,3436,116,278,278,https://demoqa.com/text-box,4426,0,4068
1729816167980,7992,Formulario-textbox-560,200,OK,Usuarios 1-560,text,true,,3827,402,278,278,https://demoqa.com/text-box,3540,0,2719
1729816167980,3540,Formulario-textbox-560-0,301,Moved Permanently,Usuarios 1-560,text,true,,391,286,278,278,http://demoqa.com/text-box,3540,0,2719
1729816171520,4452,Formulario-textbox-560-1,200,OK,Usuarios 1-560,text,true,,3436,116,278,278,https://demoqa.com/text-box,4452,0,4097
1729816168084,7889,Formulario-textbox-595,200,OK,Usuarios 1-597,text,true,,3827,403,275,275,https://demoqa.com/text-box,3463,0,2678
1729816168084,3463,Formulario-textbox-595-0,301,Moved Permanently,Usuarios 1-597,text,true,,391,287,275,275,http://demoqa.com/text-box,3463,0,2678
1729816171547,4426,Formulario-textbox-595-1,200,OK,Usuarios 1-597,text,true,,3436,116,275,275,https://demoqa.com/text-box,4426,0,4070
1729816168086,7894,Formulario-textbox-597,200,OK,Usuarios 1-593,text,true,,3827,398,274,274,https://demoqa.com/text-box,3461,0,2676
1729816168086,3461,Formulario-textbox-597-0,301,Moved Permanently,Usuarios 1-593,text,true,,391,282,274,274,http://demoqa.com/text-box,3461,0,2676
1729816171548,4432,Formulario-textbox-597-1,200,OK,Usuarios 1-593,text,true,,3436,116,274,274,https://demoqa.com/text-box,4432,0,4069
1729816168781,7202,Formulario-textbox-843,200,OK,Usuarios 1-842,text,true,,3827,402,273,273,https://demoqa.com/text-box,6580,0,1684
1729816168781,6580,Formulario-textbox-843-0,301,Moved Permanently,Usuarios 1-842,text,true,,391,286,273,273,http://demoqa.com/text-box,6580,0,1684
1729816175362,621,Formulario-textbox-843-1,200,OK,Usuarios 1-842,text,true,,3436,116,273,273,https://demoqa.com/text-box,621,0,445
1729816167642,8342,Formulario-textbox-436,200,OK,Usuarios 1-433,text,true,,3827,402,272,272,https://demoqa.com/text-box,1122,0,336
1729816167642,1122,Formulario-textbox-436-0,301,Moved Permanently,Usuarios 1-433,text,true,,391,286,272,272,http://demoqa.com/text-box,1122,0,336
1729816168764,7220,Formulario-textbox-436-1,200,OK,Usuarios 1-433,text,true,,3436,116,272,272,https://demoqa.com/text-box,7220,0,6851
1729816167648,8345,Formulario-textbox-440,200,OK,Usuarios 1-435,text,true,,3827,399,271,271,https://demoqa.com/text-box,1116,0,330
1729816167935,8058,Formulario-textbox-541,200,OK,Usuarios 1-544,text,true,,3827,393,271,271,https://demoqa.com/text-box,3611,0,375
1729816167264,8729,Formulario-textbox-302,200,OK,Usuarios 1-301,text,true,,3827,398,271,271,https://demoqa.com/text-box,677,0,332
1729816167648,1116,Formulario-textbox-440-0,301,Moved Permanently,Usuarios 1-435,text,true,,391,283,271,271,http://demoqa.com/text-box,1116,0,330
1729816167935,3611,Formulario-textbox-541-0,301,Moved Permanently,Usuarios 1-544,text,true,,391,277,271,271,http://demoqa.com/text-box,3611,0,375
1729816167264,677,Formulario-textbox-302-0,301,Moved Permanently,Usuarios 1-301,text,true,,391,282,271,271,http://demoqa.com/text-box,677,0,332
1729816171547,4446,Formulario-textbox-541-1,200,OK,Usuarios 1-544,text,true,,3436,116,271,271,https://demoqa.com/text-box,4446,0,4086
1729816167941,8052,Formulario-textbox-302-1,200,OK,Usuarios 1-301,text,true,,3436,116,271,271,https://demoqa.com/text-box,8052,0,7393
1729816168765,7228,Formulario-textbox-440-1,200,OK,Usuarios 1-435,text,true,,3436,116,271,271,https://demoqa.com/text-box,7228,0,6850
1729816168980,7016,Formulario-textbox-917,200,OK,Usuarios 1-919,text,true,,3827,401,268,268,https://demoqa.com/text-box,2542,0,1722
1729816167872,8124,Formulario-textbox-517,200,OK,Usuarios 1-516,text,true,,3827,406,268,268,https://demoqa.com/text-box,3674,0,390
1729816168980,2542,Formulario-textbox-917-0,301,Moved Permanently,Usuarios 1-919,text,true,,391,285,268,268,http://demoqa.com/text-box,2542,0,1722
1729816171522,4474,Formulario-textbox-917-1,200,OK,Usuarios 1-919,text,true,,3436,116,268,268,https://demoqa.com/text-box,4474,0,4111
1729816167872,3674,Formulario-textbox-517-0,301,Moved Permanently,Usuarios 1-516,text,true,,391,290,268,268,http://demoqa.com/text-box,3674,0,390
1729816171547,4449,Formulario-textbox-517-1,200,OK,Usuarios 1-516,text,true,,3436,116,268,268,https://demoqa.com/text-box,4449,0,4086
1729816167921,8075,Formulario-textbox-538,200,OK,Usuarios 1-537,text,true,,3827,403,268,268,https://demoqa.com/text-box,3626,0,390
1729816167921,3626,Formulario-textbox-538-0,301,Moved Permanently,Usuarios 1-537,text,true,,391,287,268,268,http://demoqa.com/text-box,3626,0,390
1729816171547,4449,Formulario-textbox-538-1,200,OK,Usuarios 1-537,text,true,,3436,116,268,268,https://demoqa.com/text-box,4449,0,4086
1729816167328,8673,Formulario-textbox-324,200,OK,Usuarios 1-325,text,true,,3827,402,265,265,https://demoqa.com/text-box,613,0,301
1729816167245,8756,Formulario-textbox-290,200,OK,Usuarios 1-289,text,true,,3827,398,265,265,https://demoqa.com/text-box,695,0,351
1729816167328,613,Formulario-textbox-324-0,301,Moved Permanently,Usuarios 1-325,text,true,,391,286,265,265,http://demoqa.com/text-box,613,0,301
1729816167941,8060,Formulario-textbox-324-1,200,OK,Usuarios 1-325,text,true,,3436,116,265,265,https://demoqa.com/text-box,8060,0,7393
1729816168045,7956,Formulario-textbox-582,200,OK,Usuarios 1-581,text,true,,3827,401,265,265,https://demoqa.com/text-box,3502,0,2717
1729816168045,3502,Formulario-textbox-582-0,301,Moved Permanently,Usuarios 1-581,text,true,,391,285,265,265,http://demoqa.com/text-box,3502,0,2717
1729816167245,695,Formulario-textbox-290-0,301,Moved Permanently,Usuarios 1-289,text,true,,391,282,265,265,http://demoqa.com/text-box,695,0,351
1729816167940,8061,Formulario-textbox-290-1,200,OK,Usuarios 1-289,text,true,,3436,116,265,265,https://demoqa.com/text-box,8061,0,7394
1729816171548,4453,Formulario-textbox-582-1,200,OK,Usuarios 1-581,text,true,,3436,116,265,265,https://demoqa.com/text-box,4453,0,4086
1729816167912,8090,Formulario-textbox-535,200,OK,Usuarios 1-536,text,true,,3827,400,262,262,https://demoqa.com/text-box,3634,0,398
1729816167912,3634,Formulario-textbox-535-0,301,Moved Permanently,Usuarios 1-536,text,true,,391,284,262,262,http://demoqa.com/text-box,3634,0,398
1729816171546,4456,Formulario-textbox-535-1,200,OK,Usuarios 1-536,text,true,,3436,116,262,262,https://demoqa.com/text-box,4456,0,4087
1729816168089,7913,Formulario-textbox-598,200,OK,Usuarios 1-594,text,true,,3827,402,262,262,https://demoqa.com/text-box,3460,0,2672
1729816168998,7004,Formulario-textbox-925,200,OK,Usuarios 1-927,text,true,,3827,392,262,262,https://demoqa.com/text-box,2522,0,1702
1729816168089,3460,Formulario-textbox-598-0,301,Moved Permanently,Usuarios 1-594,text,true,,391,286,262,262,http://demoqa.com/text-box,3460,0,2672
1729816168998,2522,Formulario-textbox-925-0,301,Moved Permanently,Usuarios 1-927,text,true,,391,276,262,262,http://demoqa.com/text-box,2522,0,1702
1729816171549,4453,Formulario-textbox-598-1,200,OK,Usuarios 1-594,text,true,,3436,116,262,262,https://demoqa.com/text-box,4453,0,4084
1729816171520,4482,Formulario-textbox-925-1,200,OK,Usuarios 1-927,text,true,,3436,116,262,262,https://demoqa.com/text-box,4482,0,4114
1729816167936,8066,Formulario-textbox-542,200,OK,Usuarios 1-539,text,true,,3827,394,259,259,https://demoqa.com/text-box,3610,0,374
1729816167936,3610,Formulario-textbox-542-0,301,Moved Permanently,Usuarios 1-539,text,true,,391,278,259,259,http://demoqa.com/text-box,3610,0,374
1729816171547,4455,Formulario-textbox-542-1,200,OK,Usuarios 1-539,text,true,,3436,116,259,259,https://demoqa.com/text-box,4455,0,4088
1729816167223,8783,Formulario-textbox-285,200,OK,Usuarios 1-282,text,true,,3827,404,258,258,https://demoqa.com/text-box,717,0,373
1729816167236,8770,Formulario-textbox-288,200,OK,Usuarios 1-288,text,true,,3827,409,258,258,https://demoqa.com/text-box,703,0,360
1729816167223,717,Formulario-textbox-285-0,301,Moved Permanently,Usuarios 1-282,text,true,,391,288,258,258,http://demoqa.com/text-box,717,0,373
1729816167941,8065,Formulario-textbox-285-1,200,OK,Usuarios 1-282,text,true,,3436,116,258,258,https://demoqa.com/text-box,8065,0,7393
1729816167236,703,Formulario-textbox-288-0,301,Moved Permanently,Usuarios 1-288,text,true,,391,293,258,258,http://demoqa.com/text-box,703,0,360
1729816167940,8066,Formulario-textbox-288-1,200,OK,Usuarios 1-288,text,true,,3436,116,258,258,https://demoqa.com/text-box,8066,0,7394
1729816168886,7122,Formulario-textbox-881,200,OK,Usuarios 1-879,text,true,,3827,398,256,256,https://demoqa.com/text-box,3695,0,2794
1729816168886,3695,Formulario-textbox-881-0,301,Moved Permanently,Usuarios 1-879,text,true,,391,282,256,256,http://demoqa.com/text-box,3695,0,2794
1729816172581,3427,Formulario-textbox-881-1,200,OK,Usuarios 1-879,text,true,,3436,116,256,256,https://demoqa.com/text-box,3427,0,3071
1729816168812,7201,Formulario-textbox-853,200,OK,Usuarios 1-853,text,true,,3827,418,255,255,https://demoqa.com/text-box,6522,0,1654
1729816168812,6522,Formulario-textbox-853-0,301,Moved Permanently,Usuarios 1-853,text,true,,391,302,255,255,http://demoqa.com/text-box,6522,0,1654
1729816175334,679,Formulario-textbox-853-1,200,OK,Usuarios 1-853,text,true,,3436,116,255,255,https://demoqa.com/text-box,679,0,494
1729816168893,7122,Formulario-textbox-884,200,OK,Usuarios 1-887,text,true,,3827,398,254,254,https://demoqa.com/text-box,3689,0,2787
1729816168893,3689,Formulario-textbox-884-0,301,Moved Permanently,Usuarios 1-887,text,true,,391,282,254,254,http://demoqa.com/text-box,3689,0,2787
1729816172583,3432,Formulario-textbox-884-1,200,OK,Usuarios 1-887,text,true,,3436,116,254,254,https://demoqa.com/text-box,3432,0,3070
1729816168770,7249,Formulario-textbox-839,200,OK,Usuarios 1-839,text,true,,3827,398,253,253,https://demoqa.com/text-box,6591,0,1693
1729816168770,6591,Formulario-textbox-839-0,301,Moved Permanently,Usuarios 1-839,text,true,,391,282,253,253,http://demoqa.com/text-box,6591,0,1693
1729816175362,657,Formulario-textbox-839-1,200,OK,Usuarios 1-839,text,true,,3436,116,253,253,https://demoqa.com/text-box,657,0,472
1729816168786,7234,Formulario-textbox-845,200,OK,Usuarios 1-850,text,true,,3827,393,252,252,https://demoqa.com/text-box,6575,0,1679
1729816168786,6575,Formulario-textbox-845-0,301,Moved Permanently,Usuarios 1-850,text,true,,391,277,252,252,http://demoqa.com/text-box,6575,0,1679
1729816175362,658,Formulario-textbox-845-1,200,OK,Usuarios 1-850,text,true,,3436,116,252,252,https://demoqa.com/text-box,658,0,473
1729816167918,8104,Formulario-textbox-537,200,OK,Usuarios 1-535,text,true,,3827,403,251,251,https://demoqa.com/text-box,3628,0,392
1729816167918,3628,Formulario-textbox-537-0,301,Moved Permanently,Usuarios 1-535,text,true,,391,287,251,251,http://demoqa.com/text-box,3628,0,392
1729816171547,4475,Formulario-textbox-537-1,200,OK,Usuarios 1-535,text,true,,3436,116,251,251,https://demoqa.com/text-box,4475,0,4105
1729816168030,8000,Formulario-textbox-576,200,OK,Usuarios 1-578,text,true,,3827,398,250,250,https://demoqa.com/text-box,3517,0,2732
1729816168030,3517,Formulario-textbox-576-0,301,Moved Permanently,Usuarios 1-578,text,true,,391,282,250,250,http://demoqa.com/text-box,3517,0,2732
1729816171547,4483,Formulario-textbox-576-1,200,OK,Usuarios 1-578,text,true,,3436,116,250,250,https://demoqa.com/text-box,4483,0,4106
1729816168897,7133,Formulario-textbox-888,200,OK,Usuarios 1-883,text,true,,3827,396,249,249,https://demoqa.com/text-box,3684,0,2783
1729816168897,3684,Formulario-textbox-888-0,301,Moved Permanently,Usuarios 1-883,text,true,,391,280,249,249,http://demoqa.com/text-box,3684,0,2783
1729816172581,3449,Formulario-textbox-888-1,200,OK,Usuarios 1-883,text,true,,3436,116,249,249,https://demoqa.com/text-box,3449,0,3073
1729816167259,8771,Formulario-textbox-299,200,OK,Usuarios 1-299,text,true,,3827,406,249,249,https://demoqa.com/text-box,680,0,337
1729816167259,680,Formulario-textbox-299-0,301,Moved Permanently,Usuarios 1-299,text,true,,391,290,249,249,http://demoqa.com/text-box,680,0,337
1729816167939,8091,Formulario-textbox-299-1,200,OK,Usuarios 1-299,text,true,,3436,116,249,249,https://demoqa.com/text-box,8091,0,7422
1729816168787,7244,Formulario-textbox-847,200,OK,Usuarios 1-844,text,true,,3827,404,247,247,https://demoqa.com/text-box,6574,0,1674
1729816168787,6574,Formulario-textbox-847-0,301,Moved Permanently,Usuarios 1-844,text,true,,391,288,247,247,http://demoqa.com/text-box,6574,0,1674
1729816175362,669,Formulario-textbox-847-1,200,OK,Usuarios 1-844,text,true,,3436,116,247,247,https://demoqa.com/text-box,669,0,474
1729816167853,8178,Formulario-textbox-513,200,OK,Usuarios 1-515,text,true,,3827,398,247,247,https://demoqa.com/text-box,3693,0,408
1729816167853,3693,Formulario-textbox-513-0,301,Moved Permanently,Usuarios 1-515,text,true,,391,282,247,247,http://demoqa.com/text-box,3693,0,408
1729816171547,4484,Formulario-textbox-513-1,200,OK,Usuarios 1-515,text,true,,3436,116,247,247,https://demoqa.com/text-box,4484,0,4107
1729816168888,7148,Formulario-textbox-883,200,OK,Usuarios 1-886,text,true,,3827,402,245,245,https://demoqa.com/text-box,3694,0,2792
1729816168888,3694,Formulario-textbox-883-0,301,Moved Permanently,Usuarios 1-886,text,true,,391,286,245,245,http://demoqa.com/text-box,3694,0,2792
1729816172583,3453,Formulario-textbox-883-1,200,OK,Usuarios 1-886,text,true,,3436,116,245,245,https://demoqa.com/text-box,3453,0,3072
1729816168825,7212,Formulario-textbox-858,200,OK,Usuarios 1-863,text,true,,3827,398,244,244,https://demoqa.com/text-box,6536,0,1640
1729816168825,6536,Formulario-textbox-858-0,301,Moved Permanently,Usuarios 1-863,text,true,,391,282,244,244,http://demoqa.com/text-box,6536,0,1640
1729816175362,675,Formulario-textbox-858-1,200,OK,Usuarios 1-863,text,true,,3436,116,244,244,https://demoqa.com/text-box,675,0,482
1729816169007,7030,Formulario-textbox-928,200,OK,Usuarios 1-929,text,true,,3827,402,243,243,https://demoqa.com/text-box,2514,0,1693
1729816169007,2514,Formulario-textbox-928-0,301,Moved Permanently,Usuarios 1-929,text,true,,391,286,243,243,http://demoqa.com/text-box,2514,0,1693
1729816171521,4516,Formulario-textbox-928-1,200,OK,Usuarios 1-929,text,true,,3436,116,243,243,https://demoqa.com/text-box,4516,0,4134
1729816169011,7026,Formulario-textbox-932,200,OK,Usuarios 1-931,text,true,,3827,404,242,242,https://demoqa.com/text-box,2510,0,1689
1729816169011,2510,Formulario-textbox-932-0,301,Moved Permanently,Usuarios 1-931,text,true,,391,288,242,242,http://demoqa.com/text-box,2510,0,1689
1729816171521,4516,Formulario-textbox-932-1,200,OK,Usuarios 1-931,text,true,,3436,116,242,242,https://demoqa.com/text-box,4516,0,4134
1729816167821,8216,Formulario-textbox-502,200,OK,Usuarios 1-497,text,true,,3827,403,242,242,https://demoqa.com/text-box,3725,0,396
1729816167821,3725,Formulario-textbox-502-0,301,Moved Permanently,Usuarios 1-497,text,true,,391,287,242,242,http://demoqa.com/text-box,3725,0,396
1729816171546,4491,Formulario-textbox-502-1,200,OK,Usuarios 1-497,text,true,,3436,116,242,242,https://demoqa.com/text-box,4491,0,4109
1729816168621,7417,Formulario-textbox-790,200,OK,Usuarios 1-791,text,true,,3827,395,240,240,https://demoqa.com/text-box,6808,0,3879
1729816168621,6808,Formulario-textbox-790-0,301,Moved Permanently,Usuarios 1-791,text,true,,391,279,240,240,http://demoqa.com/text-box,6808,0,3879
1729816175429,609,Formulario-textbox-790-1,200,OK,Usuarios 1-791,text,true,,3436,116,240,240,https://demoqa.com/text-box,609,0,429
1729816167266,8780,Formulario-textbox-303,200,OK,Usuarios 1-303,text,true,,3827,400,239,239,https://demoqa.com/text-box,674,0,330
1729816167266,674,Formulario-textbox-303-0,301,Moved Permanently,Usuarios 1-303,text,true,,391,284,239,239,http://demoqa.com/text-box,674,0,330
1729816167940,8106,Formulario-textbox-303-1,200,OK,Usuarios 1-303,text,true,,3436,116,239,239,https://demoqa.com/text-box,8106,0,7422
1729816167480,8566,Formulario-textbox-379,200,OK,Usuarios 1-378,text,true,,3827,406,239,239,https://demoqa.com/text-box,651,0,276
1729816167480,651,Formulario-textbox-379-0,301,Moved Permanently,Usuarios 1-378,text,true,,391,290,239,239,http://demoqa.com/text-box,651,0,276
1729816168132,7914,Formulario-textbox-379-1,200,OK,Usuarios 1-378,text,true,,3436,116,239,239,https://demoqa.com/text-box,7914,0,5393
1729816167411,8635,Formulario-textbox-355,200,OK,Usuarios 1-356,text,true,,3827,398,239,239,https://demoqa.com/text-box,719,0,291
1729816167411,719,Formulario-textbox-355-0,301,Moved Permanently,Usuarios 1-356,text,true,,391,282,239,239,http://demoqa.com/text-box,719,0,291
1729816168131,7915,Formulario-textbox-355-1,200,OK,Usuarios 1-356,text,true,,3436,116,239,239,https://demoqa.com/text-box,7915,0,5433
1729816168012,8041,Formulario-textbox-569,200,OK,Usuarios 1-568,text,true,,3827,405,236,236,https://demoqa.com/text-box,3536,0,2751
1729816168012,3536,Formulario-textbox-569-0,301,Moved Permanently,Usuarios 1-568,text,true,,391,289,236,236,http://demoqa.com/text-box,3536,0,2751
1729816171548,4505,Formulario-textbox-569-1,200,OK,Usuarios 1-568,text,true,,3436,116,236,236,https://demoqa.com/text-box,4505,0,4122
1729816168623,7431,Formulario-textbox-792,200,OK,Usuarios 1-793,text,true,,3827,401,235,235,https://demoqa.com/text-box,6805,0,3876
1729816168623,6805,Formulario-textbox-792-0,301,Moved Permanently,Usuarios 1-793,text,true,,391,285,235,235,http://demoqa.com/text-box,6805,0,3876
1729816175429,625,Formulario-textbox-792-1,200,OK,Usuarios 1-793,text,true,,3436,116,235,235,https://demoqa.com/text-box,625,0,435
1729816168625,7429,Formulario-textbox-793,200,OK,Usuarios 1-789,text,true,,3827,394,235,235,https://demoqa.com/text-box,6803,0,3873
1729816168625,6803,Formulario-textbox-793-0,301,Moved Permanently,Usuarios 1-789,text,true,,391,278,235,235,http://demoqa.com/text-box,6803,0,3873
1729816175429,625,Formulario-textbox-793-1,200,OK,Usuarios 1-789,text,true,,3436,116,235,235,https://demoqa.com/text-box,625,0,435
1729816167404,8658,Formulario-textbox-351,200,OK,Usuarios 1-352,text,true,,3827,409,233,233,https://demoqa.com/text-box,731,0,350
1729816167404,731,Formulario-textbox-351-0,301,Moved Permanently,Usuarios 1-352,text,true,,391,293,233,233,http://demoqa.com/text-box,731,0,350
1729816168136,7926,Formulario-textbox-351-1,200,OK,Usuarios 1-352,text,true,,3436,116,233,233,https://demoqa.com/text-box,7926,0,5425
1729816168660,7407,Formulario-textbox-805,200,OK,Usuarios 1-804,text,true,,3827,403,232,232,https://demoqa.com/text-box,6815,0,3873
1729816168660,6815,Formulario-textbox-805-0,301,Moved Permanently,Usuarios 1-804,text,true,,391,287,232,232,http://demoqa.com/text-box,6815,0,3873
1729816175476,591,Formulario-textbox-805-1,200,OK,Usuarios 1-804,text,true,,3436,116,232,232,https://demoqa.com/text-box,591,0,403
1729816168653,7415,Formulario-textbox-800,200,OK,Usuarios 1-802,text,true,,3827,403,231,231,https://demoqa.com/text-box,6822,0,3880
1729816168653,6822,Formulario-textbox-800-0,301,Moved Permanently,Usuarios 1-802,text,true,,391,287,231,231,http://demoqa.com/text-box,6822,0,3880
1729816175476,592,Formulario-textbox-800-1,200,OK,Usuarios 1-802,text,true,,3436,116,231,231,https://demoqa.com/text-box,592,0,408
1729816167318,8759,Formulario-textbox-319,200,OK,Usuarios 1-322,text,true,,3827,402,230,230,https://demoqa.com/text-box,653,0,312
1729816167318,653,Formulario-textbox-319-0,301,Moved Permanently,Usuarios 1-322,text,true,,391,286,230,230,http://demoqa.com/text-box,653,0,312
1729816167971,8106,Formulario-textbox-319-1,200,OK,Usuarios 1-322,text,true,,3436,116,230,230,https://demoqa.com/text-box,8106,0,1564
1729816167319,8768,Formulario-textbox-322,200,OK,Usuarios 1-323,text,true,,3827,401,229,229,https://demoqa.com/text-box,650,0,310
1729816167319,650,Formulario-textbox-322-0,301,Moved Permanently,Usuarios 1-323,text,true,,391,285,229,229,http://demoqa.com/text-box,650,0,310
1729816167969,8118,Formulario-textbox-322-1,200,OK,Usuarios 1-323,text,true,,3436,116,229,229,https://demoqa.com/text-box,8118,0,1567
1729816167339,8749,Formulario-textbox-329,200,OK,Usuarios 1-329,text,true,,3827,401,228,228,https://demoqa.com/text-box,630,0,291
1729816167339,630,Formulario-textbox-329-0,301,Moved Permanently,Usuarios 1-329,text,true,,391,285,228,228,http://demoqa.com/text-box,630,0,291
1729816167970,8118,Formulario-textbox-329-1,200,OK,Usuarios 1-329,text,true,,3436,116,228,228,https://demoqa.com/text-box,8118,0,1567
1729816166626,9466,Formulario-textbox-67,200,OK,Usuarios 1-65,text,true,,3827,392,227,227,https://demoqa.com/text-box,566,0,270
1729816166626,566,Formulario-textbox-67-0,301,Moved Permanently,Usuarios 1-65,text,true,,391,276,227,227,http://demoqa.com/text-box,566,0,270
1729816167193,8899,Formulario-textbox-67-1,200,OK,Usuarios 1-65,text,true,,3436,116,227,227,https://demoqa.com/text-box,8899,0,4785
1729816167323,8769,Formulario-textbox-323,200,OK,Usuarios 1-318,text,true,,3827,399,227,227,https://demoqa.com/text-box,618,0,306
1729816167323,619,Formulario-textbox-323-0,301,Moved Permanently,Usuarios 1-318,text,true,,391,283,227,227,http://demoqa.com/text-box,618,0,306
1729816167942,8150,Formulario-textbox-323-1,200,OK,Usuarios 1-318,text,true,,3436,116,227,227,https://demoqa.com/text-box,8150,0,7612
1729816166891,9208,Formulario-textbox-163,200,OK,Usuarios 1-162,text,true,,3827,410,225,225,https://demoqa.com/text-box,625,0,272
1729816166891,625,Formulario-textbox-163-0,301,Moved Permanently,Usuarios 1-162,text,true,,391,294,225,225,http://demoqa.com/text-box,625,0,272
1729816167516,8583,Formulario-textbox-163-1,200,OK,Usuarios 1-162,text,true,,3436,116,225,225,https://demoqa.com/text-box,8583,0,4462
1729816166625,9480,Formulario-textbox-66,200,OK,Usuarios 1-68,text,true,,3827,390,224,224,https://demoqa.com/text-box,568,0,272
1729816166881,9224,Formulario-textbox-159,200,OK,Usuarios 1-161,text,true,,3827,402,224,224,https://demoqa.com/text-box,583,0,215
1729816166724,9381,Formulario-textbox-102,200,OK,Usuarios 1-104,text,true,,3827,406,224,224,https://demoqa.com/text-box,631,0,275
1729816166625,568,Formulario-textbox-66-0,301,Moved Permanently,Usuarios 1-68,text,true,,391,274,224,224,http://demoqa.com/text-box,568,0,272
1729816166724,631,Formulario-textbox-102-0,301,Moved Permanently,Usuarios 1-104,text,true,,391,290,224,224,http://demoqa.com/text-box,631,0,275
1729816167193,8912,Formulario-textbox-66-1,200,OK,Usuarios 1-68,text,true,,3436,116,224,224,https://demoqa.com/text-box,8912,0,4785
1729816167367,8738,Formulario-textbox-102-1,200,OK,Usuarios 1-104,text,true,,3436,116,224,224,https://demoqa.com/text-box,8738,0,4612
1729816166596,9509,Formulario-textbox-19,200,OK,Usuarios 1-19,text,true,,3827,398,224,224,https://demoqa.com/text-box,679,0,368
1729816166596,679,Formulario-textbox-19-0,301,Moved Permanently,Usuarios 1-19,text,true,,391,282,224,224,http://demoqa.com/text-box,679,0,368
1729816167276,8829,Formulario-textbox-19-1,200,OK,Usuarios 1-19,text,true,,3436,116,224,224,https://demoqa.com/text-box,8829,0,4703
1729816166881,583,Formulario-textbox-159-0,301,Moved Permanently,Usuarios 1-161,text,true,,391,286,224,224,http://demoqa.com/text-box,583,0,215
1729816167464,8641,Formulario-textbox-159-1,200,OK,Usuarios 1-161,text,true,,3436,116,224,224,https://demoqa.com/text-box,8641,0,4514
1729816166863,9242,Formulario-textbox-153,200,OK,Usuarios 1-155,text,true,,3827,403,222,221,https://demoqa.com/text-box,541,0,196
1729816166863,541,Formulario-textbox-153-0,301,Moved Permanently,Usuarios 1-155,text,true,,391,287,222,221,http://demoqa.com/text-box,541,0,196
1729816167404,8701,Formulario-textbox-153-1,200,OK,Usuarios 1-155,text,true,,3436,116,222,221,https://demoqa.com/text-box,8701,0,4574
1729816166810,9304,Formulario-textbox-132,200,OK,Usuarios 1-129,text,true,,3827,401,219,219,https://demoqa.com/text-box,593,0,235
1729816167813,8301,Formulario-textbox-500,200,OK,Usuarios 1-501,text,true,,3827,404,219,219,https://demoqa.com/text-box,1167,0,363
1729816167807,8307,Formulario-textbox-496,200,OK,Usuarios 1-496,text,true,,3827,405,219,219,https://demoqa.com/text-box,1173,0,369
1729816166810,593,Formulario-textbox-132-0,301,Moved Permanently,Usuarios 1-129,text,true,,391,285,219,219,http://demoqa.com/text-box,593,0,235
1729816167807,1173,Formulario-textbox-496-0,301,Moved Permanently,Usuarios 1-496,text,true,,391,289,219,219,http://demoqa.com/text-box,1173,0,369
1729816167813,1167,Formulario-textbox-500-0,301,Moved Permanently,Usuarios 1-501,text,true,,391,288,219,219,http://demoqa.com/text-box,1167,0,363
1729816167403,8711,Formulario-textbox-132-1,200,OK,Usuarios 1-129,text,true,,3436,116,219,219,https://demoqa.com/text-box,8711,0,4576
1729816168980,7134,Formulario-textbox-496-1,200,OK,Usuarios 1-496,text,true,,3436,116,219,219,https://demoqa.com/text-box,7134,0,2542
1729816168980,7134,Formulario-textbox-500-1,200,OK,Usuarios 1-501,text,true,,3436,116,219,219,https://demoqa.com/text-box,7134,0,2543
1729816166877,9237,Formulario-textbox-158,200,OK,Usuarios 1-156,text,true,,3827,400,219,219,https://demoqa.com/text-box,587,0,219
1729816166877,587,Formulario-textbox-158-0,301,Moved Permanently,Usuarios 1-156,text,true,,391,284,219,219,http://demoqa.com/text-box,587,0,219
1729816167465,8649,Formulario-textbox-158-1,200,OK,Usuarios 1-156,text,true,,3436,116,219,219,https://demoqa.com/text-box,8649,0,4487
1729816166793,9321,Formulario-textbox-125,200,OK,Usuarios 1-125,text,true,,3827,409,219,219,https://demoqa.com/text-box,608,0,238
1729816166793,608,Formulario-textbox-125-0,301,Moved Permanently,Usuarios 1-125,text,true,,391,293,219,219,http://demoqa.com/text-box,608,0,238
1729816167401,8713,Formulario-textbox-125-1,200,OK,Usuarios 1-125,text,true,,3436,116,219,219,https://demoqa.com/text-box,8713,0,4578
1729816166859,9255,Formulario-textbox-151,200,OK,Usuarios 1-151,text,true,,3827,400,219,219,https://demoqa.com/text-box,603,0,200
1729816166859,603,Formulario-textbox-151-0,301,Moved Permanently,Usuarios 1-151,text,true,,391,284,219,219,http://demoqa.com/text-box,603,0,200
1729816167462,8652,Formulario-textbox-151-1,200,OK,Usuarios 1-151,text,true,,3436,116,219,219,https://demoqa.com/text-box,8652,0,4518
1729816166779,9342,Formulario-textbox-121,200,OK,Usuarios 1-122,text,true,,3827,404,213,213,https://demoqa.com/text-box,575,0,222
1729816166779,575,Formulario-textbox-121-0,301,Moved Permanently,Usuarios 1-122,text,true,,391,288,213,213,http://demoqa.com/text-box,575,0,222
1729816167354,8767,Formulario-textbox-121-1,200,OK,Usuarios 1-122,text,true,,3436,116,213,213,https://demoqa.com/text-box,8767,0,4626
1729816166816,9310,Formulario-textbox-136,200,OK,Usuarios 1-136,text,true,,3827,398,212,212,https://demoqa.com/text-box,586,0,229
1729816166816,586,Formulario-textbox-136-0,301,Moved Permanently,Usuarios 1-136,text,true,,391,282,212,212,http://demoqa.com/text-box,586,0,229
1729816167402,8724,Formulario-textbox-136-1,200,OK,Usuarios 1-136,text,true,,3436,116,212,212,https://demoqa.com/text-box,8724,0,4551
1729816166725,9401,Formulario-textbox-103,200,OK,Usuarios 1-103,text,true,,3827,407,212,212,https://demoqa.com/text-box,551,0,241
1729816166725,551,Formulario-textbox-103-0,301,Moved Permanently,Usuarios 1-103,text,true,,391,291,212,212,http://demoqa.com/text-box,551,0,241
1729816167276,8850,Formulario-textbox-103-1,200,OK,Usuarios 1-103,text,true,,3436,116,212,212,https://demoqa.com/text-box,8850,0,4677
1729816169205,7006,Formulario-textbox-1000,200,OK,Usuarios 1-992,text,true,,3827,399,210,210,https://demoqa.com/text-box,2859,0,2047
1729816169205,2859,Formulario-textbox-1000-0,301,Moved Permanently,Usuarios 1-992,text,true,,391,283,210,210,http://demoqa.com/text-box,2859,0,2047
1729816172064,4147,Formulario-textbox-1000-1,200,OK,Usuarios 1-992,text,true,,3436,116,210,210,https://demoqa.com/text-box,4147,0,3792
1729816167198,9014,Formulario-textbox-279,200,OK,Usuarios 1-279,text,true,,3827,404,209,209,https://demoqa.com/text-box,653,0,362
1729816167198,653,Formulario-textbox-279-0,301,Moved Permanently,Usuarios 1-279,text,true,,391,288,209,209,http://demoqa.com/text-box,653,0,362
1729816167851,8361,Formulario-textbox-279-1,200,OK,Usuarios 1-279,text,true,,3436,116,209,209,https://demoqa.com/text-box,8361,0,1324
1729816169189,7039,Formulario-textbox-997,200,OK,Usuarios 1-1000,text,true,,3827,394,208,208,https://demoqa.com/text-box,2878,0,2065
1729816169189,2878,Formulario-textbox-997-0,301,Moved Permanently,Usuarios 1-1000,text,true,,391,278,208,208,http://demoqa.com/text-box,2878,0,2065
1729816172067,4161,Formulario-textbox-997-1,200,OK,Usuarios 1-1000,text,true,,3436,116,208,208,https://demoqa.com/text-box,4161,0,3802
1729816169205,7024,Formulario-textbox-999,200,OK,Usuarios 1-998,text,true,,3827,400,207,207,https://demoqa.com/text-box,2860,0,2048
1729816169205,2860,Formulario-textbox-999-0,301,Moved Permanently,Usuarios 1-998,text,true,,391,284,207,207,http://demoqa.com/text-box,2860,0,2048
1729816172065,4164,Formulario-textbox-999-1,200,OK,Usuarios 1-998,text,true,,3436,116,207,207,https://demoqa.com/text-box,4164,0,3804
1729816169184,7047,Formulario-textbox-995,200,OK,Usuarios 1-999,text,true,,3827,402,206,206,https://demoqa.com/text-box,2880,0,2068
1729816169184,2880,Formulario-textbox-995-0,301,Moved Permanently,Usuarios 1-999,text,true,,391,286,206,206,http://demoqa.com/text-box,2880,0,2068
1729816172064,4167,Formulario-textbox-995-1,200,OK,Usuarios 1-999,text,true,,3436,116,206,206,https://demoqa.com/text-box,4167,0,3805
1729816169176,7067,Formulario-textbox-991,200,OK,Usuarios 1-996,text,true,,3827,401,205,205,https://demoqa.com/text-box,2890,0,2078
1729816169190,7053,Formulario-textbox-998,200,OK,Usuarios 1-997,text,true,,3827,406,205,205,https://demoqa.com/text-box,2875,0,2063
1729816169176,2890,Formulario-textbox-991-0,301,Moved Permanently,Usuarios 1-996,text,true,,391,285,205,205,http://demoqa.com/text-box,2890,0,2078
1729816172067,4176,Formulario-textbox-991-1,200,OK,Usuarios 1-996,text,true,,3436,116,205,205,https://demoqa.com/text-box,4176,0,3812
1729816169190,2875,Formulario-textbox-998-0,301,Moved Permanently,Usuarios 1-997,text,true,,391,290,205,205,http://demoqa.com/text-box,2875,0,2063
1729816172065,4178,Formulario-textbox-998-1,200,OK,Usuarios 1-997,text,true,,3436,116,205,205,https://demoqa.com/text-box,4178,0,3814
1729816168268,7985,Formulario-textbox-662,200,OK,Usuarios 1-663,text,true,,3827,404,203,203,https://demoqa.com/text-box,2376,0,712
1729816168275,7978,Formulario-textbox-663,200,OK,Usuarios 1-665,text,true,,3827,399,203,203,https://demoqa.com/text-box,2368,0,702
1729816168268,2376,Formulario-textbox-662-0,301,Moved Permanently,Usuarios 1-663,text,true,,391,288,203,203,http://demoqa.com/text-box,2376,0,712
1729816168275,2368,Formulario-textbox-663-0,301,Moved Permanently,Usuarios 1-665,text,true,,391,283,203,203,http://demoqa.com/text-box,2368,0,702
1729816170645,5608,Formulario-textbox-662-1,200,OK,Usuarios 1-663,text,true,,3436,116,203,203,https://demoqa.com/text-box,5608,0,5260
1729816170643,5610,Formulario-textbox-663-1,200,OK,Usuarios 1-665,text,true,,3436,116,203,203,https://demoqa.com/text-box,5610,0,5262
1729816167977,8279,Formulario-textbox-559,200,OK,Usuarios 1-558,text,true,,3827,398,201,201,https://demoqa.com/text-box,1694,0,518
1729816167977,1694,Formulario-textbox-559-0,301,Moved Permanently,Usuarios 1-558,text,true,,391,282,201,201,http://demoqa.com/text-box,1694,0,518
1729816169672,6584,Formulario-textbox-559-1,200,OK,Usuarios 1-558,text,true,,3436,116,201,201,https://demoqa.com/text-box,6584,0,6237
1729816167637,8720,Formulario-textbox-433,200,OK,Usuarios 1-439,text,true,,3827,392,200,200,https://demoqa.com/text-box,1171,0,341
1729816167637,1171,Formulario-textbox-433-0,301,Moved Permanently,Usuarios 1-439,text,true,,391,276,200,200,http://demoqa.com/text-box,1171,0,341
1729816168808,7549,Formulario-textbox-433-1,200,OK,Usuarios 1-439,text,true,,3436,116,200,200,https://demoqa.com/text-box,7549,0,7012
1729816167652,8740,Formulario-textbox-442,200,OK,Usuarios 1-441,text,true,,3827,398,199,199,https://demoqa.com/text-box,1154,0,326
1729816167652,1154,Formulario-textbox-442-0,301,Moved Permanently,Usuarios 1-441,text,true,,391,282,199,199,http://demoqa.com/text-box,1154,0,326
1729816168806,7586,Formulario-textbox-442-1,200,OK,Usuarios 1-441,text,true,,3436,116,199,199,https://demoqa.com/text-box,7586,0,7029
1729816167603,8874,Formulario-textbox-424,200,OK,Usuarios 1-426,text,true,,3827,402,198,198,https://demoqa.com/text-box,777,0,338
1729816167603,777,Formulario-textbox-424-0,301,Moved Permanently,Usuarios 1-426,text,true,,391,286,198,198,http://demoqa.com/text-box,777,0,338
1729816168381,8096,Formulario-textbox-424-1,200,OK,Usuarios 1-426,text,true,,3436,116,198,198,https://demoqa.com/text-box,8096,0,7578
1729816168676,7811,Formulario-textbox-811,200,OK,Usuarios 1-811,text,true,,3827,400,197,197,https://demoqa.com/text-box,2527,0,1445
1729816168676,2527,Formulario-textbox-811-0,301,Moved Permanently,Usuarios 1-811,text,true,,391,284,197,197,http://demoqa.com/text-box,2527,0,1445
1729816171203,5284,Formulario-textbox-811-1,200,OK,Usuarios 1-811,text,true,,3436,116,197,197,https://demoqa.com/text-box,5284,0,4935
1729816168284,8345,Formulario-textbox-668,200,OK,Usuarios 1-670,text,true,,3827,405,196,196,https://demoqa.com/text-box,2561,0,750
1729816168284,2561,Formulario-textbox-668-0,301,Moved Permanently,Usuarios 1-670,text,true,,391,289,196,196,http://demoqa.com/text-box,2561,0,750
1729816170845,5784,Formulario-textbox-668-1,200,OK,Usuarios 1-670,text,true,,3436,116,196,196,https://demoqa.com/text-box,5784,0,1578
1729816166596,10037,Formulario-textbox-43,200,OK,Usuarios 1-45,text,true,,3827,403,195,195,https://demoqa.com/text-box,567,0,297
1729816166596,567,Formulario-textbox-43-0,301,Moved Permanently,Usuarios 1-45,text,true,,391,287,195,195,http://demoqa.com/text-box,567,0,297
1729816167163,9470,Formulario-textbox-43-1,200,OK,Usuarios 1-45,text,true,,3436,116,195,195,https://demoqa.com/text-box,9470,0,1564
1729816166896,9746,Formulario-textbox-165,200,OK,Usuarios 1-166,text,true,,3827,421,194,194,https://demoqa.com/text-box,698,0,298
1729816166960,9682,Formulario-textbox-187,200,OK,Usuarios 1-188,text,true,,3827,410,194,194,https://demoqa.com/text-box,669,0,314
1729816166896,698,Formulario-textbox-165-0,301,Moved Permanently,Usuarios 1-166,text,true,,391,305,194,194,http://demoqa.com/text-box,698,0,298
1729816166960,669,Formulario-textbox-187-0,301,Moved Permanently,Usuarios 1-188,text,true,,391,294,194,194,http://demoqa.com/text-box,669,0,314
1729816167595,9047,Formulario-textbox-165-1,200,OK,Usuarios 1-166,text,true,,3436,116,194,194,https://demoqa.com/text-box,9047,0,1168
1729816167630,9012,Formulario-textbox-187-1,200,OK,Usuarios 1-188,text,true,,3436,116,194,194,https://demoqa.com/text-box,9012,0,1134
1729816167316,9330,Formulario-textbox-318,200,OK,Usuarios 1-316,text,true,,3827,402,192,192,https://demoqa.com/text-box,625,0,311
1729816167316,625,Formulario-textbox-318-0,301,Moved Permanently,Usuarios 1-316,text,true,,391,286,192,192,http://demoqa.com/text-box,625,0,311
1729816167941,8705,Formulario-textbox-318-1,200,OK,Usuarios 1-316,text,true,,3436,116,192,192,https://demoqa.com/text-box,8705,0,1523
1729816168673,8032,Formulario-textbox-808,200,OK,Usuarios 1-809,text,true,,3827,408,191,191,https://demoqa.com/text-box,2580,0,1500
1729816168673,2580,Formulario-textbox-808-0,301,Moved Permanently,Usuarios 1-809,text,true,,391,292,191,191,http://demoqa.com/text-box,2580,0,1500
1729816171254,5451,Formulario-textbox-808-1,200,OK,Usuarios 1-809,text,true,,3436,116,191,191,https://demoqa.com/text-box,5451,0,5119
1729816168672,8035,Formulario-textbox-809,200,OK,Usuarios 1-810,text,true,,3827,400,190,190,https://demoqa.com/text-box,2580,0,1499
1729816168692,8015,Formulario-textbox-817,200,OK,Usuarios 1-818,text,true,,3827,409,190,190,https://demoqa.com/text-box,2542,0,1479
1729816168672,2580,Formulario-textbox-809-0,301,Moved Permanently,Usuarios 1-810,text,true,,391,284,190,190,http://demoqa.com/text-box,2580,0,1499
1729816168692,2542,Formulario-textbox-817-0,301,Moved Permanently,Usuarios 1-818,text,true,,391,293,190,190,http://demoqa.com/text-box,2542,0,1479
1729816171252,5455,Formulario-textbox-809-1,200,OK,Usuarios 1-810,text,true,,3436,116,190,190,https://demoqa.com/text-box,5455,0,5121
1729816171234,5473,Formulario-textbox-817-1,200,OK,Usuarios 1-818,text,true,,3436,116,190,190,https://demoqa.com/text-box,5473,0,5139
1729816168676,8031,Formulario-textbox-810,200,OK,Usuarios 1-807,text,true,,3827,406,188,188,https://demoqa.com/text-box,2576,0,1497
1729816168676,2576,Formulario-textbox-810-0,301,Moved Permanently,Usuarios 1-807,text,true,,391,290,188,188,http://demoqa.com/text-box,2576,0,1497
1729816171252,5455,Formulario-textbox-810-1,200,OK,Usuarios 1-807,text,true,,3436,116,188,188,https://demoqa.com/text-box,5455,0,5121
1729816168247,8467,Formulario-textbox-653,200,OK,Usuarios 1-655,text,true,,3827,403,187,187,https://demoqa.com/text-box,2985,0,559
1729816168247,2985,Formulario-textbox-653-0,301,Moved Permanently,Usuarios 1-655,text,true,,391,287,187,187,http://demoqa.com/text-box,2985,0,559
1729816171232,5482,Formulario-textbox-653-1,200,OK,Usuarios 1-655,text,true,,3436,116,187,187,https://demoqa.com/text-box,5482,0,5147
1729816168188,8526,Formulario-textbox-634,200,OK,Usuarios 1-631,text,true,,3827,401,186,186,https://demoqa.com/text-box,3045,0,573
1729816168188,3045,Formulario-textbox-634-0,301,Moved Permanently,Usuarios 1-631,text,true,,391,285,186,186,http://demoqa.com/text-box,3045,0,573
1729816171233,5481,Formulario-textbox-634-1,200,OK,Usuarios 1-631,text,true,,3436,116,186,186,https://demoqa.com/text-box,5481,0,5144
1729816168704,8017,Formulario-textbox-820,200,OK,Usuarios 1-820,text,true,,3827,400,185,185,https://demoqa.com/text-box,2530,0,1468
1729816168704,2530,Formulario-textbox-820-0,301,Moved Permanently,Usuarios 1-820,text,true,,391,284,185,185,http://demoqa.com/text-box,2530,0,1468
1729816171234,5487,Formulario-textbox-820-1,200,OK,Usuarios 1-820,text,true,,3436,116,185,185,https://demoqa.com/text-box,5487,0,5147
1729816168246,8484,Formulario-textbox-652,200,OK,Usuarios 1-651,text,true,,3827,399,184,184,https://demoqa.com/text-box,2986,0,560
1729816168246,2986,Formulario-textbox-652-0,301,Moved Permanently,Usuarios 1-651,text,true,,391,283,184,184,http://demoqa.com/text-box,2986,0,560
1729816171232,5498,Formulario-textbox-652-1,200,OK,Usuarios 1-651,text,true,,3436,116,184,184,https://demoqa.com/text-box,5498,0,5153
1729816168705,8026,Formulario-textbox-821,200,OK,Usuarios 1-821,text,true,,3827,400,183,183,https://demoqa.com/text-box,2530,0,1469
1729816168705,2530,Formulario-textbox-821-0,301,Moved Permanently,Usuarios 1-821,text,true,,391,284,183,183,http://demoqa.com/text-box,2530,0,1469
1729816171235,5496,Formulario-textbox-821-1,200,OK,Usuarios 1-821,text,true,,3436,116,183,183,https://demoqa.com/text-box,5496,0,5150
1729816167399,9459,Formulario-textbox-350,200,OK,Usuarios 1-345,text,true,,3827,409,182,182,https://demoqa.com/text-box,664,0,301
1729816167382,9476,Formulario-textbox-344,200,OK,Usuarios 1-346,text,true,,3827,399,182,182,https://demoqa.com/text-box,679,0,295
1729816167424,9434,Formulario-textbox-359,200,OK,Usuarios 1-360,text,true,,3827,401,182,182,https://demoqa.com/text-box,638,0,276
1729816167382,679,Formulario-textbox-344-0,301,Moved Permanently,Usuarios 1-346,text,true,,391,283,182,182,http://demoqa.com/text-box,679,0,295
1729816167399,664,Formulario-textbox-350-0,301,Moved Permanently,Usuarios 1-345,text,true,,391,293,182,182,http://demoqa.com/text-box,664,0,301
1729816168061,8797,Formulario-textbox-344-1,200,OK,Usuarios 1-346,text,true,,3436,116,182,182,https://demoqa.com/text-box,8797,0,4317
1729816167424,638,Formulario-textbox-359-0,301,Moved Permanently,Usuarios 1-360,text,true,,391,285,182,182,http://demoqa.com/text-box,638,0,276
1729816168064,8794,Formulario-textbox-350-1,200,OK,Usuarios 1-345,text,true,,3436,116,182,182,https://demoqa.com/text-box,8794,0,4314
1729816168063,8795,Formulario-textbox-359-1,200,OK,Usuarios 1-360,text,true,,3436,116,182,182,https://demoqa.com/text-box,8795,0,4315
1729816167344,9515,Formulario-textbox-331,200,OK,Usuarios 1-331,text,true,,3827,394,179,179,https://demoqa.com/text-box,716,0,331
1729816167344,716,Formulario-textbox-331-0,301,Moved Permanently,Usuarios 1-331,text,true,,391,278,179,179,http://demoqa.com/text-box,716,0,331
1729816168061,8798,Formulario-textbox-331-1,200,OK,Usuarios 1-331,text,true,,3436,116,179,179,https://demoqa.com/text-box,8798,0,4317
1729816167393,9471,Formulario-textbox-348,200,OK,Usuarios 1-350,text,true,,3827,403,178,178,https://demoqa.com/text-box,670,0,306
1729816167393,670,Formulario-textbox-348-0,301,Moved Permanently,Usuarios 1-350,text,true,,391,287,178,178,http://demoqa.com/text-box,670,0,306
1729816168064,8800,Formulario-textbox-348-1,200,OK,Usuarios 1-350,text,true,,3436,116,178,178,https://demoqa.com/text-box,8800,0,4314
1729816168535,8347,Formulario-textbox-761,200,OK,Usuarios 1-761,text,true,,3827,400,177,177,https://demoqa.com/text-box,2350,0,1196
1729816168535,2350,Formulario-textbox-761-0,301,Moved Permanently,Usuarios 1-761,text,true,,391,284,177,177,http://demoqa.com/text-box,2350,0,1196
1729816170885,5997,Formulario-textbox-761-1,200,OK,Usuarios 1-761,text,true,,3436,116,177,177,https://demoqa.com/text-box,5997,0,1573
1729816168534,8351,Formulario-textbox-760,200,OK,Usuarios 1-762,text,true,,3827,405,176,176,https://demoqa.com/text-box,2350,0,1196
1729816168534,2350,Formulario-textbox-760-0,301,Moved Permanently,Usuarios 1-762,text,true,,391,289,176,176,http://demoqa.com/text-box,2350,0,1196
1729816170884,6001,Formulario-textbox-760-1,200,OK,Usuarios 1-762,text,true,,3436,116,176,176,https://demoqa.com/text-box,6001,0,1616
1729816168532,8356,Formulario-textbox-758,200,OK,Usuarios 1-760,text,true,,3827,404,175,175,https://demoqa.com/text-box,2352,0,1198
1729816168516,8372,Formulario-textbox-752,200,OK,Usuarios 1-752,text,true,,3827,408,175,175,https://demoqa.com/text-box,2400,0,1215
1729816166747,10141,Formulario-textbox-111,200,OK,Usuarios 1-110,text,true,,3827,409,175,175,https://demoqa.com/text-box,606,0,253
1729816168516,2400,Formulario-textbox-752-0,301,Moved Permanently,Usuarios 1-752,text,true,,391,292,175,175,http://demoqa.com/text-box,2400,0,1215
1729816168532,2352,Formulario-textbox-758-0,301,Moved Permanently,Usuarios 1-760,text,true,,391,288,175,175,http://demoqa.com/text-box,2352,0,1198
1729816166747,606,Formulario-textbox-111-0,301,Moved Permanently,Usuarios 1-110,text,true,,391,293,175,175,http://demoqa.com/text-box,606,0,253
1729816170884,6004,Formulario-textbox-758-1,200,OK,Usuarios 1-760,text,true,,3436,116,175,175,https://demoqa.com/text-box,6004,0,1574
1729816170917,5971,Formulario-textbox-752-1,200,OK,Usuarios 1-752,text,true,,3436,116,175,175,https://demoqa.com/text-box,5971,0,1618
1729816167354,9534,Formulario-textbox-111-1,200,OK,Usuarios 1-110,text,true,,3436,116,175,175,https://demoqa.com/text-box,9534,0,1329
1729816168520,8374,Formulario-textbox-755,200,OK,Usuarios 1-754,text,true,,3827,401,172,172,https://demoqa.com/text-box,2363,0,1207
1729816168524,8370,Formulario-textbox-757,200,OK,Usuarios 1-757,text,true,,3827,404,172,172,https://demoqa.com/text-box,2359,0,1205
1729816166597,10297,Formulario-textbox-3,200,OK,Usuarios 1-4,text,true,,3827,399,172,172,https://demoqa.com/text-box,754,0,368
1729816168520,2363,Formulario-textbox-755-0,301,Moved Permanently,Usuarios 1-754,text,true,,391,285,172,172,http://demoqa.com/text-box,2363,0,1207
1729816166597,754,Formulario-textbox-3-0,301,Moved Permanently,Usuarios 1-4,text,true,,391,283,172,172,http://demoqa.com/text-box,754,0,368
1729816170883,6011,Formulario-textbox-755-1,200,OK,Usuarios 1-754,text,true,,3436,116,172,172,https://demoqa.com/text-box,6011,0,1618
1729816167351,9543,Formulario-textbox-3-1,200,OK,Usuarios 1-4,text,true,,3436,116,172,172,https://demoqa.com/text-box,9543,0,1333
1729816168524,2359,Formulario-textbox-757-0,301,Moved Permanently,Usuarios 1-757,text,true,,391,288,172,172,http://demoqa.com/text-box,2359,0,1205
1729816170884,6010,Formulario-textbox-757-1,200,OK,Usuarios 1-757,text,true,,3436,116,172,172,https://demoqa.com/text-box,6010,0,1616
1729816166991,9903,Formulario-textbox-201,200,OK,Usuarios 1-203,text,true,,3827,395,172,172,https://demoqa.com/text-box,606,0,285
1729816166991,606,Formulario-textbox-201-0,301,Moved Permanently,Usuarios 1-203,text,true,,391,279,172,172,http://demoqa.com/text-box,606,0,285
1729816167597,9297,Formulario-textbox-201-1,200,OK,Usuarios 1-203,text,true,,3436,116,172,172,https://demoqa.com/text-box,9297,0,1167
1729816168693,8282,Formulario-textbox-818,200,OK,Usuarios 1-817,text,true,,3827,389,168,168,https://demoqa.com/text-box,2559,0,1483
1729816168693,2559,Formulario-textbox-818-0,301,Moved Permanently,Usuarios 1-817,text,true,,391,273,168,168,http://demoqa.com/text-box,2559,0,1483
1729816171252,5723,Formulario-textbox-818-1,200,OK,Usuarios 1-817,text,true,,3436,116,168,168,https://demoqa.com/text-box,5723,0,5382
1729816167838,9149,Formulario-textbox-508,200,OK,Usuarios 1-508,text,true,,3827,406,167,167,https://demoqa.com/text-box,1339,0,382
1729816167804,9183,Formulario-textbox-495,200,OK,Usuarios 1-495,text,true,,3827,390,167,167,https://demoqa.com/text-box,1370,0,414
1729816167838,1339,Formulario-textbox-508-0,301,Moved Permanently,Usuarios 1-508,text,true,,391,290,167,167,http://demoqa.com/text-box,1339,0,382
1729816169178,7809,Formulario-textbox-508-1,200,OK,Usuarios 1-508,text,true,,3436,116,167,167,https://demoqa.com/text-box,7809,0,7284
1729816167804,1370,Formulario-textbox-495-0,301,Moved Permanently,Usuarios 1-495,text,true,,391,274,167,167,http://demoqa.com/text-box,1370,0,414
1729816169174,7813,Formulario-textbox-495-1,200,OK,Usuarios 1-495,text,true,,3436,116,167,167,https://demoqa.com/text-box,7813,0,7288
1729816167841,9159,Formulario-textbox-510,200,OK,Usuarios 1-512,text,true,,3827,407,165,165,https://demoqa.com/text-box,1337,0,379
1729816167787,9213,Formulario-textbox-491,200,OK,Usuarios 1-490,text,true,,3827,406,165,165,https://demoqa.com/text-box,1386,0,430
1729816167841,1337,Formulario-textbox-510-0,301,Moved Permanently,Usuarios 1-512,text,true,,391,291,165,165,http://demoqa.com/text-box,1337,0,379
1729816167787,1386,Formulario-textbox-491-0,301,Moved Permanently,Usuarios 1-490,text,true,,391,290,165,165,http://demoqa.com/text-box,1386,0,430
1729816169178,7822,Formulario-textbox-510-1,200,OK,Usuarios 1-512,text,true,,3436,116,165,165,https://demoqa.com/text-box,7822,0,7289
1729816169174,7826,Formulario-textbox-491-1,200,OK,Usuarios 1-490,text,true,,3436,116,165,165,https://demoqa.com/text-box,7826,0,7293
1729816167881,9119,Formulario-textbox-520,200,OK,Usuarios 1-519,text,true,,3827,394,165,165,https://demoqa.com/text-box,1295,0,380
1729816167881,1295,Formulario-textbox-520-0,301,Moved Permanently,Usuarios 1-519,text,true,,391,278,165,165,http://demoqa.com/text-box,1295,0,380
1729816169176,7824,Formulario-textbox-520-1,200,OK,Usuarios 1-519,text,true,,3436,116,165,165,https://demoqa.com/text-box,7824,0,7291
1729816167893,9107,Formulario-textbox-527,200,OK,Usuarios 1-522,text,true,,3827,407,165,165,https://demoqa.com/text-box,1283,0,369
1729816167893,1283,Formulario-textbox-527-0,301,Moved Permanently,Usuarios 1-522,text,true,,391,291,165,165,http://demoqa.com/text-box,1283,0,369
1729816169176,7824,Formulario-textbox-527-1,200,OK,Usuarios 1-522,text,true,,3436,116,165,165,https://demoqa.com/text-box,7824,0,7291
1729816168677,8331,Formulario-textbox-812,200,OK,Usuarios 1-813,text,true,,3827,415,161,161,https://demoqa.com/text-box,2575,0,1494
1729816168677,2575,Formulario-textbox-812-0,301,Moved Permanently,Usuarios 1-813,text,true,,391,299,161,161,http://demoqa.com/text-box,2575,0,1494
1729816171252,5756,Formulario-textbox-812-1,200,OK,Usuarios 1-813,text,true,,3436,116,161,161,https://demoqa.com/text-box,5756,0,5391
1729816168709,8302,Formulario-textbox-823,200,OK,Usuarios 1-824,text,true,,3827,396,160,160,https://demoqa.com/text-box,2544,0,1467
1729816168689,8322,Formulario-textbox-815,200,OK,Usuarios 1-816,text,true,,3827,399,160,160,https://demoqa.com/text-box,2564,0,1486
1729816168669,8342,Formulario-textbox-806,200,OK,Usuarios 1-808,text,true,,3827,400,160,160,https://demoqa.com/text-box,2584,0,1504
1729816168709,2544,Formulario-textbox-823-0,301,Moved Permanently,Usuarios 1-824,text,true,,391,280,160,160,http://demoqa.com/text-box,2544,0,1467
1729816168689,2565,Formulario-textbox-815-0,301,Moved Permanently,Usuarios 1-816,text,true,,391,283,160,160,http://demoqa.com/text-box,2564,0,1486
1729816171253,5758,Formulario-textbox-823-1,200,OK,Usuarios 1-824,text,true,,3436,116,160,160,https://demoqa.com/text-box,5758,0,5393
1729816168669,2584,Formulario-textbox-806-0,301,Moved Permanently,Usuarios 1-808,text,true,,391,284,160,160,http://demoqa.com/text-box,2584,0,1504
1729816171254,5757,Formulario-textbox-815-1,200,OK,Usuarios 1-816,text,true,,3436,116,160,160,https://demoqa.com/text-box,5757,0,5392
1729816171253,5758,Formulario-textbox-806-1,200,OK,Usuarios 1-808,text,true,,3436,116,160,160,https://demoqa.com/text-box,5758,0,5393
1729816168689,8322,Formulario-textbox-816,200,OK,Usuarios 1-815,text,true,,3827,398,157,157,https://demoqa.com/text-box,2563,0,1485
1729816168689,2563,Formulario-textbox-816-0,301,Moved Permanently,Usuarios 1-815,text,true,,391,282,157,157,http://demoqa.com/text-box,2563,0,1485
1729816171252,5759,Formulario-textbox-816-1,200,OK,Usuarios 1-815,text,true,,3436,116,157,157,https://demoqa.com/text-box,5759,0,5398
1729816167290,9862,Formulario-textbox-310,200,OK,Usuarios 1-310,text,true,,3827,395,156,156,https://demoqa.com/text-box,680,0,340
1729816167290,680,Formulario-textbox-310-0,301,Moved Permanently,Usuarios 1-310,text,true,,391,279,156,156,http://demoqa.com/text-box,680,0,340
1729816167971,9181,Formulario-textbox-310-1,200,OK,Usuarios 1-310,text,true,,3436,116,156,156,https://demoqa.com/text-box,9181,0,1492
1729816167669,9512,Formulario-textbox-449,200,OK,Usuarios 1-450,text,true,,3827,395,155,155,https://demoqa.com/text-box,1177,0,302
1729816167669,1177,Formulario-textbox-449-0,301,Moved Permanently,Usuarios 1-450,text,true,,391,279,155,155,http://demoqa.com/text-box,1177,0,302
1729816168846,8335,Formulario-textbox-449-1,200,OK,Usuarios 1-450,text,true,,3436,116,155,155,https://demoqa.com/text-box,8335,0,7837
1729816168570,8612,Formulario-textbox-774,200,OK,Usuarios 1-771,text,true,,3827,408,154,154,https://demoqa.com/text-box,2372,0,1227
1729816168168,9014,Formulario-textbox-627,200,OK,Usuarios 1-629,text,true,,3827,395,154,154,https://demoqa.com/text-box,1953,0,515
1729816168570,2372,Formulario-textbox-774-0,301,Moved Permanently,Usuarios 1-771,text,true,,391,292,154,154,http://demoqa.com/text-box,2372,0,1227
1729816168168,1953,Formulario-textbox-627-0,301,Moved Permanently,Usuarios 1-629,text,true,,391,279,154,154,http://demoqa.com/text-box,1953,0,515
1729816170942,6240,Formulario-textbox-774-1,200,OK,Usuarios 1-771,text,true,,3436,116,154,154,https://demoqa.com/text-box,6240,0,1684
1729816170121,7061,Formulario-textbox-627-1,200,OK,Usuarios 1-629,text,true,,3436,116,154,154,https://demoqa.com/text-box,7061,0,1832
1729816168537,8645,Formulario-textbox-762,200,OK,Usuarios 1-763,text,true,,3827,399,152,152,https://demoqa.com/text-box,2379,0,1195
1729816168537,2379,Formulario-textbox-762-0,301,Moved Permanently,Usuarios 1-763,text,true,,391,283,152,152,http://demoqa.com/text-box,2379,0,1195
1729816170917,6265,Formulario-textbox-762-1,200,OK,Usuarios 1-763,text,true,,3436,116,152,152,https://demoqa.com/text-box,6265,0,1665
1729816168520,8663,Formulario-textbox-754,200,OK,Usuarios 1-753,text,true,,3827,404,151,151,https://demoqa.com/text-box,2396,0,1211
1729816168520,2396,Formulario-textbox-754-0,301,Moved Permanently,Usuarios 1-753,text,true,,391,288,151,151,http://demoqa.com/text-box,2396,0,1211
1729816170917,6266,Formulario-textbox-754-1,200,OK,Usuarios 1-753,text,true,,3436,116,151,151,https://demoqa.com/text-box,6266,0,1663
1729816168537,8646,Formulario-textbox-763,200,OK,Usuarios 1-759,text,true,,3827,404,150,150,https://demoqa.com/text-box,2347,0,1193
1729816168537,2347,Formulario-textbox-763-0,301,Moved Permanently,Usuarios 1-759,text,true,,391,288,150,150,http://demoqa.com/text-box,2347,0,1193
1729816170884,6299,Formulario-textbox-763-1,200,OK,Usuarios 1-759,text,true,,3436,116,150,150,https://demoqa.com/text-box,6299,0,1698
1729816168519,8665,Formulario-textbox-753,200,OK,Usuarios 1-755,text,true,,3827,396,149,149,https://demoqa.com/text-box,2364,0,1209
1729816168519,2364,Formulario-textbox-753-0,301,Moved Permanently,Usuarios 1-755,text,true,,391,280,149,149,http://demoqa.com/text-box,2364,0,1209
1729816170883,6301,Formulario-textbox-753-1,200,OK,Usuarios 1-755,text,true,,3436,116,149,149,https://demoqa.com/text-box,6301,0,1700
1729816166596,10638,Formulario-textbox-1,200,OK,Usuarios 1-2,text,true,,3827,403,148,148,https://demoqa.com/text-box,756,0,370
1729816166596,756,Formulario-textbox-1-0,301,Moved Permanently,Usuarios 1-2,text,true,,391,287,148,148,http://demoqa.com/text-box,756,0,370
1729816167352,9882,Formulario-textbox-1-1,200,OK,Usuarios 1-2,text,true,,3436,116,148,148,https://demoqa.com/text-box,9882,0,1243
1729816169042,8441,Formulario-textbox-940,200,OK,Usuarios 1-942,text,true,,3827,395,147,147,https://demoqa.com/text-box,2603,0,1803
1729816167891,9592,Formulario-textbox-526,200,OK,Usuarios 1-528,text,true,,3827,402,147,147,https://demoqa.com/text-box,3691,0,417
1729816169042,2603,Formulario-textbox-940-0,301,Moved Permanently,Usuarios 1-942,text,true,,391,279,147,147,http://demoqa.com/text-box,2603,0,1803
1729816167891,3691,Formulario-textbox-526-0,301,Moved Permanently,Usuarios 1-528,text,true,,391,286,147,147,http://demoqa.com/text-box,3691,0,417
1729816171645,5838,Formulario-textbox-940-1,200,OK,Usuarios 1-942,text,true,,3436,116,147,147,https://demoqa.com/text-box,5838,0,5504
1729816171582,5901,Formulario-textbox-526-1,200,OK,Usuarios 1-528,text,true,,3436,116,147,147,https://demoqa.com/text-box,5901,0,5567
1729816168084,9399,Formulario-textbox-596,200,OK,Usuarios 1-592,text,true,,3827,414,147,147,https://demoqa.com/text-box,3498,0,2680
1729816168084,3498,Formulario-textbox-596-0,301,Moved Permanently,Usuarios 1-592,text,true,,391,298,147,147,http://demoqa.com/text-box,3498,0,2680
1729816171582,5901,Formulario-textbox-596-1,200,OK,Usuarios 1-592,text,true,,3436,116,147,147,https://demoqa.com/text-box,5901,0,5567
1729816167887,9598,Formulario-textbox-524,200,OK,Usuarios 1-526,text,true,,3827,404,144,144,https://demoqa.com/text-box,3696,0,422
1729816167887,3696,Formulario-textbox-524-0,301,Moved Permanently,Usuarios 1-526,text,true,,391,288,144,144,http://demoqa.com/text-box,3696,0,422
1729816171583,5902,Formulario-textbox-524-1,200,OK,Usuarios 1-526,text,true,,3436,116,144,144,https://demoqa.com/text-box,5902,0,5566
1729816168100,9402,Formulario-textbox-602,200,OK,Usuarios 1-603,text,true,,3827,402,143,143,https://demoqa.com/text-box,3481,0,2663
1729816168097,9405,Formulario-textbox-600,200,OK,Usuarios 1-602,text,true,,3827,401,143,143,https://demoqa.com/text-box,3465,0,2668
1729816168100,3481,Formulario-textbox-602-0,301,Moved Permanently,Usuarios 1-603,text,true,,391,286,143,143,http://demoqa.com/text-box,3481,0,2663
1729816168097,3465,Formulario-textbox-600-0,301,Moved Permanently,Usuarios 1-602,text,true,,391,285,143,143,http://demoqa.com/text-box,3465,0,2668
1729816168043,9459,Formulario-textbox-580,200,OK,Usuarios 1-580,text,true,,3827,398,143,143,https://demoqa.com/text-box,3539,0,2721
1729816171581,5921,Formulario-textbox-602-1,200,OK,Usuarios 1-603,text,true,,3436,116,143,143,https://demoqa.com/text-box,5921,0,5576
1729816171562,5940,Formulario-textbox-600-1,200,OK,Usuarios 1-602,text,true,,3436,116,143,143,https://demoqa.com/text-box,5940,0,5595
1729816168043,3539,Formulario-textbox-580-0,301,Moved Permanently,Usuarios 1-580,text,true,,391,282,143,143,http://demoqa.com/text-box,3539,0,2721
1729816171582,5920,Formulario-textbox-580-1,200,OK,Usuarios 1-580,text,true,,3436,116,143,143,https://demoqa.com/text-box,5920,0,5575
1729816168065,9438,Formulario-textbox-588,200,OK,Usuarios 1-590,text,true,,3827,401,140,140,https://demoqa.com/text-box,3516,0,2701
1729816168065,3516,Formulario-textbox-588-0,301,Moved Permanently,Usuarios 1-590,text,true,,391,285,140,140,http://demoqa.com/text-box,3516,0,2701
1729816171582,5921,Formulario-textbox-588-1,200,OK,Usuarios 1-590,text,true,,3436,116,140,140,https://demoqa.com/text-box,5921,0,5575
1729816168028,9476,Formulario-textbox-575,200,OK,Usuarios 1-576,text,true,,3827,406,139,139,https://demoqa.com/text-box,3554,0,2736
1729816168028,3554,Formulario-textbox-575-0,301,Moved Permanently,Usuarios 1-576,text,true,,391,290,139,139,http://demoqa.com/text-box,3554,0,2736
1729816171582,5922,Formulario-textbox-575-1,200,OK,Usuarios 1-576,text,true,,3436,116,139,139,https://demoqa.com/text-box,5922,0,5575
1729816169025,8488,Formulario-textbox-935,200,OK,Usuarios 1-935,text,true,,3827,398,138,138,https://demoqa.com/text-box,2620,0,1819
1729816169027,8486,Formulario-textbox-937,200,OK,Usuarios 1-937,text,true,,3827,396,138,138,https://demoqa.com/text-box,2535,0,1739
1729816169025,2620,Formulario-textbox-935-0,301,Moved Permanently,Usuarios 1-935,text,true,,391,282,138,138,http://demoqa.com/text-box,2620,0,1819
1729816171645,5868,Formulario-textbox-935-1,200,OK,Usuarios 1-935,text,true,,3436,116,138,138,https://demoqa.com/text-box,5868,0,5523
1729816169027,2535,Formulario-textbox-937-0,301,Moved Permanently,Usuarios 1-937,text,true,,391,280,138,138,http://demoqa.com/text-box,2535,0,1739
1729816171563,5950,Formulario-textbox-937-1,200,OK,Usuarios 1-937,text,true,,3436,116,138,138,https://demoqa.com/text-box,5950,0,5605
1729816168066,9447,Formulario-textbox-589,200,OK,Usuarios 1-585,text,true,,3827,408,136,136,https://demoqa.com/text-box,3516,0,2700
1729816168066,3517,Formulario-textbox-589-0,301,Moved Permanently,Usuarios 1-585,text,true,,391,292,136,136,http://demoqa.com/text-box,3516,0,2700
1729816171583,5930,Formulario-textbox-589-1,200,OK,Usuarios 1-585,text,true,,3436,116,136,136,https://demoqa.com/text-box,5930,0,5585
1729816167893,9620,Formulario-textbox-528,200,OK,Usuarios 1-523,text,true,,3827,398,136,136,https://demoqa.com/text-box,3689,0,415
1729816167893,3689,Formulario-textbox-528-0,301,Moved Permanently,Usuarios 1-523,text,true,,391,282,136,136,http://demoqa.com/text-box,3689,0,415
1729816171582,5931,Formulario-textbox-528-1,200,OK,Usuarios 1-523,text,true,,3436,116,136,136,https://demoqa.com/text-box,5931,0,5586
1729816168014,9502,Formulario-textbox-571,200,OK,Usuarios 1-572,text,true,,3827,397,134,134,https://demoqa.com/text-box,3568,0,2751
1729816168014,9502,Formulario-textbox-572,200,OK,Usuarios 1-569,text,true,,3827,401,134,134,https://demoqa.com/text-box,3567,0,2753
1729816168014,3568,Formulario-textbox-571-0,301,Moved Permanently,Usuarios 1-572,text,true,,391,281,134,134,http://demoqa.com/text-box,3568,0,2751
1729816171582,5934,Formulario-textbox-571-1,200,OK,Usuarios 1-572,text,true,,3436,116,134,134,https://demoqa.com/text-box,5934,0,5587
1729816168014,3567,Formulario-textbox-572-0,301,Moved Permanently,Usuarios 1-569,text,true,,391,285,134,134,http://demoqa.com/text-box,3567,0,2753
1729816171581,5935,Formulario-textbox-572-1,200,OK,Usuarios 1-569,text,true,,3436,116,134,134,https://demoqa.com/text-box,5935,0,5588
1729816167890,9626,Formulario-textbox-523,200,OK,Usuarios 1-527,text,true,,3827,392,134,134,https://demoqa.com/text-box,3692,0,418
1729816167890,3692,Formulario-textbox-523-0,301,Moved Permanently,Usuarios 1-527,text,true,,391,276,134,134,http://demoqa.com/text-box,3692,0,418
1729816171582,5934,Formulario-textbox-523-1,200,OK,Usuarios 1-527,text,true,,3436,116,134,134,https://demoqa.com/text-box,5934,0,5587
1729816167900,9636,Formulario-textbox-531,200,OK,Usuarios 1-530,text,true,,3827,396,131,131,https://demoqa.com/text-box,3683,0,409
1729816167900,3683,Formulario-textbox-531-0,301,Moved Permanently,Usuarios 1-530,text,true,,391,280,131,131,http://demoqa.com/text-box,3683,0,409
1729816171583,5953,Formulario-textbox-531-1,200,OK,Usuarios 1-530,text,true,,3436,116,131,131,https://demoqa.com/text-box,5953,0,5597
1729816168067,9478,Formulario-textbox-590,200,OK,Usuarios 1-591,text,true,,3827,406,130,130,https://demoqa.com/text-box,3516,0,2700
1729816168067,3516,Formulario-textbox-590-0,301,Moved Permanently,Usuarios 1-591,text,true,,391,290,130,130,http://demoqa.com/text-box,3516,0,2700
1729816171583,5962,Formulario-textbox-590-1,200,OK,Usuarios 1-591,text,true,,3436,116,130,130,https://demoqa.com/text-box,5962,0,5599
1729816168080,9475,Formulario-textbox-592,200,OK,Usuarios 1-598,text,true,,3827,404,129,129,https://demoqa.com/text-box,3502,0,2683
1729816168080,3502,Formulario-textbox-592-0,301,Moved Permanently,Usuarios 1-598,text,true,,391,288,129,129,http://demoqa.com/text-box,3502,0,2683
1729816171582,5973,Formulario-textbox-592-1,200,OK,Usuarios 1-598,text,true,,3436,116,129,129,https://demoqa.com/text-box,5973,0,5601
1729816168082,9473,Formulario-textbox-593,200,OK,Usuarios 1-596,text,true,,3827,401,129,129,https://demoqa.com/text-box,3501,0,2684
1729816168082,3501,Formulario-textbox-593-0,301,Moved Permanently,Usuarios 1-596,text,true,,391,285,129,129,http://demoqa.com/text-box,3501,0,2684
1729816171583,5972,Formulario-textbox-593-1,200,OK,Usuarios 1-596,text,true,,3436,116,129,129,https://demoqa.com/text-box,5972,0,5600
1729816168099,9456,Formulario-textbox-601,200,OK,Usuarios 1-601,text,true,,3827,402,128,128,https://demoqa.com/text-box,3482,0,2667
1729816168099,3482,Formulario-textbox-601-0,301,Moved Permanently,Usuarios 1-601,text,true,,391,286,128,128,http://demoqa.com/text-box,3482,0,2667
1729816171581,5974,Formulario-textbox-601-1,200,OK,Usuarios 1-601,text,true,,3436,116,128,128,https://demoqa.com/text-box,5974,0,5602
1729816168058,9504,Formulario-textbox-584,200,OK,Usuarios 1-586,text,true,,3827,402,126,126,https://demoqa.com/text-box,3524,0,2706
1729816168026,9536,Formulario-textbox-574,200,OK,Usuarios 1-574,text,true,,3827,401,126,126,https://demoqa.com/text-box,3557,0,2740
1729816168058,3524,Formulario-textbox-584-0,301,Moved Permanently,Usuarios 1-586,text,true,,391,286,126,126,http://demoqa.com/text-box,3524,0,2706
1729816171582,5980,Formulario-textbox-584-1,200,OK,Usuarios 1-586,text,true,,3436,116,126,126,https://demoqa.com/text-box,5980,0,5601
1729816168026,3557,Formulario-textbox-574-0,301,Moved Permanently,Usuarios 1-574,text,true,,391,285,126,126,http://demoqa.com/text-box,3557,0,2740
1729816171583,5979,Formulario-textbox-574-1,200,OK,Usuarios 1-574,text,true,,3436,116,126,126,https://demoqa.com/text-box,5979,0,5600
1729816168047,9515,Formulario-textbox-583,200,OK,Usuarios 1-584,text,true,,3827,395,126,126,https://demoqa.com/text-box,3513,0,2718
1729816168037,9525,Formulario-textbox-579,200,OK,Usuarios 1-575,text,true,,3827,400,126,126,https://demoqa.com/text-box,3545,0,2730
1729816168047,3513,Formulario-textbox-583-0,301,Moved Permanently,Usuarios 1-584,text,true,,391,279,126,126,http://demoqa.com/text-box,3513,0,2718
1729816171560,6002,Formulario-textbox-583-1,200,OK,Usuarios 1-584,text,true,,3436,116,126,126,https://demoqa.com/text-box,6002,0,5623
1729816168037,3545,Formulario-textbox-579-0,301,Moved Permanently,Usuarios 1-575,text,true,,391,284,126,126,http://demoqa.com/text-box,3545,0,2730
1729816171582,5980,Formulario-textbox-579-1,200,OK,Usuarios 1-575,text,true,,3436,116,126,126,https://demoqa.com/text-box,5980,0,5601
1729816168092,9475,Formulario-textbox-599,200,OK,Usuarios 1-600,text,true,,3827,419,122,122,https://demoqa.com/text-box,3490,0,2672
1729816168044,9523,Formulario-textbox-581,200,OK,Usuarios 1-582,text,true,,3827,401,122,122,https://demoqa.com/text-box,3518,0,2718
1729816168092,3490,Formulario-textbox-599-0,301,Moved Permanently,Usuarios 1-600,text,true,,391,303,122,122,http://demoqa.com/text-box,3490,0,2672
1729816168044,3518,Formulario-textbox-581-0,301,Moved Permanently,Usuarios 1-582,text,true,,391,285,122,122,http://demoqa.com/text-box,3518,0,2718
1729816171562,6005,Formulario-textbox-581-1,200,OK,Usuarios 1-582,text,true,,3436,116,122,122,https://demoqa.com/text-box,6005,0,5623
1729816171582,5985,Formulario-textbox-599-1,200,OK,Usuarios 1-600,text,true,,3436,116,122,122,https://demoqa.com/text-box,5985,0,5603
1729816168010,9557,Formulario-textbox-568,200,OK,Usuarios 1-570,text,true,,3827,404,122,122,https://demoqa.com/text-box,3570,0,2752
1729816168010,3570,Formulario-textbox-568-0,301,Moved Permanently,Usuarios 1-570,text,true,,391,288,122,122,http://demoqa.com/text-box,3570,0,2752
1729816171581,5986,Formulario-textbox-568-1,200,OK,Usuarios 1-570,text,true,,3436,116,122,122,https://demoqa.com/text-box,5986,0,5604
1729816168064,9503,Formulario-textbox-587,200,OK,Usuarios 1-589,text,true,,3827,400,122,122,https://demoqa.com/text-box,3518,0,2700
1729816168064,3518,Formulario-textbox-587-0,301,Moved Permanently,Usuarios 1-589,text,true,,391,284,122,122,http://demoqa.com/text-box,3518,0,2700
1729816171582,5985,Formulario-textbox-587-1,200,OK,Usuarios 1-589,text,true,,3436,116,122,122,https://demoqa.com/text-box,5985,0,5603
1729816168014,9553,Formulario-textbox-570,200,OK,Usuarios 1-571,text,true,,3827,407,118,118,https://demoqa.com/text-box,3569,0,2753
1729816168014,3569,Formulario-textbox-570-0,301,Moved Permanently,Usuarios 1-571,text,true,,391,291,118,118,http://demoqa.com/text-box,3569,0,2753
1729816171583,5984,Formulario-textbox-570-1,200,OK,Usuarios 1-571,text,true,,3436,116,118,118,https://demoqa.com/text-box,5984,0,5602
1729816168030,9537,Formulario-textbox-577,200,OK,Usuarios 1-577,text,true,,3827,406,117,117,https://demoqa.com/text-box,3529,0,2732
1729816167908,9659,Formulario-textbox-533,200,OK,Usuarios 1-533,text,true,,3827,404,117,117,https://demoqa.com/text-box,3675,0,401
1729816168030,3530,Formulario-textbox-577-0,301,Moved Permanently,Usuarios 1-577,text,true,,391,290,117,117,http://demoqa.com/text-box,3529,0,2732
1729816171560,6007,Formulario-textbox-577-1,200,OK,Usuarios 1-577,text,true,,3436,116,117,117,https://demoqa.com/text-box,6007,0,5625
1729816167908,3675,Formulario-textbox-533-0,301,Moved Permanently,Usuarios 1-533,text,true,,391,288,117,117,http://demoqa.com/text-box,3675,0,401
1729816171583,5984,Formulario-textbox-533-1,200,OK,Usuarios 1-533,text,true,,3436,116,117,117,https://demoqa.com/text-box,5984,0,5602
1729816168247,9420,Formulario-textbox-654,200,OK,Usuarios 1-657,text,true,,3827,406,115,115,https://demoqa.com/text-box,3058,0,598
1729816168245,9422,Formulario-textbox-648,200,OK,Usuarios 1-649,text,true,,3827,393,115,115,https://demoqa.com/text-box,3060,0,600
1729816168247,3058,Formulario-textbox-654-0,301,Moved Permanently,Usuarios 1-657,text,true,,391,290,115,115,http://demoqa.com/text-box,3058,0,598
1729816168245,3060,Formulario-textbox-648-0,301,Moved Permanently,Usuarios 1-649,text,true,,391,277,115,115,http://demoqa.com/text-box,3060,0,600
1729816171305,6362,Formulario-textbox-654-1,200,OK,Usuarios 1-657,text,true,,3436,116,115,115,https://demoqa.com/text-box,6362,0,1719
1729816171305,6362,Formulario-textbox-648-1,200,OK,Usuarios 1-649,text,true,,3436,116,115,115,https://demoqa.com/text-box,6362,0,1719
1729816166952,10715,Formulario-textbox-185,200,OK,Usuarios 1-183,text,true,,3827,399,115,115,https://demoqa.com/text-box,675,0,322
1729816166931,10736,Formulario-textbox-176,200,OK,Usuarios 1-178,text,true,,3827,412,115,115,https://demoqa.com/text-box,664,0,265
1729816166952,675,Formulario-textbox-185-0,301,Moved Permanently,Usuarios 1-183,text,true,,391,283,115,115,http://demoqa.com/text-box,675,0,322
1729816166931,664,Formulario-textbox-176-0,301,Moved Permanently,Usuarios 1-178,text,true,,391,296,115,115,http://demoqa.com/text-box,664,0,265
1729816167628,10039,Formulario-textbox-185-1,200,OK,Usuarios 1-183,text,true,,3436,116,115,115,https://demoqa.com/text-box,10039,0,1137
1729816167595,10072,Formulario-textbox-176-1,200,OK,Usuarios 1-178,text,true,,3436,116,115,115,https://demoqa.com/text-box,10072,0,1171
1729816168706,8970,Formulario-textbox-822,200,OK,Usuarios 1-822,text,true,,3827,403,111,111,https://demoqa.com/text-box,2598,0,1531
1729816168706,2598,Formulario-textbox-822-0,301,Moved Permanently,Usuarios 1-822,text,true,,391,287,111,111,http://demoqa.com/text-box,2598,0,1531
1729816171305,6371,Formulario-textbox-822-1,200,OK,Usuarios 1-822,text,true,,3436,116,111,111,https://demoqa.com/text-box,6371,0,1719
1729816168686,9006,Formulario-textbox-813,200,OK,Usuarios 1-814,text,true,,3827,392,110,110,https://demoqa.com/text-box,2618,0,1551
1729816168686,2618,Formulario-textbox-813-0,301,Moved Permanently,Usuarios 1-814,text,true,,391,276,110,110,http://demoqa.com/text-box,2618,0,1551
1729816171305,6387,Formulario-textbox-813-1,200,OK,Usuarios 1-814,text,true,,3436,116,110,110,https://demoqa.com/text-box,6387,0,1718
1729816168243,9449,Formulario-textbox-647,200,OK,Usuarios 1-647,text,true,,3827,401,110,110,https://demoqa.com/text-box,3063,0,602
1729816168243,3063,Formulario-textbox-647-0,301,Moved Permanently,Usuarios 1-647,text,true,,391,285,110,110,http://demoqa.com/text-box,3063,0,602
1729816171306,6386,Formulario-textbox-647-1,200,OK,Usuarios 1-647,text,true,,3436,116,110,110,https://demoqa.com/text-box,6386,0,1717
1729816168319,9373,Formulario-textbox-680,200,OK,Usuarios 1-679,text,true,,3827,414,110,110,https://demoqa.com/text-box,2987,0,998
1729816168319,2987,Formulario-textbox-680-0,301,Moved Permanently,Usuarios 1-679,text,true,,391,298,110,110,http://demoqa.com/text-box,2987,0,998
1729816171307,6385,Formulario-textbox-680-1,200,OK,Usuarios 1-679,text,true,,3436,116,110,110,https://demoqa.com/text-box,6385,0,1717
1729816168816,8912,Formulario-textbox-854,200,OK,Usuarios 1-854,text,true,,3827,403,107,107,https://demoqa.com/text-box,2862,0,2101
1729816168816,2862,Formulario-textbox-854-0,301,Moved Permanently,Usuarios 1-854,text,true,,391,287,107,107,http://demoqa.com/text-box,2862,0,2101
1729816171678,6050,Formulario-textbox-854-1,200,OK,Usuarios 1-854,text,true,,3436,116,107,107,https://demoqa.com/text-box,6050,0,5719
1729816169026,8719,Formulario-textbox-936,200,OK,Usuarios 1-936,text,true,,3827,405,106,106,https://demoqa.com/text-box,2595,0,1816
1729816169026,2595,Formulario-textbox-936-0,301,Moved Permanently,Usuarios 1-936,text,true,,391,289,106,106,http://demoqa.com/text-box,2595,0,1816
1729816171622,6123,Formulario-textbox-936-1,200,OK,Usuarios 1-936,text,true,,3436,116,106,106,https://demoqa.com/text-box,6123,0,5785
1729816168807,8938,Formulario-textbox-852,200,OK,Usuarios 1-851,text,true,,3827,407,105,105,https://demoqa.com/text-box,2871,0,2112
1729816168807,2871,Formulario-textbox-852-0,301,Moved Permanently,Usuarios 1-851,text,true,,391,291,105,105,http://demoqa.com/text-box,2871,0,2112
1729816171678,6067,Formulario-textbox-852-1,200,OK,Usuarios 1-851,text,true,,3436,116,105,105,https://demoqa.com/text-box,6067,0,5729
1729816168802,8943,Formulario-textbox-850,200,OK,Usuarios 1-849,text,true,,3827,394,105,105,https://demoqa.com/text-box,2876,0,2117
1729816168802,2876,Formulario-textbox-850-0,301,Moved Permanently,Usuarios 1-849,text,true,,391,278,105,105,http://demoqa.com/text-box,2876,0,2117
1729816171679,6066,Formulario-textbox-850-1,200,OK,Usuarios 1-849,text,true,,3436,116,105,105,https://demoqa.com/text-box,6066,0,5723
1729816169074,8672,Formulario-textbox-954,200,OK,Usuarios 1-953,text,true,,3827,402,103,103,https://demoqa.com/text-box,2570,0,1771
1729816169074,2570,Formulario-textbox-954-0,301,Moved Permanently,Usuarios 1-953,text,true,,391,286,103,103,http://demoqa.com/text-box,2570,0,1771
1729816171645,6101,Formulario-textbox-954-1,200,OK,Usuarios 1-953,text,true,,3436,116,103,103,https://demoqa.com/text-box,6101,0,5757
1729816168817,8929,Formulario-textbox-855,200,OK,Usuarios 1-856,text,true,,3827,407,103,103,https://demoqa.com/text-box,2861,0,2100
1729816168817,2861,Formulario-textbox-855-0,301,Moved Permanently,Usuarios 1-856,text,true,,391,291,103,103,http://demoqa.com/text-box,2861,0,2100
1729816169020,8726,Formulario-textbox-933,200,OK,Usuarios 1-933,text,true,,3827,402,103,103,https://demoqa.com/text-box,2625,0,1823
1729816171679,6067,Formulario-textbox-855-1,200,OK,Usuarios 1-856,text,true,,3436,116,103,103,https://demoqa.com/text-box,6067,0,5723
1729816169020,2625,Formulario-textbox-933-0,301,Moved Permanently,Usuarios 1-933,text,true,,391,286,103,103,http://demoqa.com/text-box,2625,0,1823
1729816171645,6101,Formulario-textbox-933-1,200,OK,Usuarios 1-933,text,true,,3436,116,103,103,https://demoqa.com/text-box,6101,0,5757
1729816168821,8925,Formulario-textbox-857,200,OK,Usuarios 1-857,text,true,,3827,403,103,103,https://demoqa.com/text-box,2857,0,2098
1729816168821,2857,Formulario-textbox-857-0,301,Moved Permanently,Usuarios 1-857,text,true,,391,287,103,103,http://demoqa.com/text-box,2857,0,2098
1729816171679,6067,Formulario-textbox-857-1,200,OK,Usuarios 1-857,text,true,,3436,116,103,103,https://demoqa.com/text-box,6067,0,5728
1729816168016,9735,Formulario-textbox-573,200,OK,Usuarios 1-573,text,true,,3827,402,99,99,https://demoqa.com/text-box,3605,0,2826
1729816168016,3605,Formulario-textbox-573-0,301,Moved Permanently,Usuarios 1-573,text,true,,391,286,99,99,http://demoqa.com/text-box,3605,0,2826
1729816171621,6130,Formulario-textbox-573-1,200,OK,Usuarios 1-573,text,true,,3436,116,99,99,https://demoqa.com/text-box,6130,0,5790
1729816169024,8730,Formulario-textbox-934,200,OK,Usuarios 1-934,text,true,,3827,398,98,98,https://demoqa.com/text-box,2597,0,1818
1729816169024,2597,Formulario-textbox-934-0,301,Moved Permanently,Usuarios 1-934,text,true,,391,282,98,98,http://demoqa.com/text-box,2597,0,1818
1729816171621,6133,Formulario-textbox-934-1,200,OK,Usuarios 1-934,text,true,,3436,116,98,98,https://demoqa.com/text-box,6133,0,5792
1729816167960,9795,Formulario-textbox-554,200,OK,Usuarios 1-552,text,true,,3827,403,97,97,https://demoqa.com/text-box,3720,0,422
1729816167960,3720,Formulario-textbox-554-0,301,Moved Permanently,Usuarios 1-552,text,true,,391,287,97,97,http://demoqa.com/text-box,3720,0,422
1729816171680,6075,Formulario-textbox-554-1,200,OK,Usuarios 1-552,text,true,,3436,116,97,97,https://demoqa.com/text-box,6075,0,5733
1729816169048,8708,Formulario-textbox-945,200,OK,Usuarios 1-945,text,true,,3827,407,96,96,https://demoqa.com/text-box,2571,0,1795
1729816169048,2571,Formulario-textbox-945-0,301,Moved Permanently,Usuarios 1-945,text,true,,391,291,96,96,http://demoqa.com/text-box,2571,0,1795
1729816171619,6137,Formulario-textbox-945-1,200,OK,Usuarios 1-945,text,true,,3436,116,96,96,https://demoqa.com/text-box,6137,0,5792
1729816166905,10855,Formulario-textbox-167,200,OK,Usuarios 1-169,text,true,,3827,399,95,95,https://demoqa.com/text-box,690,0,291
1729816166905,690,Formulario-textbox-167-0,301,Moved Permanently,Usuarios 1-169,text,true,,391,283,95,95,http://demoqa.com/text-box,690,0,291
1729816167596,10164,Formulario-textbox-167-1,200,OK,Usuarios 1-169,text,true,,3436,116,95,95,https://demoqa.com/text-box,10164,0,1170
1729816168083,9683,Formulario-textbox-594,200,OK,Usuarios 1-595,text,true,,3827,397,94,94,https://demoqa.com/text-box,3538,0,2759
1729816168083,3538,Formulario-textbox-594-0,301,Moved Permanently,Usuarios 1-595,text,true,,391,281,94,94,http://demoqa.com/text-box,3538,0,2759
1729816171621,6145,Formulario-textbox-594-1,200,OK,Usuarios 1-595,text,true,,3436,116,94,94,https://demoqa.com/text-box,6145,0,5796
1729816169061,8705,Formulario-textbox-947,200,OK,Usuarios 1-949,text,true,,3827,414,93,93,https://demoqa.com/text-box,2558,0,1782
1729816169061,2558,Formulario-textbox-947-0,301,Moved Permanently,Usuarios 1-949,text,true,,391,298,93,93,http://demoqa.com/text-box,2558,0,1782
1729816171619,6147,Formulario-textbox-947-1,200,OK,Usuarios 1-949,text,true,,3436,116,93,93,https://demoqa.com/text-box,6147,0,5797
1729816169028,8738,Formulario-textbox-938,200,OK,Usuarios 1-938,text,true,,3827,406,93,93,https://demoqa.com/text-box,2617,0,1815
1729816169028,2617,Formulario-textbox-938-0,301,Moved Permanently,Usuarios 1-938,text,true,,391,290,93,93,http://demoqa.com/text-box,2617,0,1815
1729816171645,6121,Formulario-textbox-938-1,200,OK,Usuarios 1-938,text,true,,3436,116,93,93,https://demoqa.com/text-box,6121,0,5772
1729816168465,9465,Formulario-textbox-734,200,OK,Usuarios 1-736,text,true,,3827,410,91,91,https://demoqa.com/text-box,2897,0,1071
1729816168465,2897,Formulario-textbox-734-0,301,Moved Permanently,Usuarios 1-736,text,true,,391,294,91,91,http://demoqa.com/text-box,2897,0,1071
1729816171364,6566,Formulario-textbox-734-1,200,OK,Usuarios 1-736,text,true,,3436,116,91,91,https://demoqa.com/text-box,6566,0,1730
1729816168928,9009,Formulario-textbox-901,200,OK,Usuarios 1-896,text,true,,3827,402,90,90,https://demoqa.com/text-box,2405,0,1637
1729816168928,2405,Formulario-textbox-901-0,301,Moved Permanently,Usuarios 1-896,text,true,,391,286,90,90,http://demoqa.com/text-box,2405,0,1637
1729816171333,6604,Formulario-textbox-901-1,200,OK,Usuarios 1-896,text,true,,3436,116,90,90,https://demoqa.com/text-box,6604,0,1736
1729816168432,9516,Formulario-textbox-719,200,OK,Usuarios 1-715,text,true,,3827,394,89,89,https://demoqa.com/text-box,2932,0,1101
1729816168432,2932,Formulario-textbox-719-0,301,Moved Permanently,Usuarios 1-715,text,true,,391,278,89,89,http://demoqa.com/text-box,2932,0,1101
1729816171364,6584,Formulario-textbox-719-1,200,OK,Usuarios 1-715,text,true,,3436,116,89,89,https://demoqa.com/text-box,6584,0,1730
1729816168438,9510,Formulario-textbox-723,200,OK,Usuarios 1-727,text,true,,3827,403,89,89,https://demoqa.com/text-box,2925,0,1095
1729816168438,2925,Formulario-textbox-723-0,301,Moved Permanently,Usuarios 1-727,text,true,,391,287,89,89,http://demoqa.com/text-box,2925,0,1095
1729816171363,6585,Formulario-textbox-723-1,200,OK,Usuarios 1-727,text,true,,3436,116,89,89,https://demoqa.com/text-box,6585,0,1755
1729816168927,9021,Formulario-textbox-900,200,OK,Usuarios 1-897,text,true,,3827,402,87,87,https://demoqa.com/text-box,2403,0,1637
1729816168927,2403,Formulario-textbox-900-0,301,Moved Permanently,Usuarios 1-897,text,true,,391,286,87,87,http://demoqa.com/text-box,2403,0,1637
1729816171331,6617,Formulario-textbox-900-1,200,OK,Usuarios 1-897,text,true,,3436,116,87,87,https://demoqa.com/text-box,6617,0,1725
1729816168511,9449,Formulario-textbox-751,200,OK,Usuarios 1-750,text,true,,3827,403,86,86,https://demoqa.com/text-box,2795,0,1160
1729816168404,9556,Formulario-textbox-709,200,OK,Usuarios 1-711,text,true,,3827,390,86,86,https://demoqa.com/text-box,2902,0,1128
1729816168404,2902,Formulario-textbox-709-0,301,Moved Permanently,Usuarios 1-711,text,true,,391,274,86,86,http://demoqa.com/text-box,2902,0,1128
1729816171307,6653,Formulario-textbox-709-1,200,OK,Usuarios 1-711,text,true,,3436,116,86,86,https://demoqa.com/text-box,6653,0,1759
1729816168511,2795,Formulario-textbox-751-0,301,Moved Permanently,Usuarios 1-750,text,true,,391,287,86,86,http://demoqa.com/text-box,2795,0,1160
1729816171307,6653,Formulario-textbox-751-1,200,OK,Usuarios 1-750,text,true,,3436,116,86,86,https://demoqa.com/text-box,6653,0,1748
1729816168202,9759,Formulario-textbox-641,200,OK,Usuarios 1-641,text,true,,3827,398,84,84,https://demoqa.com/text-box,2134,0,523
1729816168222,9739,Formulario-textbox-644,200,OK,Usuarios 1-645,text,true,,3827,393,84,84,https://demoqa.com/text-box,3084,0,624
1729816168202,2134,Formulario-textbox-641-0,301,Moved Permanently,Usuarios 1-641,text,true,,391,282,84,84,http://demoqa.com/text-box,2134,0,523
1729816168222,3084,Formulario-textbox-644-0,301,Moved Permanently,Usuarios 1-645,text,true,,391,277,84,84,http://demoqa.com/text-box,3084,0,624
1729816170336,7625,Formulario-textbox-641-1,200,OK,Usuarios 1-641,text,true,,3436,116,84,84,https://demoqa.com/text-box,7625,0,2732
1729816171306,6655,Formulario-textbox-644-1,200,OK,Usuarios 1-645,text,true,,3436,116,84,84,https://demoqa.com/text-box,6655,0,1761
1729816168498,9463,Formulario-textbox-745,200,OK,Usuarios 1-748,text,true,,3827,396,84,84,https://demoqa.com/text-box,2809,0,1173
1729816168498,2809,Formulario-textbox-745-0,301,Moved Permanently,Usuarios 1-748,text,true,,391,280,84,84,http://demoqa.com/text-box,2809,0,1173
1729816171307,6654,Formulario-textbox-745-1,200,OK,Usuarios 1-748,text,true,,3436,116,84,84,https://demoqa.com/text-box,6654,0,1761
1729816168943,9018,Formulario-textbox-903,200,OK,Usuarios 1-905,text,true,,3827,404,82,82,https://demoqa.com/text-box,2389,0,1622
1729816168943,2389,Formulario-textbox-903-0,301,Moved Permanently,Usuarios 1-905,text,true,,391,288,82,82,http://demoqa.com/text-box,2389,0,1622
1729816171333,6628,Formulario-textbox-903-1,200,OK,Usuarios 1-905,text,true,,3436,116,82,82,https://demoqa.com/text-box,6628,0,1736
1729816168502,9460,Formulario-textbox-749,200,OK,Usuarios 1-749,text,true,,3827,403,80,80,https://demoqa.com/text-box,2804,0,1168
1729816168926,9036,Formulario-textbox-897,200,OK,Usuarios 1-900,text,true,,3827,396,80,80,https://demoqa.com/text-box,2404,0,1637
1729816168926,2404,Formulario-textbox-897-0,301,Moved Permanently,Usuarios 1-900,text,true,,391,280,80,80,http://demoqa.com/text-box,2404,0,1637
1729816168502,2804,Formulario-textbox-749-0,301,Moved Permanently,Usuarios 1-749,text,true,,391,287,80,80,http://demoqa.com/text-box,2804,0,1168
1729816171307,6655,Formulario-textbox-749-1,200,OK,Usuarios 1-749,text,true,,3436,116,80,80,https://demoqa.com/text-box,6655,0,1784
1729816171330,6632,Formulario-textbox-897-1,200,OK,Usuarios 1-900,text,true,,3436,116,80,80,https://demoqa.com/text-box,6632,0,1762
1729816168721,9241,Formulario-textbox-826,200,OK,Usuarios 1-826,text,true,,3827,391,80,80,https://demoqa.com/text-box,2568,0,1519
1729816168721,2568,Formulario-textbox-826-0,301,Moved Permanently,Usuarios 1-826,text,true,,391,275,80,80,http://demoqa.com/text-box,2568,0,1519
1729816171289,6673,Formulario-textbox-826-1,200,OK,Usuarios 1-826,text,true,,3436,116,80,80,https://demoqa.com/text-box,6673,0,1735
1729816167574,10420,Formulario-textbox-413,200,OK,Usuarios 1-414,text,true,,3827,403,77,77,https://demoqa.com/text-box,648,0,280
1729816167574,648,Formulario-textbox-413-0,301,Moved Permanently,Usuarios 1-414,text,true,,391,287,77,77,http://demoqa.com/text-box,648,0,280
1729816168223,9771,Formulario-textbox-413-1,200,OK,Usuarios 1-414,text,true,,3436,116,77,77,https://demoqa.com/text-box,9771,0,9267
1729816168132,9869,Formulario-textbox-611,200,OK,Usuarios 1-611,text,true,,3827,398,76,76,https://demoqa.com/text-box,4701,0,3741
1729816168132,4701,Formulario-textbox-611-0,301,Moved Permanently,Usuarios 1-611,text,true,,391,282,76,76,http://demoqa.com/text-box,4701,0,3741
1729816172833,5168,Formulario-textbox-611-1,200,OK,Usuarios 1-611,text,true,,3436,116,76,76,https://demoqa.com/text-box,5168,0,4828
1729816168136,9865,Formulario-textbox-613,200,OK,Usuarios 1-610,text,true,,3827,394,76,76,https://demoqa.com/text-box,4697,0,3737
1729816168136,4697,Formulario-textbox-613-0,301,Moved Permanently,Usuarios 1-610,text,true,,391,278,76,76,http://demoqa.com/text-box,4697,0,3737
1729816172833,5168,Formulario-textbox-613-1,200,OK,Usuarios 1-610,text,true,,3436,116,76,76,https://demoqa.com/text-box,5168,0,4828
1729816168842,9159,Formulario-textbox-866,200,OK,Usuarios 1-867,text,true,,3827,397,74,74,https://demoqa.com/text-box,2899,0,2125
1729816168842,2899,Formulario-textbox-866-0,301,Moved Permanently,Usuarios 1-867,text,true,,391,281,74,74,http://demoqa.com/text-box,2899,0,2125
1729816171742,6259,Formulario-textbox-866-1,200,OK,Usuarios 1-867,text,true,,3436,116,74,74,https://demoqa.com/text-box,6259,0,5919
1729816168858,9143,Formulario-textbox-873,200,OK,Usuarios 1-875,text,true,,3827,406,74,74,https://demoqa.com/text-box,2883,0,2110
1729816168858,2883,Formulario-textbox-873-0,301,Moved Permanently,Usuarios 1-875,text,true,,391,290,74,74,http://demoqa.com/text-box,2883,0,2110
1729816171742,6259,Formulario-textbox-873-1,200,OK,Usuarios 1-875,text,true,,3436,116,74,74,https://demoqa.com/text-box,6259,0,5919
1729816168858,9157,Formulario-textbox-872,200,OK,Usuarios 1-876,text,true,,3827,403,72,72,https://demoqa.com/text-box,2885,0,2112
1729816168858,2885,Formulario-textbox-872-0,301,Moved Permanently,Usuarios 1-876,text,true,,391,287,72,72,http://demoqa.com/text-box,2885,0,2112
1729816171743,6272,Formulario-textbox-872-1,200,OK,Usuarios 1-876,text,true,,3436,116,72,72,https://demoqa.com/text-box,6272,0,5924
1729816167766,10249,Formulario-textbox-483,200,OK,Usuarios 1-479,text,true,,3827,398,72,72,https://demoqa.com/text-box,1126,0,368
1729816167766,1126,Formulario-textbox-483-0,301,Moved Permanently,Usuarios 1-479,text,true,,391,282,72,72,http://demoqa.com/text-box,1126,0,368
1729816168892,9123,Formulario-textbox-483-1,200,OK,Usuarios 1-479,text,true,,3436,116,72,72,https://demoqa.com/text-box,9123,0,8597
1729816168862,9160,Formulario-textbox-876,200,OK,Usuarios 1-872,text,true,,3827,406,70,70,https://demoqa.com/text-box,2881,0,2108
1729816168855,9167,Formulario-textbox-870,200,OK,Usuarios 1-874,text,true,,3827,398,70,70,https://demoqa.com/text-box,2849,0,2112
1729816168421,9601,Formulario-textbox-715,200,OK,Usuarios 1-717,text,true,,3827,410,70,70,https://demoqa.com/text-box,4884,0,3911
1729816168862,2881,Formulario-textbox-876-0,301,Moved Permanently,Usuarios 1-872,text,true,,391,290,70,70,http://demoqa.com/text-box,2881,0,2108
1729816168855,2849,Formulario-textbox-870-0,301,Moved Permanently,Usuarios 1-874,text,true,,391,282,70,70,http://demoqa.com/text-box,2849,0,2112
1729816168421,4884,Formulario-textbox-715-0,301,Moved Permanently,Usuarios 1-717,text,true,,391,294,70,70,http://demoqa.com/text-box,4884,0,3911
1729816171743,6279,Formulario-textbox-876-1,200,OK,Usuarios 1-872,text,true,,3436,116,70,70,https://demoqa.com/text-box,6279,0,5932
1729816171704,6318,Formulario-textbox-870-1,200,OK,Usuarios 1-874,text,true,,3436,116,70,70,https://demoqa.com/text-box,6318,0,5971
1729816173305,4717,Formulario-textbox-715-1,200,OK,Usuarios 1-717,text,true,,3436,116,70,70,https://demoqa.com/text-box,4717,0,4370
1729816168151,9871,Formulario-textbox-620,200,OK,Usuarios 1-620,text,true,,3827,402,70,70,https://demoqa.com/text-box,4664,0,3721
1729816168151,4664,Formulario-textbox-620-0,301,Moved Permanently,Usuarios 1-620,text,true,,391,286,70,70,http://demoqa.com/text-box,4664,0,3721
1729816172816,5206,Formulario-textbox-620-1,200,OK,Usuarios 1-620,text,true,,3436,116,70,70,https://demoqa.com/text-box,5206,0,4859
1729816167702,10332,Formulario-textbox-458,200,OK,Usuarios 1-459,text,true,,3827,400,66,66,https://demoqa.com/text-box,1188,0,429
1729816167684,10350,Formulario-textbox-454,200,OK,Usuarios 1-453,text,true,,3827,395,66,66,https://demoqa.com/text-box,1203,0,377
1729816167684,1203,Formulario-textbox-454-0,301,Moved Permanently,Usuarios 1-453,text,true,,391,279,66,66,http://demoqa.com/text-box,1203,0,377
1729816168888,9146,Formulario-textbox-454-1,200,OK,Usuarios 1-453,text,true,,3436,116,66,66,https://demoqa.com/text-box,9146,0,8607
1729816167702,1189,Formulario-textbox-458-0,301,Moved Permanently,Usuarios 1-459,text,true,,391,284,66,66,http://demoqa.com/text-box,1188,0,429
1729816168892,9142,Formulario-textbox-458-1,200,OK,Usuarios 1-459,text,true,,3436,116,66,66,https://demoqa.com/text-box,9142,0,8603
1729816167696,10338,Formulario-textbox-457,200,OK,Usuarios 1-456,text,true,,3827,406,64,64,https://demoqa.com/text-box,1196,0,434
1729816167715,10319,Formulario-textbox-462,200,OK,Usuarios 1-463,text,true,,3827,401,64,64,https://demoqa.com/text-box,1177,0,416
1729816167733,10301,Formulario-textbox-470,200,OK,Usuarios 1-466,text,true,,3827,400,64,64,https://demoqa.com/text-box,1155,0,398
1729816167696,1196,Formulario-textbox-457-0,301,Moved Permanently,Usuarios 1-456,text,true,,391,290,64,64,http://demoqa.com/text-box,1196,0,434
1729816167715,1177,Formulario-textbox-462-0,301,Moved Permanently,Usuarios 1-463,text,true,,391,285,64,64,http://demoqa.com/text-box,1177,0,416
1729816167733,1155,Formulario-textbox-470-0,301,Moved Permanently,Usuarios 1-466,text,true,,391,284,64,64,http://demoqa.com/text-box,1155,0,398
1729816168892,9142,Formulario-textbox-462-1,200,OK,Usuarios 1-463,text,true,,3436,116,64,64,https://demoqa.com/text-box,9142,0,8603
1729816168888,9146,Formulario-textbox-470-1,200,OK,Usuarios 1-466,text,true,,3436,116,64,64,https://demoqa.com/text-box,9146,0,8607
1729816168893,9141,Formulario-textbox-457-1,200,OK,Usuarios 1-456,text,true,,3436,116,64,64,https://demoqa.com/text-box,9141,0,8602
1729816167744,10300,Formulario-textbox-473,200,OK,Usuarios 1-474,text,true,,3827,411,61,61,https://demoqa.com/text-box,1148,0,387
1729816167744,1148,Formulario-textbox-473-0,301,Moved Permanently,Usuarios 1-474,text,true,,391,295,61,61,http://demoqa.com/text-box,1148,0,387
1729816168893,9151,Formulario-textbox-473-1,200,OK,Usuarios 1-474,text,true,,3436,116,61,61,https://demoqa.com/text-box,9151,0,8609
1729816167729,10315,Formulario-textbox-467,200,OK,Usuarios 1-468,text,true,,3827,399,61,61,https://demoqa.com/text-box,1158,0,400
1729816167729,1158,Formulario-textbox-467-0,301,Moved Permanently,Usuarios 1-468,text,true,,391,283,61,61,http://demoqa.com/text-box,1158,0,400
1729816168888,9156,Formulario-textbox-467-1,200,OK,Usuarios 1-468,text,true,,3436,116,61,61,https://demoqa.com/text-box,9156,0,8614
1729816167715,10329,Formulario-textbox-463,200,OK,Usuarios 1-464,text,true,,3827,404,61,61,https://demoqa.com/text-box,1176,0,415
1729816167715,1176,Formulario-textbox-463-0,301,Moved Permanently,Usuarios 1-464,text,true,,391,288,61,61,http://demoqa.com/text-box,1176,0,415
1729816168891,9153,Formulario-textbox-463-1,200,OK,Usuarios 1-464,text,true,,3436,116,61,61,https://demoqa.com/text-box,9153,0,8611
1729816168143,9912,Formulario-textbox-616,200,OK,Usuarios 1-618,text,true,,3827,406,58,58,https://demoqa.com/text-box,4640,0,3685
1729816168143,4640,Formulario-textbox-616-0,301,Moved Permanently,Usuarios 1-618,text,true,,391,290,58,58,http://demoqa.com/text-box,4640,0,3685
1729816172783,5272,Formulario-textbox-616-1,200,OK,Usuarios 1-618,text,true,,3436,116,58,58,https://demoqa.com/text-box,5272,0,4911
1729816168799,9256,Formulario-textbox-849,200,OK,Usuarios 1-848,text,true,,3827,393,58,58,https://demoqa.com/text-box,2879,0,2118
1729816167741,10314,Formulario-textbox-471,200,OK,Usuarios 1-472,text,true,,3827,406,58,58,https://demoqa.com/text-box,1150,0,390
1729816167682,10373,Formulario-textbox-451,200,OK,Usuarios 1-454,text,true,,3827,414,58,58,https://demoqa.com/text-box,1205,0,379
1729816168799,2879,Formulario-textbox-849-0,301,Moved Permanently,Usuarios 1-848,text,true,,391,277,58,58,http://demoqa.com/text-box,2879,0,2118
1729816167741,1150,Formulario-textbox-471-0,301,Moved Permanently,Usuarios 1-472,text,true,,391,290,58,58,http://demoqa.com/text-box,1150,0,390
1729816167682,1205,Formulario-textbox-451-0,301,Moved Permanently,Usuarios 1-454,text,true,,391,298,58,58,http://demoqa.com/text-box,1205,0,379
1729816171678,6377,Formulario-textbox-849-1,200,OK,Usuarios 1-848,text,true,,3436,116,58,58,https://demoqa.com/text-box,6377,0,6016
1729816168891,9164,Formulario-textbox-471-1,200,OK,Usuarios 1-472,text,true,,3436,116,58,58,https://demoqa.com/text-box,9164,0,8611
1729816168888,9167,Formulario-textbox-451-1,200,OK,Usuarios 1-454,text,true,,3436,116,58,58,https://demoqa.com/text-box,9167,0,8614
1729816168502,9678,Formulario-textbox-748,200,OK,Usuarios 1-747,text,true,,3827,404,54,54,https://demoqa.com/text-box,2805,0,1169
1729816168502,2805,Formulario-textbox-748-0,301,Moved Permanently,Usuarios 1-747,text,true,,391,288,54,54,http://demoqa.com/text-box,2805,0,1169
1729816171307,6873,Formulario-textbox-748-1,200,OK,Usuarios 1-747,text,true,,3436,116,54,54,https://demoqa.com/text-box,6873,0,1717
1729816168449,9807,Formulario-textbox-726,200,OK,Usuarios 1-724,text,true,,3827,411,53,53,https://demoqa.com/text-box,3756,0,1086
1729816168449,3756,Formulario-textbox-726-0,301,Moved Permanently,Usuarios 1-724,text,true,,391,295,53,53,http://demoqa.com/text-box,3756,0,1086
1729816172205,6051,Formulario-textbox-726-1,200,OK,Usuarios 1-724,text,true,,3436,116,53,53,https://demoqa.com/text-box,6051,0,5722
1729816166935,11321,Formulario-textbox-179,200,OK,Usuarios 1-175,text,true,,3827,400,53,53,https://demoqa.com/text-box,624,0,258
1729816166935,624,Formulario-textbox-179-0,301,Moved Permanently,Usuarios 1-175,text,true,,391,284,53,53,http://demoqa.com/text-box,624,0,258
1729816167559,10697,Formulario-textbox-179-1,200,OK,Usuarios 1-175,text,true,,3436,116,53,53,https://demoqa.com/text-box,10697,0,1037
1729816168434,9831,Formulario-textbox-720,200,OK,Usuarios 1-723,text,true,,3827,404,51,51,https://demoqa.com/text-box,3737,0,1099
1729816168434,3737,Formulario-textbox-720-0,301,Moved Permanently,Usuarios 1-723,text,true,,391,288,51,51,http://demoqa.com/text-box,3737,0,1099
1729816172171,6094,Formulario-textbox-720-1,200,OK,Usuarios 1-723,text,true,,3436,116,51,51,https://demoqa.com/text-box,6094,0,5759
1729816168534,9732,Formulario-textbox-759,200,OK,Usuarios 1-758,text,true,,3827,396,50,50,https://demoqa.com/text-box,3673,0,1139
1729816168471,9795,Formulario-textbox-738,200,OK,Usuarios 1-735,text,true,,3827,401,50,50,https://demoqa.com/text-box,3734,0,1137
1729816168534,3673,Formulario-textbox-759-0,301,Moved Permanently,Usuarios 1-758,text,true,,391,280,50,50,http://demoqa.com/text-box,3673,0,1139
1729816168471,3734,Formulario-textbox-738-0,301,Moved Permanently,Usuarios 1-735,text,true,,391,285,50,50,http://demoqa.com/text-box,3734,0,1137
1729816172207,6059,Formulario-textbox-759-1,200,OK,Usuarios 1-758,text,true,,3436,116,50,50,https://demoqa.com/text-box,6059,0,5723
1729816172206,6060,Formulario-textbox-738-1,200,OK,Usuarios 1-735,text,true,,3436,116,50,50,https://demoqa.com/text-box,6060,0,5724
1729816168446,9837,Formulario-textbox-725,200,OK,Usuarios 1-726,text,true,,3827,401,48,48,https://demoqa.com/text-box,3759,0,1089
1729816168446,3759,Formulario-textbox-725-0,301,Moved Permanently,Usuarios 1-726,text,true,,391,285,48,48,http://demoqa.com/text-box,3759,0,1089
1729816172205,6078,Formulario-textbox-725-1,200,OK,Usuarios 1-726,text,true,,3436,116,48,48,https://demoqa.com/text-box,6078,0,5732
1729816168153,10130,Formulario-textbox-621,200,OK,Usuarios 1-621,text,true,,3827,400,48,48,https://demoqa.com/text-box,4680,0,3721
1729816168153,4680,Formulario-textbox-621-0,301,Moved Permanently,Usuarios 1-621,text,true,,391,284,48,48,http://demoqa.com/text-box,4680,0,3721
1729816172833,5450,Formulario-textbox-621-1,200,OK,Usuarios 1-621,text,true,,3436,116,48,48,https://demoqa.com/text-box,5450,0,5104
1729816168741,9543,Formulario-textbox-833,200,OK,Usuarios 1-834,text,true,,3827,405,46,46,https://demoqa.com/text-box,3464,0,1546
1729816168724,9560,Formulario-textbox-828,200,OK,Usuarios 1-828,text,true,,3827,400,46,46,https://demoqa.com/text-box,3481,0,1562
1729816168724,3481,Formulario-textbox-828-0,301,Moved Permanently,Usuarios 1-828,text,true,,391,284,46,46,http://demoqa.com/text-box,3481,0,1562
1729816168741,3464,Formulario-textbox-833-0,301,Moved Permanently,Usuarios 1-834,text,true,,391,289,46,46,http://demoqa.com/text-box,3464,0,1546
1729816172206,6078,Formulario-textbox-828-1,200,OK,Usuarios 1-828,text,true,,3436,116,46,46,https://demoqa.com/text-box,6078,0,5731
1729816172205,6079,Formulario-textbox-833-1,200,OK,Usuarios 1-834,text,true,,3436,116,46,46,https://demoqa.com/text-box,6079,0,5732
1729816168747,9547,Formulario-textbox-836,200,OK,Usuarios 1-837,text,true,,3827,397,44,44,https://demoqa.com/text-box,3458,0,1540
1729816168747,3458,Formulario-textbox-836-0,301,Moved Permanently,Usuarios 1-837,text,true,,391,281,44,44,http://demoqa.com/text-box,3458,0,1540
1729816172205,6089,Formulario-textbox-836-1,200,OK,Usuarios 1-837,text,true,,3436,116,44,44,https://demoqa.com/text-box,6089,0,5743
1729816168505,9789,Formulario-textbox-750,200,OK,Usuarios 1-751,text,true,,3827,402,43,43,https://demoqa.com/text-box,3702,0,1163
1729816168505,3702,Formulario-textbox-750-0,301,Moved Permanently,Usuarios 1-751,text,true,,391,286,43,43,http://demoqa.com/text-box,3702,0,1163
1729816172207,6087,Formulario-textbox-750-1,200,OK,Usuarios 1-751,text,true,,3436,116,43,43,https://demoqa.com/text-box,6087,0,5741
1729816168710,9586,Formulario-textbox-824,200,OK,Usuarios 1-823,text,true,,3827,400,42,42,https://demoqa.com/text-box,3495,0,1579
1729816168710,3495,Formulario-textbox-824-0,301,Moved Permanently,Usuarios 1-823,text,true,,391,284,42,42,http://demoqa.com/text-box,3495,0,1579
1729816172205,6091,Formulario-textbox-824-1,200,OK,Usuarios 1-823,text,true,,3436,116,42,42,https://demoqa.com/text-box,6091,0,5743
1729816168862,9434,Formulario-textbox-875,200,OK,Usuarios 1-873,text,true,,3827,397,41,41,https://demoqa.com/text-box,2844,0,2107
1729816168862,2844,Formulario-textbox-875-0,301,Moved Permanently,Usuarios 1-873,text,true,,391,281,41,41,http://demoqa.com/text-box,2844,0,2107
1729816171706,6590,Formulario-textbox-875-1,200,OK,Usuarios 1-873,text,true,,3436,116,41,41,https://demoqa.com/text-box,6590,0,6242
1729816168369,9955,Formulario-textbox-699,200,OK,Usuarios 1-699,text,true,,3827,402,40,40,https://demoqa.com/text-box,3838,0,1021
1729816168369,3838,Formulario-textbox-699-0,301,Moved Permanently,Usuarios 1-699,text,true,,391,286,40,40,http://demoqa.com/text-box,3838,0,1021
1729816172207,6117,Formulario-textbox-699-1,200,OK,Usuarios 1-699,text,true,,3436,116,40,40,https://demoqa.com/text-box,6117,0,5754
1729816168861,9463,Formulario-textbox-874,200,OK,Usuarios 1-877,text,true,,3827,403,40,40,https://demoqa.com/text-box,2843,0,2106
1729816168861,2843,Formulario-textbox-874-0,301,Moved Permanently,Usuarios 1-877,text,true,,391,287,40,40,http://demoqa.com/text-box,2843,0,2106
1729816171704,6620,Formulario-textbox-874-1,200,OK,Usuarios 1-877,text,true,,3436,116,40,40,https://demoqa.com/text-box,6620,0,6257
1729816168137,10187,Formulario-textbox-612,200,OK,Usuarios 1-615,text,true,,3827,392,38,38,https://demoqa.com/text-box,4680,0,3735
1729816168137,4680,Formulario-textbox-612-0,301,Moved Permanently,Usuarios 1-615,text,true,,391,276,38,38,http://demoqa.com/text-box,4680,0,3735
1729816172817,5507,Formulario-textbox-612-1,200,OK,Usuarios 1-615,text,true,,3436,116,38,38,https://demoqa.com/text-box,5507,0,5144
1729816168854,9475,Formulario-textbox-869,200,OK,Usuarios 1-868,text,true,,3827,393,37,37,https://demoqa.com/text-box,2853,0,2115
1729816168275,10054,Formulario-textbox-665,200,OK,Usuarios 1-662,text,true,,3827,408,37,37,https://demoqa.com/text-box,3427,0,759
1729816168854,2853,Formulario-textbox-869-0,301,Moved Permanently,Usuarios 1-868,text,true,,391,277,37,37,http://demoqa.com/text-box,2853,0,2115
1729816168275,3427,Formulario-textbox-665-0,301,Moved Permanently,Usuarios 1-662,text,true,,391,292,37,37,http://demoqa.com/text-box,3427,0,759
1729816171707,6622,Formulario-textbox-869-1,200,OK,Usuarios 1-868,text,true,,3436,116,37,37,https://demoqa.com/text-box,6622,0,6254
1729816171702,6627,Formulario-textbox-665-1,200,OK,Usuarios 1-662,text,true,,3436,116,37,37,https://demoqa.com/text-box,6627,0,6259
1729816168157,10172,Formulario-textbox-623,200,OK,Usuarios 1-623,text,true,,3827,396,35,35,https://demoqa.com/text-box,4659,0,3715
1729816168157,4659,Formulario-textbox-623-0,301,Moved Permanently,Usuarios 1-623,text,true,,391,280,35,35,http://demoqa.com/text-box,4659,0,3715
1729816172816,5513,Formulario-textbox-623-1,200,OK,Usuarios 1-623,text,true,,3436,116,35,35,https://demoqa.com/text-box,5513,0,5145
1729816168864,9472,Formulario-textbox-877,200,OK,Usuarios 1-871,text,true,,3827,401,34,34,https://demoqa.com/text-box,2842,0,2104
1729816168864,2842,Formulario-textbox-877-0,301,Moved Permanently,Usuarios 1-871,text,true,,391,285,34,34,http://demoqa.com/text-box,2842,0,2104
1729816171706,6630,Formulario-textbox-877-1,200,OK,Usuarios 1-871,text,true,,3436,116,34,34,https://demoqa.com/text-box,6630,0,6256
1729816168943,9474,Formulario-textbox-904,200,OK,Usuarios 1-906,text,true,,3827,398,33,33,https://demoqa.com/text-box,2390,0,1622
1729816168943,2390,Formulario-textbox-904-0,301,Moved Permanently,Usuarios 1-906,text,true,,391,282,33,33,http://demoqa.com/text-box,2390,0,1622
1729816171333,7084,Formulario-textbox-904-1,200,OK,Usuarios 1-906,text,true,,3436,116,33,33,https://demoqa.com/text-box,7084,0,1692
1729816168464,10041,Formulario-textbox-733,200,OK,Usuarios 1-729,text,true,,3827,400,32,32,https://demoqa.com/text-box,3707,0,1074
1729816168464,3707,Formulario-textbox-733-0,301,Moved Permanently,Usuarios 1-729,text,true,,391,284,32,32,http://demoqa.com/text-box,3707,0,1074
1729816172171,6334,Formulario-textbox-733-1,200,OK,Usuarios 1-729,text,true,,3436,116,32,32,https://demoqa.com/text-box,6334,0,6004
1729816168484,10035,Formulario-textbox-741,200,OK,Usuarios 1-744,text,true,,3827,405,31,31,https://demoqa.com/text-box,3687,0,1054
1729816168484,3687,Formulario-textbox-741-0,301,Moved Permanently,Usuarios 1-744,text,true,,391,289,31,31,http://demoqa.com/text-box,3687,0,1054
1729816172171,6348,Formulario-textbox-741-1,200,OK,Usuarios 1-744,text,true,,3436,116,31,31,https://demoqa.com/text-box,6348,0,6009
1729816168452,10072,Formulario-textbox-728,200,OK,Usuarios 1-731,text,true,,3827,397,30,30,https://demoqa.com/text-box,3719,0,1083
1729816168452,3719,Formulario-textbox-728-0,301,Moved Permanently,Usuarios 1-731,text,true,,391,281,30,30,http://demoqa.com/text-box,3719,0,1083
1729816172172,6352,Formulario-textbox-728-1,200,OK,Usuarios 1-731,text,true,,3436,116,30,30,https://demoqa.com/text-box,6352,0,6009
1729816168436,10090,Formulario-textbox-721,200,OK,Usuarios 1-718,text,true,,3827,403,29,29,https://demoqa.com/text-box,3735,0,1099
1729816168436,3735,Formulario-textbox-721-0,301,Moved Permanently,Usuarios 1-718,text,true,,391,287,29,29,http://demoqa.com/text-box,3735,0,1099
1729816172172,6354,Formulario-textbox-721-1,200,OK,Usuarios 1-718,text,true,,3436,116,29,29,https://demoqa.com/text-box,6354,0,6009
1729816168738,9789,Formulario-textbox-831,200,OK,Usuarios 1-832,text,true,,3827,395,28,28,https://demoqa.com/text-box,3433,0,1550
1729816168738,3433,Formulario-textbox-831-0,301,Moved Permanently,Usuarios 1-832,text,true,,391,279,28,28,http://demoqa.com/text-box,3433,0,1550
1729816172171,6356,Formulario-textbox-831-1,200,OK,Usuarios 1-832,text,true,,3436,116,28,28,https://demoqa.com/text-box,6356,0,6010
1729816168484,10047,Formulario-textbox-743,200,OK,Usuarios 1-743,text,true,,3827,397,27,27,https://demoqa.com/text-box,3687,0,1124
1729816168484,3687,Formulario-textbox-743-0,301,Moved Permanently,Usuarios 1-743,text,true,,391,281,27,27,http://demoqa.com/text-box,3687,0,1124
1729816172171,6360,Formulario-textbox-743-1,200,OK,Usuarios 1-743,text,true,,3436,116,27,27,https://demoqa.com/text-box,6360,0,6017
1729816168484,10048,Formulario-textbox-742,200,OK,Usuarios 1-740,text,true,,3827,396,26,26,https://demoqa.com/text-box,3687,0,1124
1729816168484,3687,Formulario-textbox-742-0,301,Moved Permanently,Usuarios 1-740,text,true,,391,280,26,26,http://demoqa.com/text-box,3687,0,1124
1729816172172,6360,Formulario-textbox-742-1,200,OK,Usuarios 1-740,text,true,,3436,116,26,26,https://demoqa.com/text-box,6360,0,6018
1729816168380,10159,Formulario-textbox-702,200,OK,Usuarios 1-701,text,true,,3827,406,25,25,https://demoqa.com/text-box,3827,0,1010
1729816168380,3827,Formulario-textbox-702-0,301,Moved Permanently,Usuarios 1-701,text,true,,391,290,25,25,http://demoqa.com/text-box,3827,0,1010
1729816172207,6332,Formulario-textbox-702-1,200,OK,Usuarios 1-701,text,true,,3436,116,25,25,https://demoqa.com/text-box,6332,0,5982
1729816168711,9829,Formulario-textbox-825,200,OK,Usuarios 1-825,text,true,,3827,401,24,24,https://demoqa.com/text-box,3460,0,1575
1729816168711,3460,Formulario-textbox-825-0,301,Moved Permanently,Usuarios 1-825,text,true,,391,285,24,24,http://demoqa.com/text-box,3460,0,1575
1729816172172,6368,Formulario-textbox-825-1,200,OK,Usuarios 1-825,text,true,,3436,116,24,24,https://demoqa.com/text-box,6368,0,6025
1729816168727,9814,Formulario-textbox-829,200,OK,Usuarios 1-830,text,true,,3827,398,23,23,https://demoqa.com/text-box,3444,0,1561
1729816168727,3444,Formulario-textbox-829-0,301,Moved Permanently,Usuarios 1-830,text,true,,391,282,23,23,http://demoqa.com/text-box,3444,0,1561
1729816172171,6370,Formulario-textbox-829-1,200,OK,Usuarios 1-830,text,true,,3436,116,23,23,https://demoqa.com/text-box,6370,0,6019
1729816168502,10039,Formulario-textbox-747,200,OK,Usuarios 1-745,text,true,,3827,405,22,22,https://demoqa.com/text-box,3704,0,1166
1729816168502,3704,Formulario-textbox-747-0,301,Moved Permanently,Usuarios 1-745,text,true,,391,289,22,22,http://demoqa.com/text-box,3704,0,1166
1729816172207,6334,Formulario-textbox-747-1,200,OK,Usuarios 1-745,text,true,,3436,116,22,22,https://demoqa.com/text-box,6334,0,5982
1729816168384,10158,Formulario-textbox-703,200,OK,Usuarios 1-703,text,true,,3827,402,21,21,https://demoqa.com/text-box,3823,0,1007
1729816168384,3823,Formulario-textbox-703-0,301,Moved Permanently,Usuarios 1-703,text,true,,391,286,21,21,http://demoqa.com/text-box,3823,0,1007
1729816172207,6335,Formulario-textbox-703-1,200,OK,Usuarios 1-703,text,true,,3436,116,21,21,https://demoqa.com/text-box,6335,0,5983
1729816168729,9822,Formulario-textbox-830,200,OK,Usuarios 1-831,text,true,,3827,421,20,20,https://demoqa.com/text-box,3476,0,1558
1729816168729,3476,Formulario-textbox-830-0,301,Moved Permanently,Usuarios 1-831,text,true,,391,305,20,20,http://demoqa.com/text-box,3476,0,1558
1729816172205,6346,Formulario-textbox-830-1,200,OK,Usuarios 1-831,text,true,,3436,116,20,20,https://demoqa.com/text-box,6346,0,5995
1729816168740,9812,Formulario-textbox-832,200,OK,Usuarios 1-833,text,true,,3827,402,19,19,https://demoqa.com/text-box,3431,0,1546
1729816168740,3431,Formulario-textbox-832-0,301,Moved Permanently,Usuarios 1-833,text,true,,391,286,19,19,http://demoqa.com/text-box,3431,0,1546
1729816172172,6380,Formulario-textbox-832-1,200,OK,Usuarios 1-833,text,true,,3436,116,19,19,https://demoqa.com/text-box,6380,0,6028
1729816169109,9568,Formulario-textbox-965,200,OK,Usuarios 1-961,text,true,,3827,404,18,18,https://demoqa.com/text-box,2799,0,2044
1729816169109,2799,Formulario-textbox-965-0,301,Moved Permanently,Usuarios 1-961,text,true,,391,288,18,18,http://demoqa.com/text-box,2799,0,2044
1729816171909,6768,Formulario-textbox-965-1,200,OK,Usuarios 1-961,text,true,,3436,116,18,18,https://demoqa.com/text-box,6768,0,1655
1729816169104,9573,Formulario-textbox-963,200,OK,Usuarios 1-964,text,true,,3827,395,17,17,https://demoqa.com/text-box,2770,0,2049
1729816169104,2770,Formulario-textbox-963-0,301,Moved Permanently,Usuarios 1-964,text,true,,391,279,17,17,http://demoqa.com/text-box,2770,0,2049
1729816171875,6802,Formulario-textbox-963-1,200,OK,Usuarios 1-964,text,true,,3436,116,17,17,https://demoqa.com/text-box,6802,0,1687
1729816169062,9619,Formulario-textbox-948,200,OK,Usuarios 1-950,text,true,,3827,400,16,16,https://demoqa.com/text-box,2811,0,2089
1729816169062,2811,Formulario-textbox-948-0,301,Moved Permanently,Usuarios 1-950,text,true,,391,284,16,16,http://demoqa.com/text-box,2811,0,2089
1729816171874,6807,Formulario-textbox-948-1,200,OK,Usuarios 1-950,text,true,,3436,116,16,16,https://demoqa.com/text-box,6807,0,1688
1729816169096,9591,Formulario-textbox-960,200,OK,Usuarios 1-963,text,true,,3827,408,15,15,https://demoqa.com/text-box,2730,0,2055
1729816169096,2730,Formulario-textbox-960-0,301,Moved Permanently,Usuarios 1-963,text,true,,391,292,15,15,http://demoqa.com/text-box,2730,0,2055
1729816171826,6861,Formulario-textbox-960-1,200,OK,Usuarios 1-963,text,true,,3436,116,15,15,https://demoqa.com/text-box,6861,0,1698
1729816169031,9659,Formulario-textbox-939,200,OK,Usuarios 1-939,text,true,,3827,399,14,14,https://demoqa.com/text-box,2795,0,2100
1729816169031,2795,Formulario-textbox-939-0,301,Moved Permanently,Usuarios 1-939,text,true,,391,283,14,14,http://demoqa.com/text-box,2795,0,2100
1729816171826,6864,Formulario-textbox-939-1,200,OK,Usuarios 1-939,text,true,,3436,116,14,14,https://demoqa.com/text-box,6864,0,1699
1729816169070,9620,Formulario-textbox-951,200,OK,Usuarios 1-947,text,true,,3827,396,14,14,https://demoqa.com/text-box,2758,0,2081
1729816169070,2758,Formulario-textbox-951-0,301,Moved Permanently,Usuarios 1-947,text,true,,391,280,14,14,http://demoqa.com/text-box,2758,0,2081
1729816171828,6862,Formulario-textbox-951-1,200,OK,Usuarios 1-947,text,true,,3436,116,14,14,https://demoqa.com/text-box,6862,0,1697
1729816169090,9837,Formulario-textbox-959,200,OK,Usuarios 1-959,text,true,,3827,413,12,12,https://demoqa.com/text-box,2782,0,2061
1729816169090,2782,Formulario-textbox-959-0,301,Moved Permanently,Usuarios 1-959,text,true,,391,297,12,12,http://demoqa.com/text-box,2782,0,2061
1729816171873,7054,Formulario-textbox-959-1,200,OK,Usuarios 1-959,text,true,,3436,116,12,12,https://demoqa.com/text-box,7054,0,1652
1729816169083,9848,Formulario-textbox-957,200,OK,Usuarios 1-957,text,true,,3827,403,11,11,https://demoqa.com/text-box,2789,0,2068
1729816169083,2789,Formulario-textbox-957-0,301,Moved Permanently,Usuarios 1-957,text,true,,391,287,11,11,http://demoqa.com/text-box,2789,0,2068
1729816171873,7058,Formulario-textbox-957-1,200,OK,Usuarios 1-957,text,true,,3436,116,11,11,https://demoqa.com/text-box,7058,0,1653
1729816169100,10089,Formulario-textbox-961,200,OK,Usuarios 1-960,text,true,,3827,405,10,10,https://demoqa.com/text-box,2728,0,2053
1729816169045,10144,Formulario-textbox-943,200,OK,Usuarios 1-943,text,true,,3827,406,10,10,https://demoqa.com/text-box,2781,0,2086
1729816169100,2728,Formulario-textbox-961-0,301,Moved Permanently,Usuarios 1-960,text,true,,391,289,10,10,http://demoqa.com/text-box,2728,0,2053
1729816169045,2781,Formulario-textbox-943-0,301,Moved Permanently,Usuarios 1-943,text,true,,391,290,10,10,http://demoqa.com/text-box,2781,0,2086
1729816171826,7363,Formulario-textbox-943-1,200,OK,Usuarios 1-943,text,true,,3436,116,10,10,https://demoqa.com/text-box,7363,0,1697
1729816171828,7361,Formulario-textbox-961-1,200,OK,Usuarios 1-960,text,true,,3436,116,10,10,https://demoqa.com/text-box,7361,0,1696
1729816169111,10078,Formulario-textbox-967,200,OK,Usuarios 1-968,text,true,,3827,412,9,9,https://demoqa.com/text-box,2716,0,2042
1729816169111,2716,Formulario-textbox-967-0,301,Moved Permanently,Usuarios 1-968,text,true,,391,296,9,9,http://demoqa.com/text-box,2716,0,2042
1729816171827,7362,Formulario-textbox-967-1,200,OK,Usuarios 1-968,text,true,,3436,116,9,9,https://demoqa.com/text-box,7362,0,1697
1729816169044,10150,Formulario-textbox-941,200,OK,Usuarios 1-941,text,true,,3827,396,7,7,https://demoqa.com/text-box,2782,0,2087
1729816169044,2782,Formulario-textbox-941-0,301,Moved Permanently,Usuarios 1-941,text,true,,391,280,7,7,http://demoqa.com/text-box,2782,0,2087
1729816171826,7368,Formulario-textbox-941-1,200,OK,Usuarios 1-941,text,true,,3436,116,7,7,https://demoqa.com/text-box,7368,0,1697
1729816168775,10501,Formulario-textbox-840,200,OK,Usuarios 1-840,text,true,,3827,398,6,6,https://demoqa.com/text-box,3556,0,1640
1729816168775,3556,Formulario-textbox-840-0,301,Moved Permanently,Usuarios 1-840,text,true,,391,282,6,6,http://demoqa.com/text-box,3556,0,1640
1729816172331,6945,Formulario-textbox-840-1,200,OK,Usuarios 1-840,text,true,,3436,116,6,6,https://demoqa.com/text-box,6945,0,1633
1729816167645,12077,Formulario-textbox-438,200,OK,Usuarios 1-437,text,true,,3827,399,5,5,https://demoqa.com/text-box,904,0,333
1729816167645,904,Formulario-textbox-438-0,301,Moved Permanently,Usuarios 1-437,text,true,,391,283,5,5,http://demoqa.com/text-box,904,0,333
1729816168549,11173,Formulario-textbox-438-1,200,OK,Usuarios 1-437,text,true,,3436,116,5,5,https://demoqa.com/text-box,11173,0,10652
1729816167353,12779,Formulario-textbox-334,200,OK,Usuarios 1-335,text,true,,3827,398,4,4,https://demoqa.com/text-box,619,0,321
1729816167353,619,Formulario-textbox-334-0,301,Moved Permanently,Usuarios 1-335,text,true,,391,282,4,4,http://demoqa.com/text-box,619,0,321
1729816167972,12160,Formulario-textbox-334-1,200,OK,Usuarios 1-335,text,true,,3436,116,4,4,https://demoqa.com/text-box,12160,0,1563
1729816167334,12809,Formulario-textbox-327,200,OK,Usuarios 1-326,text,true,,3827,393,3,3,https://demoqa.com/text-box,636,0,296
1729816167334,636,Formulario-textbox-327-0,301,Moved Permanently,Usuarios 1-326,text,true,,391,277,3,3,http://demoqa.com/text-box,636,0,296
1729816167336,12807,Formulario-textbox-328,200,OK,Usuarios 1-327,text,true,,3827,405,3,3,https://demoqa.com/text-box,633,0,294
1729816167971,12172,Formulario-textbox-327-1,200,OK,Usuarios 1-326,text,true,,3436,116,3,3,https://demoqa.com/text-box,12172,0,1639
1729816167336,633,Formulario-textbox-328-0,301,Moved Permanently,Usuarios 1-327,text,true,,391,289,3,3,http://demoqa.com/text-box,633,0,294
1729816167970,12173,Formulario-textbox-328-1,200,OK,Usuarios 1-327,text,true,,3436,116,3,3,https://demoqa.com/text-box,12173,0,1566
1729816167373,12770,Formulario-textbox-341,200,OK,Usuarios 1-341,text,true,,3827,405,3,3,https://demoqa.com/text-box,599,0,301
1729816167373,599,Formulario-textbox-341-0,301,Moved Permanently,Usuarios 1-341,text,true,,391,289,3,3,http://demoqa.com/text-box,599,0,301
1729816167972,12171,Formulario-textbox-341-1,200,OK,Usuarios 1-341,text,true,,3436,116,3,3,https://demoqa.com/text-box,12171,0,1638
