timeStamp,elapsed,label,responseCode,responseMessage,threadName,dataType,success,failureMessage,bytes,sentBytes,grpThreads,allThreads,URL,Latency,IdleTime,Connect
1775837785937,710,Login - POST /auth/login,526,<none>,Usuarios - Login 1-1,text,false,El servidor no retorno codigo 200,484,225,1,1,https://fakestoreapi.com/auth/login,710,0,316
1775837786650,226,Login - POST /auth/login,526,<none>,Usuarios - Login 1-1,text,false,El servidor no retorno codigo 200,484,231,2,2,https://fakestoreapi.com/auth/login,226,0,0
1775837786877,325,Login - POST /auth/login,526,<none>,Usuarios - Login 1-1,text,false,El servidor no retorno codigo 200,484,226,2,2,https://fakestoreapi.com/auth/login,325,0,0
1775837786868,507,Login - POST /auth/login,526,<none>,Usuarios - Login 1-2,text,false,El servidor no retorno codigo 200,484,225,2,2,https://fakestoreapi.com/auth/login,507,0,177
1775837787203,328,Login - POST /auth/login,526,<none>,Usuarios - Login 1-1,text,false,El servidor no retorno codigo 200,484,227,2,2,https://fakestoreapi.com/auth/login,328,0,0
1775837787377,322,Login - POST /auth/login,526,<none>,Usuarios - Login 1-2,text,false,El servidor no retorno codigo 200,484,225,2,2,https://fakestoreapi.com/auth/login,322,0,0
1775837787532,320,Login - POST /auth/login,526,<none>,Usuarios - Login 1-1,text,false,El servidor no retorno codigo 200,484,231,2,2,https://fakestoreapi.com/auth/login,320,0,0
1775837787700,217,Login - POST /auth/login,526,<none>,Usuarios - Login 1-2,text,false,El servidor no retorno codigo 200,484,225,3,3,https://fakestoreapi.com/auth/login,217,0,0
1775837787853,217,Login - POST /auth/login,526,<none>,Usuarios - Login 1-1,text,false,El servidor no retorno codigo 200,484,226,3,3,https://fakestoreapi.com/auth/login,217,0,0
1775837787918,317,Login - POST /auth/login,526,<none>,Usuarios - Login 1-2,text,false,El servidor no retorno codigo 200,484,225,3,3,https://fakestoreapi.com/auth/login,317,0,0
1775837787865,446,Login - POST /auth/login,526,<none>,Usuarios - Login 1-3,text,false,El servidor no retorno codigo 200,484,227,3,3,https://fakestoreapi.com/auth/login,446,0,124
1775837788071,318,Login - POST /auth/login,526,<none>,Usuarios - Login 1-1,text,false,El servidor no retorno codigo 200,484,231,3,3,https://fakestoreapi.com/auth/login,318,0,0
1775837788311,216,Login - POST /auth/login,526,<none>,Usuarios - Login 1-3,text,false,El servidor no retorno codigo 200,484,226,3,3,https://fakestoreapi.com/auth/login,216,0,0
1775837788236,317,Login - POST /auth/login,526,<none>,Usuarios - Login 1-2,text,false,El servidor no retorno codigo 200,484,225,3,3,https://fakestoreapi.com/auth/login,317,0,0
1775837788390,319,Login - POST /auth/login,526,<none>,Usuarios - Login 1-1,text,false,El servidor no retorno codigo 200,484,227,3,3,https://fakestoreapi.com/auth/login,319,0,0
1775837788529,320,Login - POST /auth/login,526,<none>,Usuarios - Login 1-3,text,false,El servidor no retorno codigo 200,484,225,3,3,https://fakestoreapi.com/auth/login,320,0,0
1775837788554,319,Login - POST /auth/login,526,<none>,Usuarios - Login 1-2,text,false,El servidor no retorno codigo 200,484,231,4,4,https://fakestoreapi.com/auth/login,319,0,0
1775837788710,320,Login - POST /auth/login,526,<none>,Usuarios - Login 1-1,text,false,El servidor no retorno codigo 200,484,225,4,4,https://fakestoreapi.com/auth/login,320,0,0
1775837788850,318,Login - POST /auth/login,526,<none>,Usuarios - Login 1-3,text,false,El servidor no retorno codigo 200,484,226,4,4,https://fakestoreapi.com/auth/login,318,0,0
1775837788874,317,Login - POST /auth/login,526,<none>,Usuarios - Login 1-2,text,false,El servidor no retorno codigo 200,484,225,4,4,https://fakestoreapi.com/auth/login,317,0,0
1775837788866,445,Login - POST /auth/login,526,<none>,Usuarios - Login 1-4,text,false,El servidor no retorno codigo 200,484,227,4,4,https://fakestoreapi.com/auth/login,445,0,122
1775837789031,321,Login - POST /auth/login,526,<none>,Usuarios - Login 1-1,text,false,El servidor no retorno codigo 200,484,231,4,4,https://fakestoreapi.com/auth/login,321,0,0
1775837789192,318,Login - POST /auth/login,526,<none>,Usuarios - Login 1-2,text,false,El servidor no retorno codigo 200,484,226,4,4,https://fakestoreapi.com/auth/login,318,0,0
1775837789169,341,Login - POST /auth/login,526,<none>,Usuarios - Login 1-3,text,false,El servidor no retorno codigo 200,484,225,4,4,https://fakestoreapi.com/auth/login,341,0,0
1775837789311,213,Login - POST /auth/login,526,<none>,Usuarios - Login 1-4,text,false,El servidor no retorno codigo 200,484,227,4,4,https://fakestoreapi.com/auth/login,213,0,0
1775837789353,363,Login - POST /auth/login,526,<none>,Usuarios - Login 1-1,text,false,El servidor no retorno codigo 200,484,225,4,4,https://fakestoreapi.com/auth/login,363,0,0
1775837789511,321,Login - POST /auth/login,526,<none>,Usuarios - Login 1-3,text,false,El servidor no retorno codigo 200,484,225,4,4,https://fakestoreapi.com/auth/login,321,0,0
1775837789511,321,Login - POST /auth/login,526,<none>,Usuarios - Login 1-2,text,false,El servidor no retorno codigo 200,484,231,4,4,https://fakestoreapi.com/auth/login,321,0,0
1775837789525,320,Login - POST /auth/login,526,<none>,Usuarios - Login 1-4,text,false,El servidor no retorno codigo 200,484,226,4,4,https://fakestoreapi.com/auth/login,320,0,0
1775837789717,321,Login - POST /auth/login,526,<none>,Usuarios - Login 1-1,text,false,El servidor no retorno codigo 200,484,227,5,5,https://fakestoreapi.com/auth/login,321,0,0
1775837789833,222,Login - POST /auth/login,526,<none>,Usuarios - Login 1-3,text,false,El servidor no retorno codigo 200,484,225,5,5,https://fakestoreapi.com/auth/login,222,0,0
1775837789833,399,Login - POST /auth/login,526,<none>,Usuarios - Login 1-2,text,false,El servidor no retorno codigo 200,484,231,5,5,https://fakestoreapi.com/auth/login,399,0,0
1775837789846,386,Login - POST /auth/login,526,<none>,Usuarios - Login 1-4,text,false,El servidor no retorno codigo 200,484,225,5,5,https://fakestoreapi.com/auth/login,386,0,0
1775837790039,396,Login - POST /auth/login,526,<none>,Usuarios - Login 1-1,text,false,El servidor no retorno codigo 200,484,227,5,5,https://fakestoreapi.com/auth/login,396,0,0
1775837790085,350,Login - POST /auth/login,526,<none>,Usuarios - Login 1-3,text,false,El servidor no retorno codigo 200,484,225,5,5,https://fakestoreapi.com/auth/login,350,0,0
1775837789865,570,Login - POST /auth/login,526,<none>,Usuarios - Login 1-5,text,false,El servidor no retorno codigo 200,484,226,5,5,https://fakestoreapi.com/auth/login,570,0,164
1775837790232,319,Login - POST /auth/login,526,<none>,Usuarios - Login 1-2,text,false,El servidor no retorno codigo 200,484,225,5,5,https://fakestoreapi.com/auth/login,319,0,0
1775837790232,321,Login - POST /auth/login,526,<none>,Usuarios - Login 1-4,text,false,El servidor no retorno codigo 200,484,231,5,5,https://fakestoreapi.com/auth/login,321,0,0
1775837790436,405,Login - POST /auth/login,526,<none>,Usuarios - Login 1-1,text,false,El servidor no retorno codigo 200,484,226,5,5,https://fakestoreapi.com/auth/login,405,0,0
1775837790436,405,Login - POST /auth/login,526,<none>,Usuarios - Login 1-3,text,false,El servidor no retorno codigo 200,484,225,5,5,https://fakestoreapi.com/auth/login,405,0,0
1775837790436,405,Login - POST /auth/login,526,<none>,Usuarios - Login 1-5,text,false,El servidor no retorno codigo 200,484,227,5,5,https://fakestoreapi.com/auth/login,405,0,0
1775837790552,321,Login - POST /auth/login,526,<none>,Usuarios - Login 1-2,text,false,El servidor no retorno codigo 200,484,231,6,6,https://fakestoreapi.com/auth/login,321,0,0
1775837790553,325,Login - POST /auth/login,526,<none>,Usuarios - Login 1-4,text,false,El servidor no retorno codigo 200,484,225,6,6,https://fakestoreapi.com/auth/login,325,0,0
1775837790878,271,Login - POST /auth/login,526,<none>,Usuarios - Login 1-4,text,false,El servidor no retorno codigo 200,484,226,6,6,https://fakestoreapi.com/auth/login,271,0,0
1775837790842,317,Login - POST /auth/login,526,<none>,Usuarios - Login 1-3,text,false,El servidor no retorno codigo 200,484,225,6,6,https://fakestoreapi.com/auth/login,317,0,0
1775837790841,322,Login - POST /auth/login,526,<none>,Usuarios - Login 1-5,text,false,El servidor no retorno codigo 200,484,227,6,6,https://fakestoreapi.com/auth/login,322,0,0
1775837790841,322,Login - POST /auth/login,526,<none>,Usuarios - Login 1-1,text,false,El servidor no retorno codigo 200,484,226,6,6,https://fakestoreapi.com/auth/login,322,0,0
1775837790874,322,Login - POST /auth/login,526,<none>,Usuarios - Login 1-2,text,false,El servidor no retorno codigo 200,484,225,6,6,https://fakestoreapi.com/auth/login,322,0,0
1775837790864,546,Login - POST /auth/login,526,<none>,Usuarios - Login 1-6,text,false,El servidor no retorno codigo 200,484,231,6,6,https://fakestoreapi.com/auth/login,546,0,166
1775837791163,319,Login - POST /auth/login,526,<none>,Usuarios - Login 1-1,text,false,El servidor no retorno codigo 200,484,231,6,6,https://fakestoreapi.com/auth/login,319,0,0
1775837791160,322,Login - POST /auth/login,526,<none>,Usuarios - Login 1-3,text,false,El servidor no retorno codigo 200,484,225,6,6,https://fakestoreapi.com/auth/login,322,0,0
1775837791163,324,Login - POST /auth/login,526,<none>,Usuarios - Login 1-5,text,false,El servidor no retorno codigo 200,484,225,6,6,https://fakestoreapi.com/auth/login,324,0,0
1775837791177,322,Login - POST /auth/login,526,<none>,Usuarios - Login 1-4,text,false,El servidor no retorno codigo 200,484,227,6,6,https://fakestoreapi.com/auth/login,322,0,0
1775837791197,321,Login - POST /auth/login,526,<none>,Usuarios - Login 1-2,text,false,El servidor no retorno codigo 200,484,226,6,6,https://fakestoreapi.com/auth/login,321,0,0
1775837791410,324,Login - POST /auth/login,526,<none>,Usuarios - Login 1-6,text,false,El servidor no retorno codigo 200,484,227,6,6,https://fakestoreapi.com/auth/login,324,0,0
1775837791484,317,Login - POST /auth/login,526,<none>,Usuarios - Login 1-3,text,false,El servidor no retorno codigo 200,484,231,6,6,https://fakestoreapi.com/auth/login,317,0,0
1775837791484,325,Login - POST /auth/login,526,<none>,Usuarios - Login 1-1,text,false,El servidor no retorno codigo 200,484,225,6,6,https://fakestoreapi.com/auth/login,325,0,0
1775837791488,321,Login - POST /auth/login,526,<none>,Usuarios - Login 1-5,text,false,El servidor no retorno codigo 200,484,225,6,6,https://fakestoreapi.com/auth/login,321,0,0
1775837791500,318,Login - POST /auth/login,526,<none>,Usuarios - Login 1-4,text,false,El servidor no retorno codigo 200,484,226,6,6,https://fakestoreapi.com/auth/login,318,0,0
1775837791519,318,Login - POST /auth/login,526,<none>,Usuarios - Login 1-2,text,false,El servidor no retorno codigo 200,484,227,6,6,https://fakestoreapi.com/auth/login,318,0,0
1775837791735,321,Login - POST /auth/login,526,<none>,Usuarios - Login 1-6,text,false,El servidor no retorno codigo 200,484,225,7,7,https://fakestoreapi.com/auth/login,321,0,0
1775837791801,318,Login - POST /auth/login,526,<none>,Usuarios - Login 1-3,text,false,El servidor no retorno codigo 200,484,231,7,7,https://fakestoreapi.com/auth/login,318,0,0
1775837791809,318,Login - POST /auth/login,526,<none>,Usuarios - Login 1-5,text,false,El servidor no retorno codigo 200,484,226,7,7,https://fakestoreapi.com/auth/login,318,0,0
1775837791809,320,Login - POST /auth/login,526,<none>,Usuarios - Login 1-1,text,false,El servidor no retorno codigo 200,484,225,7,7,https://fakestoreapi.com/auth/login,320,0,0
1775837791818,314,Login - POST /auth/login,526,<none>,Usuarios - Login 1-4,text,false,El servidor no retorno codigo 200,484,227,7,7,https://fakestoreapi.com/auth/login,314,0,0
1775837791838,314,Login - POST /auth/login,526,<none>,Usuarios - Login 1-2,text,false,El servidor no retorno codigo 200,484,225,7,7,https://fakestoreapi.com/auth/login,314,0,0
1775837791863,438,Login - POST /auth/login,526,<none>,Usuarios - Login 1-7,text,false,El servidor no retorno codigo 200,484,231,7,7,https://fakestoreapi.com/auth/login,438,0,121
1775837792084,323,Login - POST /auth/login,526,<none>,Usuarios - Login 1-6,text,false,El servidor no retorno codigo 200,484,225,7,7,https://fakestoreapi.com/auth/login,323,0,0
1775837792150,316,Login - POST /auth/login,526,<none>,Usuarios - Login 1-3,text,false,El servidor no retorno codigo 200,484,226,7,7,https://fakestoreapi.com/auth/login,316,0,0
1775837792158,319,Login - POST /auth/login,526,<none>,Usuarios - Login 1-1,text,false,El servidor no retorno codigo 200,484,225,7,7,https://fakestoreapi.com/auth/login,319,0,0
1775837792158,323,Login - POST /auth/login,526,<none>,Usuarios - Login 1-5,text,false,El servidor no retorno codigo 200,484,227,7,7,https://fakestoreapi.com/auth/login,323,0,0
1775837792167,314,Login - POST /auth/login,526,<none>,Usuarios - Login 1-4,text,false,El servidor no retorno codigo 200,484,231,7,7,https://fakestoreapi.com/auth/login,314,0,0
1775837792189,318,Login - POST /auth/login,526,<none>,Usuarios - Login 1-2,text,false,El servidor no retorno codigo 200,484,225,7,7,https://fakestoreapi.com/auth/login,317,0,0
1775837792302,321,Login - POST /auth/login,526,<none>,Usuarios - Login 1-7,text,false,El servidor no retorno codigo 200,484,226,7,7,https://fakestoreapi.com/auth/login,321,0,0
1775837792501,351,Login - POST /auth/login,526,<none>,Usuarios - Login 1-3,text,false,El servidor no retorno codigo 200,484,225,7,7,https://fakestoreapi.com/auth/login,351,0,0
1775837792509,343,Login - POST /auth/login,526,<none>,Usuarios - Login 1-5,text,false,El servidor no retorno codigo 200,484,226,7,7,https://fakestoreapi.com/auth/login,343,0,0
1775837792519,333,Login - POST /auth/login,526,<none>,Usuarios - Login 1-4,text,false,El servidor no retorno codigo 200,484,225,7,7,https://fakestoreapi.com/auth/login,333,0,0
1775837792508,344,Login - POST /auth/login,526,<none>,Usuarios - Login 1-1,text,false,El servidor no retorno codigo 200,484,231,7,7,https://fakestoreapi.com/auth/login,344,0,0
1775837792435,417,Login - POST /auth/login,526,<none>,Usuarios - Login 1-6,text,false,El servidor no retorno codigo 200,484,227,7,7,https://fakestoreapi.com/auth/login,417,0,0
1775837792538,316,Login - POST /auth/login,526,<none>,Usuarios - Login 1-2,text,false,El servidor no retorno codigo 200,484,227,7,7,https://fakestoreapi.com/auth/login,316,0,0
1775837792652,317,Login - POST /auth/login,526,<none>,Usuarios - Login 1-7,text,false,El servidor no retorno codigo 200,484,225,8,8,https://fakestoreapi.com/auth/login,317,0,0
1775837792852,328,Login - POST /auth/login,526,<none>,Usuarios - Login 1-3,text,false,El servidor no retorno codigo 200,484,231,8,8,https://fakestoreapi.com/auth/login,328,0,0
1775837792853,327,Login - POST /auth/login,526,<none>,Usuarios - Login 1-6,text,false,El servidor no retorno codigo 200,484,225,8,8,https://fakestoreapi.com/auth/login,327,0,0
1775837792859,321,Login - POST /auth/login,526,<none>,Usuarios - Login 1-1,text,false,El servidor no retorno codigo 200,484,227,8,8,https://fakestoreapi.com/auth/login,321,0,0
1775837792859,328,Login - POST /auth/login,526,<none>,Usuarios - Login 1-5,text,false,El servidor no retorno codigo 200,484,226,8,8,https://fakestoreapi.com/auth/login,328,0,0
1775837792868,324,Login - POST /auth/login,526,<none>,Usuarios - Login 1-4,text,false,El servidor no retorno codigo 200,484,225,8,8,https://fakestoreapi.com/auth/login,324,0,0
1775837792889,320,Login - POST /auth/login,526,<none>,Usuarios - Login 1-2,text,false,El servidor no retorno codigo 200,484,231,8,8,https://fakestoreapi.com/auth/login,320,0,0
1775837793053,357,Login - POST /auth/login,526,<none>,Usuarios - Login 1-7,text,false,El servidor no retorno codigo 200,484,226,8,8,https://fakestoreapi.com/auth/login,357,0,0
1775837792863,547,Login - POST /auth/login,526,<none>,Usuarios - Login 1-8,text,false,El servidor no retorno codigo 200,484,225,8,8,https://fakestoreapi.com/auth/login,547,0,179
1775837793253,280,Login - POST /auth/login,526,<none>,Usuarios - Login 1-6,text,false,El servidor no retorno codigo 200,484,225,8,8,https://fakestoreapi.com/auth/login,280,0,0
1775837793289,356,Login - POST /auth/login,526,<none>,Usuarios - Login 1-2,text,false,El servidor no retorno codigo 200,484,227,8,8,https://fakestoreapi.com/auth/login,356,0,0
1775837793267,378,Login - POST /auth/login,526,<none>,Usuarios - Login 1-4,text,false,El servidor no retorno codigo 200,484,226,8,8,https://fakestoreapi.com/auth/login,378,0,0
1775837793259,386,Login - POST /auth/login,526,<none>,Usuarios - Login 1-1,text,false,El servidor no retorno codigo 200,484,231,8,8,https://fakestoreapi.com/auth/login,386,0,0
1775837793258,387,Login - POST /auth/login,526,<none>,Usuarios - Login 1-5,text,false,El servidor no retorno codigo 200,484,225,8,8,https://fakestoreapi.com/auth/login,387,0,0
1775837793253,392,Login - POST /auth/login,526,<none>,Usuarios - Login 1-3,text,false,El servidor no retorno codigo 200,484,227,8,8,https://fakestoreapi.com/auth/login,392,0,0
1775837793411,234,Login - POST /auth/login,526,<none>,Usuarios - Login 1-8,text,false,El servidor no retorno codigo 200,484,225,8,8,https://fakestoreapi.com/auth/login,234,0,0
1775837793454,317,Login - POST /auth/login,526,<none>,Usuarios - Login 1-7,text,false,El servidor no retorno codigo 200,484,231,8,8,https://fakestoreapi.com/auth/login,317,0,0
1775837793654,317,Login - POST /auth/login,526,<none>,Usuarios - Login 1-3,text,false,El servidor no retorno codigo 200,484,225,9,9,https://fakestoreapi.com/auth/login,317,0,0
1775837793653,322,Login - POST /auth/login,526,<none>,Usuarios - Login 1-6,text,false,El servidor no retorno codigo 200,484,225,9,9,https://fakestoreapi.com/auth/login,322,0,0
1775837793659,318,Login - POST /auth/login,526,<none>,Usuarios - Login 1-1,text,false,El servidor no retorno codigo 200,484,225,9,9,https://fakestoreapi.com/auth/login,318,0,0
1775837793659,322,Login - POST /auth/login,526,<none>,Usuarios - Login 1-5,text,false,El servidor no retorno codigo 200,484,231,9,9,https://fakestoreapi.com/auth/login,322,0,0
1775837793668,314,Login - POST /auth/login,526,<none>,Usuarios - Login 1-4,text,false,El servidor no retorno codigo 200,484,227,9,9,https://fakestoreapi.com/auth/login,314,0,0
1775837793689,317,Login - POST /auth/login,526,<none>,Usuarios - Login 1-2,text,false,El servidor no retorno codigo 200,484,226,9,9,https://fakestoreapi.com/auth/login,317,0,0
1775837793811,320,Login - POST /auth/login,526,<none>,Usuarios - Login 1-8,text,false,El servidor no retorno codigo 200,484,226,9,9,https://fakestoreapi.com/auth/login,320,0,0
1775837793852,356,Login - POST /auth/login,526,<none>,Usuarios - Login 1-7,text,false,El servidor no retorno codigo 200,484,227,9,9,https://fakestoreapi.com/auth/login,356,0,0
1775837793863,495,Login - POST /auth/login,526,<none>,Usuarios - Login 1-9,text,false,El servidor no retorno codigo 200,484,225,9,9,https://fakestoreapi.com/auth/login,495,0,168
1775837794103,317,Login - POST /auth/login,526,<none>,Usuarios - Login 1-3,text,false,El servidor no retorno codigo 200,484,231,9,9,https://fakestoreapi.com/auth/login,317,0,0
1775837794103,321,Login - POST /auth/login,526,<none>,Usuarios - Login 1-6,text,false,El servidor no retorno codigo 200,484,225,9,9,https://fakestoreapi.com/auth/login,321,0,0
1775837794108,318,Login - POST /auth/login,526,<none>,Usuarios - Login 1-1,text,false,El servidor no retorno codigo 200,484,226,9,9,https://fakestoreapi.com/auth/login,318,0,0
1775837794108,326,Login - POST /auth/login,526,<none>,Usuarios - Login 1-5,text,false,El servidor no retorno codigo 200,484,227,9,9,https://fakestoreapi.com/auth/login,326,0,0
1775837794118,316,Login - POST /auth/login,526,<none>,Usuarios - Login 1-4,text,false,El servidor no retorno codigo 200,484,225,9,9,https://fakestoreapi.com/auth/login,316,0,0
1775837794139,319,Login - POST /auth/login,526,<none>,Usuarios - Login 1-2,text,false,El servidor no retorno codigo 200,484,231,9,9,https://fakestoreapi.com/auth/login,319,0,0
1775837794261,320,Login - POST /auth/login,526,<none>,Usuarios - Login 1-8,text,false,El servidor no retorno codigo 200,484,225,9,9,https://fakestoreapi.com/auth/login,320,0,0
1775837794359,218,Login - POST /auth/login,526,<none>,Usuarios - Login 1-9,text,false,El servidor no retorno codigo 200,484,227,9,9,https://fakestoreapi.com/auth/login,218,0,0
1775837794301,314,Login - POST /auth/login,526,<none>,Usuarios - Login 1-7,text,false,El servidor no retorno codigo 200,484,226,9,9,https://fakestoreapi.com/auth/login,314,0,0
1775837794553,215,Login - POST /auth/login,526,<none>,Usuarios - Login 1-3,text,false,El servidor no retorno codigo 200,484,225,9,9,https://fakestoreapi.com/auth/login,215,0,0
1775837794553,321,Login - POST /auth/login,526,<none>,Usuarios - Login 1-6,text,false,El servidor no retorno codigo 200,484,231,10,10,https://fakestoreapi.com/auth/login,321,0,0
1775837794559,318,Login - POST /auth/login,526,<none>,Usuarios - Login 1-5,text,false,El servidor no retorno codigo 200,484,226,10,10,https://fakestoreapi.com/auth/login,318,0,0
1775837794560,319,Login - POST /auth/login,526,<none>,Usuarios - Login 1-1,text,false,El servidor no retorno codigo 200,484,225,10,10,https://fakestoreapi.com/auth/login,319,0,0
1775837794567,314,Login - POST /auth/login,526,<none>,Usuarios - Login 1-4,text,false,El servidor no retorno codigo 200,484,227,10,10,https://fakestoreapi.com/auth/login,314,0,0
1775837794589,318,Login - POST /auth/login,526,<none>,Usuarios - Login 1-2,text,false,El servidor no retorno codigo 200,484,225,10,10,https://fakestoreapi.com/auth/login,318,0,0
1775837794711,321,Login - POST /auth/login,526,<none>,Usuarios - Login 1-8,text,false,El servidor no retorno codigo 200,484,231,10,10,https://fakestoreapi.com/auth/login,321,0,0
1775837794752,318,Login - POST /auth/login,526,<none>,Usuarios - Login 1-7,text,false,El servidor no retorno codigo 200,484,226,10,10,https://fakestoreapi.com/auth/login,318,0,0
1775837794809,319,Login - POST /auth/login,526,<none>,Usuarios - Login 1-9,text,false,El servidor no retorno codigo 200,484,225,10,10,https://fakestoreapi.com/auth/login,319,0,0
1775837794862,448,Login - POST /auth/login,526,<none>,Usuarios - Login 1-10,text,false,El servidor no retorno codigo 200,484,225,10,10,https://fakestoreapi.com/auth/login,448,0,124
1775837795004,317,Login - POST /auth/login,526,<none>,Usuarios - Login 1-3,text,false,El servidor no retorno codigo 200,484,227,10,10,https://fakestoreapi.com/auth/login,317,0,0
1775837795058,317,Login - POST /auth/login,526,<none>,Usuarios - Login 1-1,text,false,El servidor no retorno codigo 200,484,226,10,10,https://fakestoreapi.com/auth/login,317,0,0
1775837795054,321,Login - POST /auth/login,526,<none>,Usuarios - Login 1-6,text,false,El servidor no retorno codigo 200,484,231,10,10,https://fakestoreapi.com/auth/login,321,0,0
1775837795059,320,Login - POST /auth/login,526,<none>,Usuarios - Login 1-5,text,false,El servidor no retorno codigo 200,484,225,10,10,https://fakestoreapi.com/auth/login,320,0,0
1775837795068,315,Login - POST /auth/login,526,<none>,Usuarios - Login 1-4,text,false,El servidor no retorno codigo 200,484,227,10,10,https://fakestoreapi.com/auth/login,315,0,0
1775837795088,318,Login - POST /auth/login,526,<none>,Usuarios - Login 1-2,text,false,El servidor no retorno codigo 200,484,225,10,10,https://fakestoreapi.com/auth/login,318,0,0
1775837795212,216,Login - POST /auth/login,526,<none>,Usuarios - Login 1-8,text,false,El servidor no retorno codigo 200,484,231,10,10,https://fakestoreapi.com/auth/login,216,0,0
1775837795252,316,Login - POST /auth/login,526,<none>,Usuarios - Login 1-7,text,false,El servidor no retorno codigo 200,484,225,10,10,https://fakestoreapi.com/auth/login,316,0,0
1775837795309,325,Login - POST /auth/login,526,<none>,Usuarios - Login 1-9,text,false,El servidor no retorno codigo 200,484,226,10,10,https://fakestoreapi.com/auth/login,325,0,0
1775837795363,323,Login - POST /auth/login,526,<none>,Usuarios - Login 1-10,text,false,El servidor no retorno codigo 200,484,227,10,10,https://fakestoreapi.com/auth/login,323,0,0
1775837795503,319,Login - POST /auth/login,526,<none>,Usuarios - Login 1-3,text,false,El servidor no retorno codigo 200,484,225,10,10,https://fakestoreapi.com/auth/login,319,0,0
1775837795559,316,Login - POST /auth/login,526,<none>,Usuarios - Login 1-1,text,false,El servidor no retorno codigo 200,484,225,11,11,https://fakestoreapi.com/auth/login,316,0,0
1775837795558,320,Login - POST /auth/login,526,<none>,Usuarios - Login 1-5,text,false,El servidor no retorno codigo 200,484,226,11,11,https://fakestoreapi.com/auth/login,320,0,0
1775837795554,324,Login - POST /auth/login,526,<none>,Usuarios - Login 1-6,text,false,El servidor no retorno codigo 200,484,231,11,11,https://fakestoreapi.com/auth/login,324,0,0
1775837795568,315,Login - POST /auth/login,526,<none>,Usuarios - Login 1-4,text,false,El servidor no retorno codigo 200,484,227,11,11,https://fakestoreapi.com/auth/login,315,0,0
1775837795590,319,Login - POST /auth/login,526,<none>,Usuarios - Login 1-2,text,false,El servidor no retorno codigo 200,484,225,11,11,https://fakestoreapi.com/auth/login,319,0,0
1775837795711,319,Login - POST /auth/login,526,<none>,Usuarios - Login 1-8,text,false,El servidor no retorno codigo 200,484,231,11,11,https://fakestoreapi.com/auth/login,319,0,0
1775837795752,317,Login - POST /auth/login,526,<none>,Usuarios - Login 1-7,text,false,El servidor no retorno codigo 200,484,225,11,11,https://fakestoreapi.com/auth/login,317,0,0
1775837795809,321,Login - POST /auth/login,526,<none>,Usuarios - Login 1-9,text,false,El servidor no retorno codigo 200,484,226,11,11,https://fakestoreapi.com/auth/login,321,0,0
1775837795865,318,Login - POST /auth/login,526,<none>,Usuarios - Login 1-10,text,false,El servidor no retorno codigo 200,484,227,11,11,https://fakestoreapi.com/auth/login,318,0,0
1775837795862,451,Login - POST /auth/login,526,<none>,Usuarios - Login 1-11,text,false,El servidor no retorno codigo 200,484,231,11,11,https://fakestoreapi.com/auth/login,451,0,130
1775837796002,315,Login - POST /auth/login,526,<none>,Usuarios - Login 1-3,text,false,El servidor no retorno codigo 200,484,225,11,11,https://fakestoreapi.com/auth/login,315,0,0
1775837796102,323,Login - POST /auth/login,526,<none>,Usuarios - Login 1-6,text,false,El servidor no retorno codigo 200,484,227,11,11,https://fakestoreapi.com/auth/login,323,0,0
1775837796108,320,Login - POST /auth/login,526,<none>,Usuarios - Login 1-1,text,false,El servidor no retorno codigo 200,484,225,11,11,https://fakestoreapi.com/auth/login,320,0,0
1775837796108,323,Login - POST /auth/login,526,<none>,Usuarios - Login 1-5,text,false,El servidor no retorno codigo 200,484,226,11,11,https://fakestoreapi.com/auth/login,323,0,0
1775837796119,316,Login - POST /auth/login,526,<none>,Usuarios - Login 1-4,text,false,El servidor no retorno codigo 200,484,225,11,11,https://fakestoreapi.com/auth/login,316,0,0
1775837796140,317,Login - POST /auth/login,526,<none>,Usuarios - Login 1-2,text,false,El servidor no retorno codigo 200,484,231,11,11,https://fakestoreapi.com/auth/login,317,0,0
1775837796262,322,Login - POST /auth/login,526,<none>,Usuarios - Login 1-8,text,false,El servidor no retorno codigo 200,484,225,11,11,https://fakestoreapi.com/auth/login,322,0,0
1775837796302,317,Login - POST /auth/login,526,<none>,Usuarios - Login 1-7,text,false,El servidor no retorno codigo 200,484,226,11,11,https://fakestoreapi.com/auth/login,317,0,0
1775837796360,319,Login - POST /auth/login,526,<none>,Usuarios - Login 1-9,text,false,El servidor no retorno codigo 200,484,227,11,11,https://fakestoreapi.com/auth/login,319,0,0
1775837796413,319,Login - POST /auth/login,526,<none>,Usuarios - Login 1-10,text,false,El servidor no retorno codigo 200,484,225,11,11,https://fakestoreapi.com/auth/login,319,0,0
1775837796414,319,Login - POST /auth/login,526,<none>,Usuarios - Login 1-11,text,false,El servidor no retorno codigo 200,484,231,11,11,https://fakestoreapi.com/auth/login,319,0,0
1775837796554,319,Login - POST /auth/login,526,<none>,Usuarios - Login 1-3,text,false,El servidor no retorno codigo 200,484,225,12,12,https://fakestoreapi.com/auth/login,319,0,0
1775837796668,213,Login - POST /auth/login,526,<none>,Usuarios - Login 1-4,text,false,El servidor no retorno codigo 200,484,231,12,12,https://fakestoreapi.com/auth/login,213,0,0
1775837796659,318,Login - POST /auth/login,526,<none>,Usuarios - Login 1-5,text,false,El servidor no retorno codigo 200,484,225,12,12,https://fakestoreapi.com/auth/login,318,0,0
1775837796658,319,Login - POST /auth/login,526,<none>,Usuarios - Login 1-1,text,false,El servidor no retorno codigo 200,484,227,12,12,https://fakestoreapi.com/auth/login,319,0,0
1775837796654,324,Login - POST /auth/login,526,<none>,Usuarios - Login 1-6,text,false,El servidor no retorno codigo 200,484,226,12,12,https://fakestoreapi.com/auth/login,324,0,0
1775837796689,318,Login - POST /auth/login,526,<none>,Usuarios - Login 1-2,text,false,El servidor no retorno codigo 200,484,225,12,12,https://fakestoreapi.com/auth/login,318,0,0
1775837796909,218,Login - POST /auth/login,526,<none>,Usuarios - Login 1-9,text,false,El servidor no retorno codigo 200,484,225,12,12,https://fakestoreapi.com/auth/login,218,0,0
1775837796811,322,Login - POST /auth/login,526,<none>,Usuarios - Login 1-8,text,false,El servidor no retorno codigo 200,484,226,12,12,https://fakestoreapi.com/auth/login,322,0,0
1775837796851,315,Login - POST /auth/login,526,<none>,Usuarios - Login 1-7,text,false,El servidor no retorno codigo 200,484,227,12,12,https://fakestoreapi.com/auth/login,315,0,0
1775837796964,318,Login - POST /auth/login,526,<none>,Usuarios - Login 1-10,text,false,El servidor no retorno codigo 200,484,231,12,12,https://fakestoreapi.com/auth/login,318,0,0
1775837796962,320,Login - POST /auth/login,526,<none>,Usuarios - Login 1-11,text,false,El servidor no retorno codigo 200,484,225,12,12,https://fakestoreapi.com/auth/login,320,0,0
1775837796862,453,Login - POST /auth/login,526,<none>,Usuarios - Login 1-12,text,false,El servidor no retorno codigo 200,484,226,12,12,https://fakestoreapi.com/auth/login,453,0,127
1775837797153,318,Login - POST /auth/login,526,<none>,Usuarios - Login 1-3,text,false,El servidor no retorno codigo 200,484,227,12,12,https://fakestoreapi.com/auth/login,318,0,0
1775837797258,323,Login - POST /auth/login,526,<none>,Usuarios - Login 1-5,text,false,El servidor no retorno codigo 200,484,231,12,12,https://fakestoreapi.com/auth/login,323,0,0
1775837797258,323,Login - POST /auth/login,526,<none>,Usuarios - Login 1-1,text,false,El servidor no retorno codigo 200,484,225,12,12,https://fakestoreapi.com/auth/login,323,0,0
1775837797268,315,Login - POST /auth/login,526,<none>,Usuarios - Login 1-4,text,false,El servidor no retorno codigo 200,484,225,12,12,https://fakestoreapi.com/auth/login,315,0,0
1775837797253,330,Login - POST /auth/login,526,<none>,Usuarios - Login 1-6,text,false,El servidor no retorno codigo 200,484,226,12,12,https://fakestoreapi.com/auth/login,330,0,0
1775837797289,317,Login - POST /auth/login,526,<none>,Usuarios - Login 1-2,text,false,El servidor no retorno codigo 200,484,227,12,12,https://fakestoreapi.com/auth/login,317,0,0
1775837797464,219,Login - POST /auth/login,526,<none>,Usuarios - Login 1-12,text,false,El servidor no retorno codigo 200,484,225,12,12,https://fakestoreapi.com/auth/login,219,0,0
1775837797412,320,Login - POST /auth/login,526,<none>,Usuarios - Login 1-8,text,false,El servidor no retorno codigo 200,484,231,12,12,https://fakestoreapi.com/auth/login,320,0,0
1775837797451,318,Login - POST /auth/login,526,<none>,Usuarios - Login 1-7,text,false,El servidor no retorno codigo 200,484,225,12,12,https://fakestoreapi.com/auth/login,318,0,0
1775837797508,318,Login - POST /auth/login,526,<none>,Usuarios - Login 1-9,text,false,El servidor no retorno codigo 200,484,225,12,12,https://fakestoreapi.com/auth/login,318,0,0
1775837797562,318,Login - POST /auth/login,526,<none>,Usuarios - Login 1-10,text,false,El servidor no retorno codigo 200,484,226,13,13,https://fakestoreapi.com/auth/login,318,0,0
1775837797562,318,Login - POST /auth/login,526,<none>,Usuarios - Login 1-11,text,false,El servidor no retorno codigo 200,484,227,13,13,https://fakestoreapi.com/auth/login,318,0,0
1775837797754,316,Login - POST /auth/login,526,<none>,Usuarios - Login 1-3,text,false,El servidor no retorno codigo 200,484,231,13,13,https://fakestoreapi.com/auth/login,316,0,0
1775837797852,321,Login - POST /auth/login,526,<none>,Usuarios - Login 1-6,text,false,El servidor no retorno codigo 200,484,225,13,13,https://fakestoreapi.com/auth/login,321,0,0
1775837797858,318,Login - POST /auth/login,526,<none>,Usuarios - Login 1-5,text,false,El servidor no retorno codigo 200,484,225,13,13,https://fakestoreapi.com/auth/login,318,0,0
1775837797858,323,Login - POST /auth/login,526,<none>,Usuarios - Login 1-1,text,false,El servidor no retorno codigo 200,484,226,13,13,https://fakestoreapi.com/auth/login,323,0,0
1775837797867,314,Login - POST /auth/login,526,<none>,Usuarios - Login 1-4,text,false,El servidor no retorno codigo 200,484,227,13,13,https://fakestoreapi.com/auth/login,314,0,0
1775837797889,314,Login - POST /auth/login,526,<none>,Usuarios - Login 1-2,text,false,El servidor no retorno codigo 200,484,231,13,13,https://fakestoreapi.com/auth/login,314,0,0
1775837797862,443,Login - POST /auth/login,526,<none>,Usuarios - Login 1-13,text,false,El servidor no retorno codigo 200,484,231,13,13,https://fakestoreapi.com/auth/login,443,0,121
1775837798012,321,Login - POST /auth/login,526,<none>,Usuarios - Login 1-8,text,false,El servidor no retorno codigo 200,484,226,13,13,https://fakestoreapi.com/auth/login,321,0,0
1775837798051,317,Login - POST /auth/login,526,<none>,Usuarios - Login 1-7,text,false,El servidor no retorno codigo 200,484,227,13,13,https://fakestoreapi.com/auth/login,317,0,0
1775837798063,323,Login - POST /auth/login,526,<none>,Usuarios - Login 1-12,text,false,El servidor no retorno codigo 200,484,225,13,13,https://fakestoreapi.com/auth/login,323,0,0
1775837798109,320,Login - POST /auth/login,526,<none>,Usuarios - Login 1-9,text,false,El servidor no retorno codigo 200,484,225,13,13,https://fakestoreapi.com/auth/login,320,0,0
1775837798213,317,Login - POST /auth/login,526,<none>,Usuarios - Login 1-10,text,false,El servidor no retorno codigo 200,484,225,13,13,https://fakestoreapi.com/auth/login,317,0,0
1775837798213,322,Login - POST /auth/login,526,<none>,Usuarios - Login 1-11,text,false,El servidor no retorno codigo 200,484,226,13,13,https://fakestoreapi.com/auth/login,322,0,0
1775837798405,317,Login - POST /auth/login,526,<none>,Usuarios - Login 1-3,text,false,El servidor no retorno codigo 200,484,227,13,13,https://fakestoreapi.com/auth/login,317,0,0
1775837798513,213,Login - POST /auth/login,526,<none>,Usuarios - Login 1-13,text,false,El servidor no retorno codigo 200,484,225,13,13,https://fakestoreapi.com/auth/login,213,0,0
1775837798503,325,Login - POST /auth/login,526,<none>,Usuarios - Login 1-6,text,false,El servidor no retorno codigo 200,484,225,13,13,https://fakestoreapi.com/auth/login,325,0,0
1775837798510,321,Login - POST /auth/login,526,<none>,Usuarios - Login 1-5,text,false,El servidor no retorno codigo 200,484,231,13,13,https://fakestoreapi.com/auth/login,321,0,0
1775837798510,321,Login - POST /auth/login,526,<none>,Usuarios - Login 1-1,text,false,El servidor no retorno codigo 200,484,225,13,13,https://fakestoreapi.com/auth/login,321,0,0
1775837798517,315,Login - POST /auth/login,526,<none>,Usuarios - Login 1-4,text,false,El servidor no retorno codigo 200,484,226,13,13,https://fakestoreapi.com/auth/login,315,0,0
1775837798540,315,Login - POST /auth/login,526,<none>,Usuarios - Login 1-2,text,false,El servidor no retorno codigo 200,484,227,13,13,https://fakestoreapi.com/auth/login,315,0,0
1775837798661,319,Login - POST /auth/login,526,<none>,Usuarios - Login 1-8,text,false,El servidor no retorno codigo 200,484,231,14,14,https://fakestoreapi.com/auth/login,319,0,0
1775837798703,314,Login - POST /auth/login,526,<none>,Usuarios - Login 1-7,text,false,El servidor no retorno codigo 200,484,225,14,14,https://fakestoreapi.com/auth/login,314,0,0
1775837798713,319,Login - POST /auth/login,526,<none>,Usuarios - Login 1-12,text,false,El servidor no retorno codigo 200,484,226,14,14,https://fakestoreapi.com/auth/login,319,0,0
1775837798760,322,Login - POST /auth/login,526,<none>,Usuarios - Login 1-9,text,false,El servidor no retorno codigo 200,484,227,14,14,https://fakestoreapi.com/auth/login,322,0,0
1775837798862,320,Login - POST /auth/login,526,<none>,Usuarios - Login 1-10,text,false,El servidor no retorno codigo 200,484,225,14,14,https://fakestoreapi.com/auth/login,320,0,0
1775837798863,322,Login - POST /auth/login,526,<none>,Usuarios - Login 1-11,text,false,El servidor no retorno codigo 200,484,231,14,14,https://fakestoreapi.com/auth/login,322,0,0
1775837798861,448,Login - POST /auth/login,526,<none>,Usuarios - Login 1-14,text,false,El servidor no retorno codigo 200,484,227,14,14,https://fakestoreapi.com/auth/login,448,0,125
1775837799052,317,Login - POST /auth/login,526,<none>,Usuarios - Login 1-3,text,false,El servidor no retorno codigo 200,484,225,14,14,https://fakestoreapi.com/auth/login,317,0,0
1775837799153,319,Login - POST /auth/login,526,<none>,Usuarios - Login 1-6,text,false,El servidor no retorno codigo 200,484,227,14,14,https://fakestoreapi.com/auth/login,319,0,0
1775837799161,316,Login - POST /auth/login,526,<none>,Usuarios - Login 1-13,text,false,El servidor no retorno codigo 200,484,226,14,14,https://fakestoreapi.com/auth/login,316,0,0
1775837799159,320,Login - POST /auth/login,526,<none>,Usuarios - Login 1-5,text,false,El servidor no retorno codigo 200,484,225,14,14,https://fakestoreapi.com/auth/login,320,0,0
1775837799159,321,Login - POST /auth/login,526,<none>,Usuarios - Login 1-1,text,false,El servidor no retorno codigo 200,484,231,14,14,https://fakestoreapi.com/auth/login,321,0,0
1775837799167,315,Login - POST /auth/login,526,<none>,Usuarios - Login 1-4,text,false,El servidor no retorno codigo 200,484,225,14,14,https://fakestoreapi.com/auth/login,315,0,0
1775837799189,318,Login - POST /auth/login,526,<none>,Usuarios - Login 1-2,text,false,El servidor no retorno codigo 200,484,226,14,14,https://fakestoreapi.com/auth/login,318,0,0
1775837799363,322,Login - POST /auth/login,526,<none>,Usuarios - Login 1-8,text,false,El servidor no retorno codigo 200,484,225,14,14,https://fakestoreapi.com/auth/login,322,0,0
1775837799402,317,Login - POST /auth/login,526,<none>,Usuarios - Login 1-7,text,false,El servidor no retorno codigo 200,484,231,14,14,https://fakestoreapi.com/auth/login,317,0,0
1775837799412,318,Login - POST /auth/login,526,<none>,Usuarios - Login 1-12,text,false,El servidor no retorno codigo 200,484,225,14,14,https://fakestoreapi.com/auth/login,318,0,0
1775837799461,318,Login - POST /auth/login,526,<none>,Usuarios - Login 1-9,text,false,El servidor no retorno codigo 200,484,226,14,14,https://fakestoreapi.com/auth/login,318,0,0
1775837799564,318,Login - POST /auth/login,526,<none>,Usuarios - Login 1-10,text,false,El servidor no retorno codigo 200,484,227,15,15,https://fakestoreapi.com/auth/login,318,0,0
1775837799563,319,Login - POST /auth/login,526,<none>,Usuarios - Login 1-14,text,false,El servidor no retorno codigo 200,484,231,15,15,https://fakestoreapi.com/auth/login,319,0,0
1775837799563,319,Login - POST /auth/login,526,<none>,Usuarios - Login 1-11,text,false,El servidor no retorno codigo 200,484,225,15,15,https://fakestoreapi.com/auth/login,319,0,0
1775837799753,315,Login - POST /auth/login,526,<none>,Usuarios - Login 1-3,text,false,El servidor no retorno codigo 200,484,225,15,15,https://fakestoreapi.com/auth/login,315,0,0
1775837799852,321,Login - POST /auth/login,526,<none>,Usuarios - Login 1-6,text,false,El servidor no retorno codigo 200,484,226,15,15,https://fakestoreapi.com/auth/login,321,0,0
1775837799860,317,Login - POST /auth/login,526,<none>,Usuarios - Login 1-1,text,false,El servidor no retorno codigo 200,484,231,15,15,https://fakestoreapi.com/auth/login,317,0,0
1775837799862,319,Login - POST /auth/login,526,<none>,Usuarios - Login 1-13,text,false,El servidor no retorno codigo 200,484,227,15,15,https://fakestoreapi.com/auth/login,319,0,0
1775837799860,321,Login - POST /auth/login,526,<none>,Usuarios - Login 1-5,text,false,El servidor no retorno codigo 200,484,225,15,15,https://fakestoreapi.com/auth/login,321,0,0
1775837799868,315,Login - POST /auth/login,526,<none>,Usuarios - Login 1-4,text,false,El servidor no retorno codigo 200,484,225,15,15,https://fakestoreapi.com/auth/login,315,0,0
1775837799890,317,Login - POST /auth/login,526,<none>,Usuarios - Login 1-2,text,false,El servidor no retorno codigo 200,484,226,15,15,https://fakestoreapi.com/auth/login,317,0,0
1775837799862,449,Login - POST /auth/login,526,<none>,Usuarios - Login 1-15,text,false,El servidor no retorno codigo 200,484,226,15,15,https://fakestoreapi.com/auth/login,449,0,128
1775837800062,320,Login - POST /auth/login,526,<none>,Usuarios - Login 1-8,text,false,El servidor no retorno codigo 200,484,227,15,15,https://fakestoreapi.com/auth/login,320,0,0
1775837800102,314,Login - POST /auth/login,526,<none>,Usuarios - Login 1-7,text,false,El servidor no retorno codigo 200,484,225,15,15,https://fakestoreapi.com/auth/login,314,0,0
1775837800112,320,Login - POST /auth/login,526,<none>,Usuarios - Login 1-12,text,false,El servidor no retorno codigo 200,484,231,15,15,https://fakestoreapi.com/auth/login,320,0,0
1775837800158,319,Login - POST /auth/login,526,<none>,Usuarios - Login 1-9,text,false,El servidor no retorno codigo 200,484,225,15,15,https://fakestoreapi.com/auth/login,319,0,0
1775837800312,317,Login - POST /auth/login,526,<none>,Usuarios - Login 1-14,text,false,El servidor no retorno codigo 200,484,225,15,15,https://fakestoreapi.com/auth/login,317,0,0
1775837800314,318,Login - POST /auth/login,526,<none>,Usuarios - Login 1-11,text,false,El servidor no retorno codigo 200,484,231,15,15,https://fakestoreapi.com/auth/login,318,0,0
1775837800314,319,Login - POST /auth/login,526,<none>,Usuarios - Login 1-10,text,false,El servidor no retorno codigo 200,484,227,15,15,https://fakestoreapi.com/auth/login,319,0,0
1775837800503,317,Login - POST /auth/login,526,<none>,Usuarios - Login 1-3,text,false,El servidor no retorno codigo 200,484,225,15,15,https://fakestoreapi.com/auth/login,317,0,0
1775837800609,318,Login - POST /auth/login,526,<none>,Usuarios - Login 1-5,text,false,El servidor no retorno codigo 200,484,231,16,16,https://fakestoreapi.com/auth/login,318,0,0
1775837800612,315,Login - POST /auth/login,526,<none>,Usuarios - Login 1-13,text,false,El servidor no retorno codigo 200,484,225,16,16,https://fakestoreapi.com/auth/login,315,0,0
1775837800612,316,Login - POST /auth/login,526,<none>,Usuarios - Login 1-15,text,false,El servidor no retorno codigo 200,484,227,16,16,https://fakestoreapi.com/auth/login,316,0,0
1775837800603,325,Login - POST /auth/login,526,<none>,Usuarios - Login 1-6,text,false,El servidor no retorno codigo 200,484,226,16,16,https://fakestoreapi.com/auth/login,325,0,0
1775837800610,328,Login - POST /auth/login,526,<none>,Usuarios - Login 1-1,text,false,El servidor no retorno codigo 200,484,227,16,16,https://fakestoreapi.com/auth/login,327,0,0
1775837800619,319,Login - POST /auth/login,526,<none>,Usuarios - Login 1-4,text,false,El servidor no retorno codigo 200,484,225,16,16,https://fakestoreapi.com/auth/login,318,0,0
1775837800639,322,Login - POST /auth/login,526,<none>,Usuarios - Login 1-2,text,false,El servidor no retorno codigo 200,484,226,16,16,https://fakestoreapi.com/auth/login,322,0,0
1775837800864,219,Login - POST /auth/login,526,<none>,Usuarios - Login 1-12,text,false,El servidor no retorno codigo 200,484,225,16,16,https://fakestoreapi.com/auth/login,219,0,0
1775837800811,319,Login - POST /auth/login,526,<none>,Usuarios - Login 1-8,text,false,El servidor no retorno codigo 200,484,225,16,16,https://fakestoreapi.com/auth/login,319,0,0
1775837800854,326,Login - POST /auth/login,526,<none>,Usuarios - Login 1-7,text,false,El servidor no retorno codigo 200,484,231,16,16,https://fakestoreapi.com/auth/login,326,0,0
1775837800909,319,Login - POST /auth/login,526,<none>,Usuarios - Login 1-9,text,false,El servidor no retorno codigo 200,484,226,16,16,https://fakestoreapi.com/auth/login,319,0,0
1775837800862,445,Login - POST /auth/login,526,<none>,Usuarios - Login 1-16,text,false,El servidor no retorno codigo 200,484,226,16,16,https://fakestoreapi.com/auth/login,445,0,125
1775837801062,317,Login - POST /auth/login,526,<none>,Usuarios - Login 1-14,text,false,El servidor no retorno codigo 200,484,227,16,16,https://fakestoreapi.com/auth/login,317,0,0
1775837801064,316,Login - POST /auth/login,526,<none>,Usuarios - Login 1-10,text,false,El servidor no retorno codigo 200,484,231,16,16,https://fakestoreapi.com/auth/login,316,0,0
1775837801064,320,Login - POST /auth/login,526,<none>,Usuarios - Login 1-11,text,false,El servidor no retorno codigo 200,484,225,16,16,https://fakestoreapi.com/auth/login,320,0,0
1775837801255,317,Login - POST /auth/login,526,<none>,Usuarios - Login 1-3,text,false,El servidor no retorno codigo 200,484,225,16,16,https://fakestoreapi.com/auth/login,317,0,0
1775837801403,321,Login - POST /auth/login,526,<none>,Usuarios - Login 1-6,text,false,El servidor no retorno codigo 200,484,225,16,16,https://fakestoreapi.com/auth/login,321,0,0
1775837801412,316,Login - POST /auth/login,526,<none>,Usuarios - Login 1-15,text,false,El servidor no retorno codigo 200,484,231,16,16,https://fakestoreapi.com/auth/login,316,0,0
1775837801413,316,Login - POST /auth/login,526,<none>,Usuarios - Login 1-13,text,false,El servidor no retorno codigo 200,484,227,16,16,https://fakestoreapi.com/auth/login,316,0,0
1775837801409,320,Login - POST /auth/login,526,<none>,Usuarios - Login 1-5,text,false,El servidor no retorno codigo 200,484,225,16,16,https://fakestoreapi.com/auth/login,320,0,0
1775837801411,322,Login - POST /auth/login,526,<none>,Usuarios - Login 1-1,text,false,El servidor no retorno codigo 200,484,226,16,16,https://fakestoreapi.com/auth/login,322,0,0
1775837801419,318,Login - POST /auth/login,526,<none>,Usuarios - Login 1-4,text,false,El servidor no retorno codigo 200,484,227,16,16,https://fakestoreapi.com/auth/login,318,0,0
1775837801438,318,Login - POST /auth/login,526,<none>,Usuarios - Login 1-2,text,false,El servidor no retorno codigo 200,484,225,16,16,https://fakestoreapi.com/auth/login,318,0,0
1775837801611,219,Login - POST /auth/login,526,<none>,Usuarios - Login 1-8,text,false,El servidor no retorno codigo 200,484,225,16,16,https://fakestoreapi.com/auth/login,219,0,0
1775837801652,316,Login - POST /auth/login,526,<none>,Usuarios - Login 1-7,text,false,El servidor no retorno codigo 200,484,226,17,17,https://fakestoreapi.com/auth/login,315,0,0
1775837801662,317,Login - POST /auth/login,526,<none>,Usuarios - Login 1-16,text,false,El servidor no retorno codigo 200,484,225,17,17,https://fakestoreapi.com/auth/login,317,0,0
1775837801663,320,Login - POST /auth/login,526,<none>,Usuarios - Login 1-12,text,false,El servidor no retorno codigo 200,484,231,17,17,https://fakestoreapi.com/auth/login,320,0,0
1775837801709,322,Login - POST /auth/login,526,<none>,Usuarios - Login 1-9,text,false,El servidor no retorno codigo 200,484,227,17,17,https://fakestoreapi.com/auth/login,322,0,0
1775837801863,318,Login - POST /auth/login,526,<none>,Usuarios - Login 1-11,text,false,El servidor no retorno codigo 200,484,226,17,17,https://fakestoreapi.com/auth/login,318,0,0
1775837801863,318,Login - POST /auth/login,526,<none>,Usuarios - Login 1-10,text,false,El servidor no retorno codigo 200,484,225,17,17,https://fakestoreapi.com/auth/login,318,0,0
1775837801861,322,Login - POST /auth/login,526,<none>,Usuarios - Login 1-14,text,false,El servidor no retorno codigo 200,484,231,17,17,https://fakestoreapi.com/auth/login,322,0,0
1775837801862,445,Login - POST /auth/login,526,<none>,Usuarios - Login 1-17,text,false,El servidor no retorno codigo 200,484,226,17,17,https://fakestoreapi.com/auth/login,445,0,124
1775837802053,321,Login - POST /auth/login,526,<none>,Usuarios - Login 1-3,text,false,El servidor no retorno codigo 200,484,227,17,17,https://fakestoreapi.com/auth/login,321,0,0
1775837802212,212,Login - POST /auth/login,526,<none>,Usuarios - Login 1-13,text,false,El servidor no retorno codigo 200,484,225,17,17,https://fakestoreapi.com/auth/login,212,0,0
1775837802210,316,Login - POST /auth/login,526,<none>,Usuarios - Login 1-1,text,false,El servidor no retorno codigo 200,484,227,17,17,https://fakestoreapi.com/auth/login,316,0,0
1775837802202,324,Login - POST /auth/login,526,<none>,Usuarios - Login 1-6,text,false,El servidor no retorno codigo 200,484,225,17,17,https://fakestoreapi.com/auth/login,324,0,0
1775837802211,317,Login - POST /auth/login,526,<none>,Usuarios - Login 1-15,text,false,El servidor no retorno codigo 200,484,231,17,17,https://fakestoreapi.com/auth/login,317,0,0
1775837802219,315,Login - POST /auth/login,526,<none>,Usuarios - Login 1-4,text,false,El servidor no retorno codigo 200,484,225,17,17,https://fakestoreapi.com/auth/login,315,0,0
1775837802211,323,Login - POST /auth/login,526,<none>,Usuarios - Login 1-5,text,false,El servidor no retorno codigo 200,484,226,17,17,https://fakestoreapi.com/auth/login,323,0,0
1775837802239,315,Login - POST /auth/login,526,<none>,Usuarios - Login 1-2,text,false,El servidor no retorno codigo 200,484,231,17,17,https://fakestoreapi.com/auth/login,315,0,0
1775837802410,322,Login - POST /auth/login,526,<none>,Usuarios - Login 1-8,text,false,El servidor no retorno codigo 200,484,225,17,17,https://fakestoreapi.com/auth/login,322,0,0
1775837802502,315,Login - POST /auth/login,526,<none>,Usuarios - Login 1-7,text,false,El servidor no retorno codigo 200,484,227,17,17,https://fakestoreapi.com/auth/login,315,0,0
1775837802512,319,Login - POST /auth/login,526,<none>,Usuarios - Login 1-12,text,false,El servidor no retorno codigo 200,484,231,17,17,https://fakestoreapi.com/auth/login,319,0,0
1775837802513,318,Login - POST /auth/login,526,<none>,Usuarios - Login 1-16,text,false,El servidor no retorno codigo 200,484,225,17,17,https://fakestoreapi.com/auth/login,318,0,0
1775837802559,321,Login - POST /auth/login,526,<none>,Usuarios - Login 1-9,text,false,El servidor no retorno codigo 200,484,225,18,18,https://fakestoreapi.com/auth/login,321,0,0
1775837802712,317,Login - POST /auth/login,526,<none>,Usuarios - Login 1-17,text,false,El servidor no retorno codigo 200,484,231,18,18,https://fakestoreapi.com/auth/login,317,0,0
1775837802713,320,Login - POST /auth/login,526,<none>,Usuarios - Login 1-11,text,false,El servidor no retorno codigo 200,484,226,18,18,https://fakestoreapi.com/auth/login,320,0,0
1775837802712,323,Login - POST /auth/login,526,<none>,Usuarios - Login 1-14,text,false,El servidor no retorno codigo 200,484,225,18,18,https://fakestoreapi.com/auth/login,323,0,0
1775837802713,324,Login - POST /auth/login,526,<none>,Usuarios - Login 1-10,text,false,El servidor no retorno codigo 200,484,227,18,18,https://fakestoreapi.com/auth/login,324,0,0
1775837802903,314,Login - POST /auth/login,526,<none>,Usuarios - Login 1-3,text,false,El servidor no retorno codigo 200,484,225,18,18,https://fakestoreapi.com/auth/login,314,0,0
1775837802860,445,Login - POST /auth/login,526,<none>,Usuarios - Login 1-18,text,false,El servidor no retorno codigo 200,484,227,18,18,https://fakestoreapi.com/auth/login,445,0,123
1775837803059,318,Login - POST /auth/login,526,<none>,Usuarios - Login 1-5,text,false,El servidor no retorno codigo 200,484,226,18,18,https://fakestoreapi.com/auth/login,318,0,0
1775837803059,318,Login - POST /auth/login,526,<none>,Usuarios - Login 1-1,text,false,El servidor no retorno codigo 200,484,227,18,18,https://fakestoreapi.com/auth/login,318,0,0
1775837803053,324,Login - POST /auth/login,526,<none>,Usuarios - Login 1-6,text,false,El servidor no retorno codigo 200,484,225,18,18,https://fakestoreapi.com/auth/login,324,0,0
1775837803063,315,Login - POST /auth/login,526,<none>,Usuarios - Login 1-13,text,false,El servidor no retorno codigo 200,484,226,18,18,https://fakestoreapi.com/auth/login,315,0,0
1775837803062,322,Login - POST /auth/login,526,<none>,Usuarios - Login 1-15,text,false,El servidor no retorno codigo 200,484,231,18,18,https://fakestoreapi.com/auth/login,322,0,0
1775837803068,317,Login - POST /auth/login,526,<none>,Usuarios - Login 1-4,text,false,El servidor no retorno codigo 200,484,225,18,18,https://fakestoreapi.com/auth/login,317,0,0
1775837803089,317,Login - POST /auth/login,526,<none>,Usuarios - Login 1-2,text,false,El servidor no retorno codigo 200,484,227,18,18,https://fakestoreapi.com/auth/login,317,0,0
1775837803262,348,Login - POST /auth/login,526,<none>,Usuarios - Login 1-8,text,false,El servidor no retorno codigo 200,484,225,18,18,https://fakestoreapi.com/auth/login,348,0,0
1775837803362,338,Login - POST /auth/login,526,<none>,Usuarios - Login 1-16,text,false,El servidor no retorno codigo 200,484,226,18,18,https://fakestoreapi.com/auth/login,338,0,0
1775837803363,337,Login - POST /auth/login,526,<none>,Usuarios - Login 1-12,text,false,El servidor no retorno codigo 200,484,225,18,18,https://fakestoreapi.com/auth/login,337,0,0
1775837803352,348,Login - POST /auth/login,526,<none>,Usuarios - Login 1-7,text,false,El servidor no retorno codigo 200,484,231,18,18,https://fakestoreapi.com/auth/login,348,0,0
1775837803458,337,Login - POST /auth/login,526,<none>,Usuarios - Login 1-9,text,false,El servidor no retorno codigo 200,484,225,18,18,https://fakestoreapi.com/auth/login,337,0,0
1775837803614,321,Login - POST /auth/login,526,<none>,Usuarios - Login 1-17,text,false,El servidor no retorno codigo 200,484,231,19,19,https://fakestoreapi.com/auth/login,321,0,0
1775837803614,323,Login - POST /auth/login,526,<none>,Usuarios - Login 1-10,text,false,El servidor no retorno codigo 200,484,227,19,19,https://fakestoreapi.com/auth/login,323,0,0
1775837803612,326,Login - POST /auth/login,526,<none>,Usuarios - Login 1-14,text,false,El servidor no retorno codigo 200,484,226,19,19,https://fakestoreapi.com/auth/login,326,0,0
1775837803614,324,Login - POST /auth/login,526,<none>,Usuarios - Login 1-11,text,false,El servidor no retorno codigo 200,484,225,19,19,https://fakestoreapi.com/auth/login,324,0,0
1775837803761,400,Login - POST /auth/login,526,<none>,Usuarios - Login 1-18,text,false,El servidor no retorno codigo 200,484,231,19,19,https://fakestoreapi.com/auth/login,400,0,0
1775837803802,359,Login - POST /auth/login,526,<none>,Usuarios - Login 1-3,text,false,El servidor no retorno codigo 200,484,225,19,19,https://fakestoreapi.com/auth/login,359,0,0
1775837803962,324,Login - POST /auth/login,526,<none>,Usuarios - Login 1-15,text,false,El servidor no retorno codigo 200,484,231,19,19,https://fakestoreapi.com/auth/login,324,0,0
1775837803962,324,Login - POST /auth/login,526,<none>,Usuarios - Login 1-13,text,false,El servidor no retorno codigo 200,484,225,19,19,https://fakestoreapi.com/auth/login,324,0,0
1775837803958,328,Login - POST /auth/login,526,<none>,Usuarios - Login 1-5,text,false,El servidor no retorno codigo 200,484,225,19,19,https://fakestoreapi.com/auth/login,328,0,0
1775837803958,328,Login - POST /auth/login,526,<none>,Usuarios - Login 1-1,text,false,El servidor no retorno codigo 200,484,226,19,19,https://fakestoreapi.com/auth/login,328,0,0
1775837803968,318,Login - POST /auth/login,526,<none>,Usuarios - Login 1-4,text,false,El servidor no retorno codigo 200,484,225,19,19,https://fakestoreapi.com/auth/login,318,0,0
1775837803952,334,Login - POST /auth/login,526,<none>,Usuarios - Login 1-6,text,false,El servidor no retorno codigo 200,484,227,19,19,https://fakestoreapi.com/auth/login,334,0,0
1775837803990,424,Login - POST /auth/login,526,<none>,Usuarios - Login 1-2,text,false,El servidor no retorno codigo 200,484,226,19,19,https://fakestoreapi.com/auth/login,424,0,0
1775837803861,566,Login - POST /auth/login,526,<none>,Usuarios - Login 1-19,text,false,El servidor no retorno codigo 200,484,227,19,19,https://fakestoreapi.com/auth/login,566,0,180
1775837804162,377,Login - POST /auth/login,526,<none>,Usuarios - Login 1-8,text,false,El servidor no retorno codigo 200,484,227,19,19,https://fakestoreapi.com/auth/login,377,0,0
1775837804264,409,Login - POST /auth/login,526,<none>,Usuarios - Login 1-12,text,false,El servidor no retorno codigo 200,484,225,19,19,https://fakestoreapi.com/auth/login,409,0,0
1775837804262,411,Login - POST /auth/login,526,<none>,Usuarios - Login 1-16,text,false,El servidor no retorno codigo 200,484,231,19,19,https://fakestoreapi.com/auth/login,411,0,0
1775837804252,421,Login - POST /auth/login,526,<none>,Usuarios - Login 1-7,text,false,El servidor no retorno codigo 200,484,225,19,19,https://fakestoreapi.com/auth/login,421,0,0
1775837804359,375,Login - POST /auth/login,526,<none>,Usuarios - Login 1-9,text,false,El servidor no retorno codigo 200,484,226,19,19,https://fakestoreapi.com/auth/login,375,0,0
1775837804564,318,Login - POST /auth/login,526,<none>,Usuarios - Login 1-11,text,false,El servidor no retorno codigo 200,484,226,20,20,https://fakestoreapi.com/auth/login,318,0,0
1775837804564,321,Login - POST /auth/login,526,<none>,Usuarios - Login 1-10,text,false,El servidor no retorno codigo 200,484,231,20,20,https://fakestoreapi.com/auth/login,321,0,0
1775837804564,322,Login - POST /auth/login,526,<none>,Usuarios - Login 1-17,text,false,El servidor no retorno codigo 200,484,225,20,20,https://fakestoreapi.com/auth/login,322,0,0
1775837804562,324,Login - POST /auth/login,526,<none>,Usuarios - Login 1-14,text,false,El servidor no retorno codigo 200,484,225,20,20,https://fakestoreapi.com/auth/login,324,0,0
1775837804710,318,Login - POST /auth/login,526,<none>,Usuarios - Login 1-18,text,false,El servidor no retorno codigo 200,484,225,20,20,https://fakestoreapi.com/auth/login,318,0,0
1775837804754,321,Login - POST /auth/login,526,<none>,Usuarios - Login 1-3,text,false,El servidor no retorno codigo 200,484,227,20,20,https://fakestoreapi.com/auth/login,321,0,0
1775837804810,322,Login - POST /auth/login,526,<none>,Usuarios - Login 1-19,text,false,El servidor no retorno codigo 200,484,226,20,20,https://fakestoreapi.com/auth/login,322,0,0
1775837804902,323,Login - POST /auth/login,526,<none>,Usuarios - Login 1-6,text,false,El servidor no retorno codigo 200,484,231,20,20,https://fakestoreapi.com/auth/login,323,0,0
1775837804909,316,Login - POST /auth/login,526,<none>,Usuarios - Login 1-1,text,false,El servidor no retorno codigo 200,484,226,20,20,https://fakestoreapi.com/auth/login,316,0,0
1775837804909,318,Login - POST /auth/login,526,<none>,Usuarios - Login 1-5,text,false,El servidor no retorno codigo 200,484,225,20,20,https://fakestoreapi.com/auth/login,318,0,0
1775837804912,316,Login - POST /auth/login,526,<none>,Usuarios - Login 1-15,text,false,El servidor no retorno codigo 200,484,231,20,20,https://fakestoreapi.com/auth/login,316,0,0
1775837804912,321,Login - POST /auth/login,526,<none>,Usuarios - Login 1-13,text,false,El servidor no retorno codigo 200,484,225,20,20,https://fakestoreapi.com/auth/login,321,0,0
1775837804919,314,Login - POST /auth/login,526,<none>,Usuarios - Login 1-4,text,false,El servidor no retorno codigo 200,484,227,20,20,https://fakestoreapi.com/auth/login,314,0,0
1775837804940,317,Login - POST /auth/login,526,<none>,Usuarios - Login 1-2,text,false,El servidor no retorno codigo 200,484,225,20,20,https://fakestoreapi.com/auth/login,317,0,0
1775837804862,443,Login - POST /auth/login,526,<none>,Usuarios - Login 1-20,text,false,El servidor no retorno codigo 200,484,227,20,20,https://fakestoreapi.com/auth/login,443,0,121
1775837805112,322,Login - POST /auth/login,526,<none>,Usuarios - Login 1-8,text,false,El servidor no retorno codigo 200,484,227,20,20,https://fakestoreapi.com/auth/login,322,0,0
1775837805203,316,Login - POST /auth/login,526,<none>,Usuarios - Login 1-7,text,false,El servidor no retorno codigo 200,484,231,20,20,https://fakestoreapi.com/auth/login,316,0,0
1775837805213,319,Login - POST /auth/login,526,<none>,Usuarios - Login 1-16,text,false,El servidor no retorno codigo 200,484,225,20,20,https://fakestoreapi.com/auth/login,319,0,0
1775837805214,323,Login - POST /auth/login,526,<none>,Usuarios - Login 1-12,text,false,El servidor no retorno codigo 200,484,225,20,20,https://fakestoreapi.com/auth/login,323,0,0
1775837805308,321,Login - POST /auth/login,526,<none>,Usuarios - Login 1-9,text,false,El servidor no retorno codigo 200,484,226,20,20,https://fakestoreapi.com/auth/login,321,0,0
1775837805562,318,Login - POST /auth/login,526,<none>,Usuarios - Login 1-14,text,false,El servidor no retorno codigo 200,484,226,21,21,https://fakestoreapi.com/auth/login,318,0,0
1775837805562,318,Login - POST /auth/login,526,<none>,Usuarios - Login 1-17,text,false,El servidor no retorno codigo 200,484,225,21,21,https://fakestoreapi.com/auth/login,318,0,0
1775837805563,321,Login - POST /auth/login,526,<none>,Usuarios - Login 1-10,text,false,El servidor no retorno codigo 200,484,231,21,21,https://fakestoreapi.com/auth/login,321,0,0
1775837805563,326,Login - POST /auth/login,526,<none>,Usuarios - Login 1-11,text,false,El servidor no retorno codigo 200,484,225,21,21,https://fakestoreapi.com/auth/login,326,0,0
1775837805712,319,Login - POST /auth/login,526,<none>,Usuarios - Login 1-18,text,false,El servidor no retorno codigo 200,484,227,21,21,https://fakestoreapi.com/auth/login,319,0,0
1775837805753,317,Login - POST /auth/login,526,<none>,Usuarios - Login 1-3,text,false,El servidor no retorno codigo 200,484,225,21,21,https://fakestoreapi.com/auth/login,317,0,0
1775837805811,315,Login - POST /auth/login,526,<none>,Usuarios - Login 1-19,text,false,El servidor no retorno codigo 200,484,231,21,21,https://fakestoreapi.com/auth/login,315,0,0
1775837805863,318,Login - POST /auth/login,526,<none>,Usuarios - Login 1-20,text,false,El servidor no retorno codigo 200,484,227,21,21,https://fakestoreapi.com/auth/login,318,0,0
1775837805909,317,Login - POST /auth/login,526,<none>,Usuarios - Login 1-5,text,false,El servidor no retorno codigo 200,484,227,21,21,https://fakestoreapi.com/auth/login,317,0,0
1775837805909,317,Login - POST /auth/login,526,<none>,Usuarios - Login 1-1,text,false,El servidor no retorno codigo 200,484,226,21,21,https://fakestoreapi.com/auth/login,317,0,0
1775837805903,327,Login - POST /auth/login,526,<none>,Usuarios - Login 1-6,text,false,El servidor no retorno codigo 200,484,225,21,21,https://fakestoreapi.com/auth/login,327,0,0
1775837805911,323,Login - POST /auth/login,526,<none>,Usuarios - Login 1-15,text,false,El servidor no retorno codigo 200,484,225,21,21,https://fakestoreapi.com/auth/login,323,0,0
1775837805918,316,Login - POST /auth/login,526,<none>,Usuarios - Login 1-4,text,false,El servidor no retorno codigo 200,484,225,21,21,https://fakestoreapi.com/auth/login,316,0,0
1775837805912,322,Login - POST /auth/login,526,<none>,Usuarios - Login 1-13,text,false,El servidor no retorno codigo 200,484,231,21,21,https://fakestoreapi.com/auth/login,322,0,0
1775837805939,319,Login - POST /auth/login,526,<none>,Usuarios - Login 1-2,text,false,El servidor no retorno codigo 200,484,226,21,21,https://fakestoreapi.com/auth/login,319,0,0
1775837805863,453,Login - POST /auth/login,526,<none>,Usuarios - Login 1-21,text,false,El servidor no retorno codigo 200,484,225,21,21,https://fakestoreapi.com/auth/login,453,0,132
1775837806111,321,Login - POST /auth/login,526,<none>,Usuarios - Login 1-8,text,false,El servidor no retorno codigo 200,484,225,21,21,https://fakestoreapi.com/auth/login,321,0,0
1775837806203,318,Login - POST /auth/login,526,<none>,Usuarios - Login 1-7,text,false,El servidor no retorno codigo 200,484,231,21,21,https://fakestoreapi.com/auth/login,318,0,0
1775837806213,319,Login - POST /auth/login,526,<none>,Usuarios - Login 1-16,text,false,El servidor no retorno codigo 200,484,225,21,21,https://fakestoreapi.com/auth/login,319,0,0
1775837806213,326,Login - POST /auth/login,526,<none>,Usuarios - Login 1-12,text,false,El servidor no retorno codigo 200,484,226,21,21,https://fakestoreapi.com/auth/login,326,0,0
1775837806310,321,Login - POST /auth/login,526,<none>,Usuarios - Login 1-9,text,false,El servidor no retorno codigo 200,484,227,21,21,https://fakestoreapi.com/auth/login,321,0,0
1775837806612,320,Login - POST /auth/login,526,<none>,Usuarios - Login 1-14,text,false,El servidor no retorno codigo 200,484,225,22,22,https://fakestoreapi.com/auth/login,320,0,0
1775837806613,319,Login - POST /auth/login,526,<none>,Usuarios - Login 1-11,text,false,El servidor no retorno codigo 200,484,227,22,22,https://fakestoreapi.com/auth/login,319,0,0
1775837806613,319,Login - POST /auth/login,526,<none>,Usuarios - Login 1-17,text,false,El servidor no retorno codigo 200,484,231,22,22,https://fakestoreapi.com/auth/login,319,0,0
1775837806614,322,Login - POST /auth/login,526,<none>,Usuarios - Login 1-10,text,false,El servidor no retorno codigo 200,484,226,22,22,https://fakestoreapi.com/auth/login,322,0,0
1775837806762,322,Login - POST /auth/login,526,<none>,Usuarios - Login 1-18,text,false,El servidor no retorno codigo 200,484,225,22,22,https://fakestoreapi.com/auth/login,322,0,0
1775837806803,319,Login - POST /auth/login,526,<none>,Usuarios - Login 1-3,text,false,El servidor no retorno codigo 200,484,231,22,22,https://fakestoreapi.com/auth/login,319,0,0
1775837806860,323,Login - POST /auth/login,526,<none>,Usuarios - Login 1-19,text,false,El servidor no retorno codigo 200,484,225,22,22,https://fakestoreapi.com/auth/login,323,0,0
1775837806913,319,Login - POST /auth/login,526,<none>,Usuarios - Login 1-21,text,false,El servidor no retorno codigo 200,484,231,22,22,https://fakestoreapi.com/auth/login,319,0,0
1775837806911,321,Login - POST /auth/login,526,<none>,Usuarios - Login 1-20,text,false,El servidor no retorno codigo 200,484,226,22,22,https://fakestoreapi.com/auth/login,321,0,0
1775837806958,327,Login - POST /auth/login,526,<none>,Usuarios - Login 1-5,text,false,El servidor no retorno codigo 200,484,227,22,22,https://fakestoreapi.com/auth/login,327,0,0
1775837806960,325,Login - POST /auth/login,526,<none>,Usuarios - Login 1-13,text,false,El servidor no retorno codigo 200,484,227,22,22,https://fakestoreapi.com/auth/login,325,0,0
1775837806968,317,Login - POST /auth/login,526,<none>,Usuarios - Login 1-4,text,false,El servidor no retorno codigo 200,484,226,22,22,https://fakestoreapi.com/auth/login,317,0,0
1775837806961,324,Login - POST /auth/login,526,<none>,Usuarios - Login 1-15,text,false,El servidor no retorno codigo 200,484,225,22,22,https://fakestoreapi.com/auth/login,324,0,0
1775837806953,332,Login - POST /auth/login,526,<none>,Usuarios - Login 1-6,text,false,El servidor no retorno codigo 200,484,231,22,22,https://fakestoreapi.com/auth/login,332,0,0
1775837806958,330,Login - POST /auth/login,526,<none>,Usuarios - Login 1-1,text,false,El servidor no retorno codigo 200,484,225,22,22,https://fakestoreapi.com/auth/login,330,0,0
1775837806861,442,Login - POST /auth/login,526,<none>,Usuarios - Login 1-22,text,false,El servidor no retorno codigo 200,484,225,22,22,https://fakestoreapi.com/auth/login,442,0,121
1775837806989,324,Login - POST /auth/login,526,<none>,Usuarios - Login 1-2,text,false,El servidor no retorno codigo 200,484,225,22,22,https://fakestoreapi.com/auth/login,324,0,0
1775837807161,321,Login - POST /auth/login,526,<none>,Usuarios - Login 1-8,text,false,El servidor no retorno codigo 200,484,225,22,22,https://fakestoreapi.com/auth/login,321,0,0
1775837807252,318,Login - POST /auth/login,526,<none>,Usuarios - Login 1-7,text,false,El servidor no retorno codigo 200,484,226,22,22,https://fakestoreapi.com/auth/login,318,0,0
1775837807262,323,Login - POST /auth/login,526,<none>,Usuarios - Login 1-16,text,false,El servidor no retorno codigo 200,484,227,22,22,https://fakestoreapi.com/auth/login,323,0,0
1775837807263,328,Login - POST /auth/login,526,<none>,Usuarios - Login 1-12,text,false,El servidor no retorno codigo 200,484,225,22,22,https://fakestoreapi.com/auth/login,328,0,0
1775837807359,324,Login - POST /auth/login,526,<none>,Usuarios - Login 1-9,text,false,El servidor no retorno codigo 200,484,231,22,22,https://fakestoreapi.com/auth/login,324,0,0
1775837807712,318,Login - POST /auth/login,526,<none>,Usuarios - Login 1-17,text,false,El servidor no retorno codigo 200,484,225,23,23,https://fakestoreapi.com/auth/login,318,0,0
1775837807712,318,Login - POST /auth/login,526,<none>,Usuarios - Login 1-14,text,false,El servidor no retorno codigo 200,484,227,23,23,https://fakestoreapi.com/auth/login,318,0,0
1775837807712,325,Login - POST /auth/login,526,<none>,Usuarios - Login 1-10,text,false,El servidor no retorno codigo 200,484,231,23,23,https://fakestoreapi.com/auth/login,325,0,0
1775837807713,324,Login - POST /auth/login,526,<none>,Usuarios - Login 1-11,text,false,El servidor no retorno codigo 200,484,226,23,23,https://fakestoreapi.com/auth/login,324,0,0
1775837807861,324,Login - POST /auth/login,526,<none>,Usuarios - Login 1-18,text,false,El servidor no retorno codigo 200,484,225,23,23,https://fakestoreapi.com/auth/login,324,0,0
1775837807904,331,Login - POST /auth/login,526,<none>,Usuarios - Login 1-3,text,false,El servidor no retorno codigo 200,484,226,23,23,https://fakestoreapi.com/auth/login,330,0,0
1775837807961,316,Login - POST /auth/login,526,<none>,Usuarios - Login 1-22,text,false,El servidor no retorno codigo 200,484,226,23,23,https://fakestoreapi.com/auth/login,316,0,0
1775837807960,317,Login - POST /auth/login,526,<none>,Usuarios - Login 1-19,text,false,El servidor no retorno codigo 200,484,227,23,23,https://fakestoreapi.com/auth/login,317,0,0
1775837807863,450,Login - POST /auth/login,526,<none>,Usuarios - Login 1-23,text,false,El servidor no retorno codigo 200,484,225,23,23,https://fakestoreapi.com/auth/login,450,0,130
1775837808014,317,Login - POST /auth/login,526,<none>,Usuarios - Login 1-20,text,false,El servidor no retorno codigo 200,484,231,23,23,https://fakestoreapi.com/auth/login,317,0,0
1775837808015,316,Login - POST /auth/login,526,<none>,Usuarios - Login 1-21,text,false,El servidor no retorno codigo 200,484,225,23,23,https://fakestoreapi.com/auth/login,316,0,0
1775837808059,318,Login - POST /auth/login,526,<none>,Usuarios - Login 1-5,text,false,El servidor no retorno codigo 200,484,225,23,23,https://fakestoreapi.com/auth/login,318,0,0
1775837808053,324,Login - POST /auth/login,526,<none>,Usuarios - Login 1-6,text,false,El servidor no retorno codigo 200,484,227,23,23,https://fakestoreapi.com/auth/login,324,0,0
1775837808059,320,Login - POST /auth/login,526,<none>,Usuarios - Login 1-1,text,false,El servidor no retorno codigo 200,484,225,23,23,https://fakestoreapi.com/auth/login,320,0,0
1775837808068,317,Login - POST /auth/login,526,<none>,Usuarios - Login 1-4,text,false,El servidor no retorno codigo 200,484,226,23,23,https://fakestoreapi.com/auth/login,317,0,0
1775837808061,325,Login - POST /auth/login,526,<none>,Usuarios - Login 1-13,text,false,El servidor no retorno codigo 200,484,231,23,23,https://fakestoreapi.com/auth/login,325,0,0
1775837808061,327,Login - POST /auth/login,526,<none>,Usuarios - Login 1-15,text,false,El servidor no retorno codigo 200,484,225,23,23,https://fakestoreapi.com/auth/login,327,0,0
1775837808090,316,Login - POST /auth/login,526,<none>,Usuarios - Login 1-2,text,false,El servidor no retorno codigo 200,484,227,23,23,https://fakestoreapi.com/auth/login,316,0,0
1775837808262,319,Login - POST /auth/login,526,<none>,Usuarios - Login 1-8,text,false,El servidor no retorno codigo 200,484,225,23,23,https://fakestoreapi.com/auth/login,319,0,0
1775837808351,316,Login - POST /auth/login,526,<none>,Usuarios - Login 1-7,text,false,El servidor no retorno codigo 200,484,231,23,23,https://fakestoreapi.com/auth/login,316,0,0
1775837808362,319,Login - POST /auth/login,526,<none>,Usuarios - Login 1-16,text,false,El servidor no retorno codigo 200,484,225,23,23,https://fakestoreapi.com/auth/login,319,0,0
1775837808363,328,Login - POST /auth/login,526,<none>,Usuarios - Login 1-12,text,false,El servidor no retorno codigo 200,484,226,23,23,https://fakestoreapi.com/auth/login,328,0,0
1775837808460,321,Login - POST /auth/login,526,<none>,Usuarios - Login 1-9,text,false,El servidor no retorno codigo 200,484,227,23,23,https://fakestoreapi.com/auth/login,321,0,0
1775837808861,319,Login - POST /auth/login,526,<none>,Usuarios - Login 1-14,text,false,El servidor no retorno codigo 200,484,231,24,24,https://fakestoreapi.com/auth/login,319,0,0
1775837808862,318,Login - POST /auth/login,526,<none>,Usuarios - Login 1-11,text,false,El servidor no retorno codigo 200,484,227,24,24,https://fakestoreapi.com/auth/login,318,0,0
1775837808862,320,Login - POST /auth/login,526,<none>,Usuarios - Login 1-10,text,false,El servidor no retorno codigo 200,484,226,24,24,https://fakestoreapi.com/auth/login,320,0,0
1775837808862,321,Login - POST /auth/login,526,<none>,Usuarios - Login 1-17,text,false,El servidor no retorno codigo 200,484,225,24,24,https://fakestoreapi.com/auth/login,321,0,0
1775837808862,456,Login - POST /auth/login,526,<none>,Usuarios - Login 1-24,text,false,El servidor no retorno codigo 200,484,227,24,24,https://fakestoreapi.com/auth/login,456,0,132
1775837809013,318,Login - POST /auth/login,526,<none>,Usuarios - Login 1-18,text,false,El servidor no retorno codigo 200,484,225,24,24,https://fakestoreapi.com/auth/login,318,0,0
1775837809013,318,Login - POST /auth/login,526,<none>,Usuarios - Login 1-23,text,false,El servidor no retorno codigo 200,484,227,24,24,https://fakestoreapi.com/auth/login,318,0,0
1775837809053,319,Login - POST /auth/login,526,<none>,Usuarios - Login 1-3,text,false,El servidor no retorno codigo 200,484,231,24,24,https://fakestoreapi.com/auth/login,319,0,0
1775837809112,317,Login - POST /auth/login,526,<none>,Usuarios - Login 1-19,text,false,El servidor no retorno codigo 200,484,226,24,24,https://fakestoreapi.com/auth/login,317,0,0
1775837809114,316,Login - POST /auth/login,526,<none>,Usuarios - Login 1-22,text,false,El servidor no retorno codigo 200,484,225,24,24,https://fakestoreapi.com/auth/login,316,0,0
1775837809162,317,Login - POST /auth/login,526,<none>,Usuarios - Login 1-20,text,false,El servidor no retorno codigo 200,484,225,24,24,https://fakestoreapi.com/auth/login,317,0,0
1775837809164,320,Login - POST /auth/login,526,<none>,Usuarios - Login 1-21,text,false,El servidor no retorno codigo 200,484,231,24,24,https://fakestoreapi.com/auth/login,320,0,0
1775837809203,321,Login - POST /auth/login,526,<none>,Usuarios - Login 1-6,text,false,El servidor no retorno codigo 200,484,226,24,24,https://fakestoreapi.com/auth/login,321,0,0
1775837809212,314,Login - POST /auth/login,526,<none>,Usuarios - Login 1-13,text,false,El servidor no retorno codigo 200,484,231,24,24,https://fakestoreapi.com/auth/login,314,0,0
1775837809210,321,Login - POST /auth/login,526,<none>,Usuarios - Login 1-1,text,false,El servidor no retorno codigo 200,484,227,24,24,https://fakestoreapi.com/auth/login,321,0,0
1775837809209,323,Login - POST /auth/login,526,<none>,Usuarios - Login 1-5,text,false,El servidor no retorno codigo 200,484,225,24,24,https://fakestoreapi.com/auth/login,323,0,0
1775837809218,316,Login - POST /auth/login,526,<none>,Usuarios - Login 1-4,text,false,El servidor no retorno codigo 200,484,225,24,24,https://fakestoreapi.com/auth/login,316,0,0
1775837809238,324,Login - POST /auth/login,526,<none>,Usuarios - Login 1-2,text,false,El servidor no retorno codigo 200,484,226,24,24,https://fakestoreapi.com/auth/login,324,0,0
1775837809213,437,Login - POST /auth/login,526,<none>,Usuarios - Login 1-15,text,false,El servidor no retorno codigo 200,484,225,24,24,https://fakestoreapi.com/auth/login,437,0,0
1775837809411,319,Login - POST /auth/login,526,<none>,Usuarios - Login 1-8,text,false,El servidor no retorno codigo 200,484,227,24,24,https://fakestoreapi.com/auth/login,319,0,0
1775837809502,315,Login - POST /auth/login,526,<none>,Usuarios - Login 1-7,text,false,El servidor no retorno codigo 200,484,225,24,24,https://fakestoreapi.com/auth/login,315,0,0
1775837809512,318,Login - POST /auth/login,526,<none>,Usuarios - Login 1-16,text,false,El servidor no retorno codigo 200,484,231,24,24,https://fakestoreapi.com/auth/login,318,0,0
1775837809512,321,Login - POST /auth/login,526,<none>,Usuarios - Login 1-12,text,false,El servidor no retorno codigo 200,484,225,24,24,https://fakestoreapi.com/auth/login,321,0,0
1775837809611,321,Login - POST /auth/login,526,<none>,Usuarios - Login 1-9,text,false,El servidor no retorno codigo 200,484,226,25,25,https://fakestoreapi.com/auth/login,321,0,0
1775837809862,452,Login - POST /auth/login,526,<none>,Usuarios - Login 1-25,text,false,El servidor no retorno codigo 200,484,226,25,25,https://fakestoreapi.com/auth/login,452,0,129
1775837810063,320,Login - POST /auth/login,526,<none>,Usuarios - Login 1-17,text,false,El servidor no retorno codigo 200,484,226,25,25,https://fakestoreapi.com/auth/login,320,0,0
1775837810062,322,Login - POST /auth/login,526,<none>,Usuarios - Login 1-11,text,false,El servidor no retorno codigo 200,484,231,25,25,https://fakestoreapi.com/auth/login,322,0,0
1775837810061,323,Login - POST /auth/login,526,<none>,Usuarios - Login 1-14,text,false,El servidor no retorno codigo 200,484,225,25,25,https://fakestoreapi.com/auth/login,323,0,0
1775837810062,323,Login - POST /auth/login,526,<none>,Usuarios - Login 1-10,text,false,El servidor no retorno codigo 200,484,225,25,25,https://fakestoreapi.com/auth/login,323,0,0
1775837810063,329,Login - POST /auth/login,526,<none>,Usuarios - Login 1-24,text,false,El servidor no retorno codigo 200,484,227,25,25,https://fakestoreapi.com/auth/login,329,0,0
1775837810214,316,Login - POST /auth/login,526,<none>,Usuarios - Login 1-23,text,false,El servidor no retorno codigo 200,484,231,25,25,https://fakestoreapi.com/auth/login,316,0,0
1775837810211,319,Login - POST /auth/login,526,<none>,Usuarios - Login 1-18,text,false,El servidor no retorno codigo 200,484,225,25,25,https://fakestoreapi.com/auth/login,319,0,0
1775837810253,316,Login - POST /auth/login,526,<none>,Usuarios - Login 1-3,text,false,El servidor no retorno codigo 200,484,225,25,25,https://fakestoreapi.com/auth/login,316,0,0
1775837810363,216,Login - POST /auth/login,526,<none>,Usuarios - Login 1-21,text,false,El servidor no retorno codigo 200,484,231,25,25,https://fakestoreapi.com/auth/login,216,0,0
1775837810312,316,Login - POST /auth/login,526,<none>,Usuarios - Login 1-19,text,false,El servidor no retorno codigo 200,484,226,25,25,https://fakestoreapi.com/auth/login,316,0,0
1775837810311,319,Login - POST /auth/login,526,<none>,Usuarios - Login 1-22,text,false,El servidor no retorno codigo 200,484,227,25,25,https://fakestoreapi.com/auth/login,319,0,0
1775837810362,319,Login - POST /auth/login,526,<none>,Usuarios - Login 1-20,text,false,El servidor no retorno codigo 200,484,225,25,25,https://fakestoreapi.com/auth/login,319,0,0
1775837810402,320,Login - POST /auth/login,526,<none>,Usuarios - Login 1-6,text,false,El servidor no retorno codigo 200,484,225,25,25,https://fakestoreapi.com/auth/login,320,0,0
1775837810410,317,Login - POST /auth/login,526,<none>,Usuarios - Login 1-1,text,false,El servidor no retorno codigo 200,484,227,25,25,https://fakestoreapi.com/auth/login,317,0,0
1775837810409,319,Login - POST /auth/login,526,<none>,Usuarios - Login 1-5,text,false,El servidor no retorno codigo 200,484,225,25,25,https://fakestoreapi.com/auth/login,319,0,0
1775837810412,317,Login - POST /auth/login,526,<none>,Usuarios - Login 1-13,text,false,El servidor no retorno codigo 200,484,226,25,25,https://fakestoreapi.com/auth/login,317,0,0
1775837810412,319,Login - POST /auth/login,526,<none>,Usuarios - Login 1-15,text,false,El servidor no retorno codigo 200,484,226,25,25,https://fakestoreapi.com/auth/login,319,0,0
1775837810418,316,Login - POST /auth/login,526,<none>,Usuarios - Login 1-4,text,false,El servidor no retorno codigo 200,484,231,25,25,https://fakestoreapi.com/auth/login,316,0,0
1775837810439,315,Login - POST /auth/login,526,<none>,Usuarios - Login 1-2,text,false,El servidor no retorno codigo 200,484,225,25,25,https://fakestoreapi.com/auth/login,315,0,0
1775837810611,319,Login - POST /auth/login,526,<none>,Usuarios - Login 1-8,text,false,El servidor no retorno codigo 200,484,227,26,26,https://fakestoreapi.com/auth/login,319,0,0
1775837810702,316,Login - POST /auth/login,526,<none>,Usuarios - Login 1-7,text,false,El servidor no retorno codigo 200,484,225,26,26,https://fakestoreapi.com/auth/login,316,0,0
1775837810712,318,Login - POST /auth/login,526,<none>,Usuarios - Login 1-16,text,false,El servidor no retorno codigo 200,484,231,26,26,https://fakestoreapi.com/auth/login,318,0,0
1775837810715,321,Login - POST /auth/login,526,<none>,Usuarios - Login 1-12,text,false,El servidor no retorno codigo 200,484,225,26,26,https://fakestoreapi.com/auth/login,321,0,0
1775837810859,320,Login - POST /auth/login,526,<none>,Usuarios - Login 1-9,text,false,El servidor no retorno codigo 200,484,227,26,26,https://fakestoreapi.com/auth/login,320,0,0
1775837810862,442,Login - POST /auth/login,526,<none>,Usuarios - Login 1-26,text,false,El servidor no retorno codigo 200,484,225,26,26,https://fakestoreapi.com/auth/login,442,0,123
1775837811113,318,Login - POST /auth/login,526,<none>,Usuarios - Login 1-25,text,false,El servidor no retorno codigo 200,484,225,26,26,https://fakestoreapi.com/auth/login,318,0,0
1775837811312,317,Login - POST /auth/login,526,<none>,Usuarios - Login 1-14,text,false,El servidor no retorno codigo 200,484,226,26,26,https://fakestoreapi.com/auth/login,317,0,0
1775837811312,319,Login - POST /auth/login,526,<none>,Usuarios - Login 1-17,text,false,El servidor no retorno codigo 200,484,231,26,26,https://fakestoreapi.com/auth/login,319,0,0
1775837811313,319,Login - POST /auth/login,526,<none>,Usuarios - Login 1-10,text,false,El servidor no retorno codigo 200,484,227,26,26,https://fakestoreapi.com/auth/login,319,0,0
1775837811313,321,Login - POST /auth/login,526,<none>,Usuarios - Login 1-11,text,false,El servidor no retorno codigo 200,484,225,26,26,https://fakestoreapi.com/auth/login,321,0,0
1775837811313,325,Login - POST /auth/login,526,<none>,Usuarios - Login 1-24,text,false,El servidor no retorno codigo 200,484,225,26,26,https://fakestoreapi.com/auth/login,325,0,0
1775837811461,316,Login - POST /auth/login,526,<none>,Usuarios - Login 1-18,text,false,El servidor no retorno codigo 200,484,231,26,26,https://fakestoreapi.com/auth/login,316,0,0
1775837811463,315,Login - POST /auth/login,526,<none>,Usuarios - Login 1-23,text,false,El servidor no retorno codigo 200,484,225,26,26,https://fakestoreapi.com/auth/login,315,0,0
1775837811503,316,Login - POST /auth/login,526,<none>,Usuarios - Login 1-3,text,false,El servidor no retorno codigo 200,484,226,26,26,https://fakestoreapi.com/auth/login,316,0,0
1775837811560,317,Login - POST /auth/login,526,<none>,Usuarios - Login 1-19,text,false,El servidor no retorno codigo 200,484,225,27,27,https://fakestoreapi.com/auth/login,317,0,0
1775837811562,317,Login - POST /auth/login,526,<none>,Usuarios - Login 1-22,text,false,El servidor no retorno codigo 200,484,231,27,27,https://fakestoreapi.com/auth/login,317,0,0
1775837811611,321,Login - POST /auth/login,526,<none>,Usuarios - Login 1-20,text,false,El servidor no retorno codigo 200,484,225,27,27,https://fakestoreapi.com/auth/login,321,0,0
1775837811614,318,Login - POST /auth/login,526,<none>,Usuarios - Login 1-21,text,false,El servidor no retorno codigo 200,484,227,27,27,https://fakestoreapi.com/auth/login,318,0,0
1775837811653,322,Login - POST /auth/login,526,<none>,Usuarios - Login 1-6,text,false,El servidor no retorno codigo 200,484,226,27,27,https://fakestoreapi.com/auth/login,322,0,0
1775837811662,318,Login - POST /auth/login,526,<none>,Usuarios - Login 1-13,text,false,El servidor no retorno codigo 200,484,231,27,27,https://fakestoreapi.com/auth/login,318,0,0
1775837811659,322,Login - POST /auth/login,526,<none>,Usuarios - Login 1-5,text,false,El servidor no retorno codigo 200,484,225,27,27,https://fakestoreapi.com/auth/login,322,0,0
1775837811668,315,Login - POST /auth/login,526,<none>,Usuarios - Login 1-4,text,false,El servidor no retorno codigo 200,484,226,27,27,https://fakestoreapi.com/auth/login,315,0,0
1775837811659,325,Login - POST /auth/login,526,<none>,Usuarios - Login 1-1,text,false,El servidor no retorno codigo 200,484,227,27,27,https://fakestoreapi.com/auth/login,325,0,0
1775837811662,327,Login - POST /auth/login,526,<none>,Usuarios - Login 1-15,text,false,El servidor no retorno codigo 200,484,225,27,27,https://fakestoreapi.com/auth/login,327,0,0
1775837811689,315,Login - POST /auth/login,526,<none>,Usuarios - Login 1-2,text,false,El servidor no retorno codigo 200,484,227,27,27,https://fakestoreapi.com/auth/login,315,0,0
1775837811909,319,Login - POST /auth/login,526,<none>,Usuarios - Login 1-8,text,false,El servidor no retorno codigo 200,484,231,27,27,https://fakestoreapi.com/auth/login,319,0,0
1775837811862,442,Login - POST /auth/login,526,<none>,Usuarios - Login 1-27,text,false,El servidor no retorno codigo 200,484,231,27,27,https://fakestoreapi.com/auth/login,442,0,123
1775837812001,316,Login - POST /auth/login,526,<none>,Usuarios - Login 1-7,text,false,El servidor no retorno codigo 200,484,225,27,27,https://fakestoreapi.com/auth/login,316,0,0
1775837812013,320,Login - POST /auth/login,526,<none>,Usuarios - Login 1-16,text,false,El servidor no retorno codigo 200,484,226,27,27,https://fakestoreapi.com/auth/login,320,0,0
1775837812014,321,Login - POST /auth/login,526,<none>,Usuarios - Login 1-12,text,false,El servidor no retorno codigo 200,484,227,27,27,https://fakestoreapi.com/auth/login,321,0,0
1775837812161,320,Login - POST /auth/login,526,<none>,Usuarios - Login 1-26,text,false,El servidor no retorno codigo 200,484,231,27,27,https://fakestoreapi.com/auth/login,320,0,0
1775837812159,327,Login - POST /auth/login,526,<none>,Usuarios - Login 1-9,text,false,El servidor no retorno codigo 200,484,225,27,27,https://fakestoreapi.com/auth/login,327,0,0
1775837812412,319,Login - POST /auth/login,526,<none>,Usuarios - Login 1-25,text,false,El servidor no retorno codigo 200,484,225,27,27,https://fakestoreapi.com/auth/login,319,0,0
1775837812613,319,Login - POST /auth/login,526,<none>,Usuarios - Login 1-17,text,false,El servidor no retorno codigo 200,484,227,28,28,https://fakestoreapi.com/auth/login,319,0,0
1775837812611,325,Login - POST /auth/login,526,<none>,Usuarios - Login 1-14,text,false,El servidor no retorno codigo 200,484,226,28,28,https://fakestoreapi.com/auth/login,325,0,0
1775837812613,323,Login - POST /auth/login,526,<none>,Usuarios - Login 1-10,text,false,El servidor no retorno codigo 200,484,225,28,28,https://fakestoreapi.com/auth/login,323,0,0
1775837812613,324,Login - POST /auth/login,526,<none>,Usuarios - Login 1-24,text,false,El servidor no retorno codigo 200,484,225,28,28,https://fakestoreapi.com/auth/login,324,0,0
1775837812612,328,Login - POST /auth/login,526,<none>,Usuarios - Login 1-11,text,false,El servidor no retorno codigo 200,484,231,28,28,https://fakestoreapi.com/auth/login,328,0,0
1775837812760,317,Login - POST /auth/login,526,<none>,Usuarios - Login 1-18,text,false,El servidor no retorno codigo 200,484,226,28,28,https://fakestoreapi.com/auth/login,317,0,0
1775837812763,317,Login - POST /auth/login,526,<none>,Usuarios - Login 1-23,text,false,El servidor no retorno codigo 200,484,227,28,28,https://fakestoreapi.com/auth/login,317,0,0
1775837812803,316,Login - POST /auth/login,526,<none>,Usuarios - Login 1-3,text,false,El servidor no retorno codigo 200,484,225,28,28,https://fakestoreapi.com/auth/login,316,0,0
1775837812911,315,Login - POST /auth/login,526,<none>,Usuarios - Login 1-19,text,false,El servidor no retorno codigo 200,484,225,28,28,https://fakestoreapi.com/auth/login,315,0,0
1775837812911,315,Login - POST /auth/login,526,<none>,Usuarios - Login 1-22,text,false,El servidor no retorno codigo 200,484,226,28,28,https://fakestoreapi.com/auth/login,315,0,0
1775837812963,320,Login - POST /auth/login,526,<none>,Usuarios - Login 1-21,text,false,El servidor no retorno codigo 200,484,225,28,28,https://fakestoreapi.com/auth/login,320,0,0
1775837812961,324,Login - POST /auth/login,526,<none>,Usuarios - Login 1-20,text,false,El servidor no retorno codigo 200,484,227,28,28,https://fakestoreapi.com/auth/login,324,0,0
1775837812862,456,Login - POST /auth/login,526,<none>,Usuarios - Login 1-28,text,false,El servidor no retorno codigo 200,484,231,28,28,https://fakestoreapi.com/auth/login,456,0,130
1775837813012,315,Login - POST /auth/login,526,<none>,Usuarios - Login 1-13,text,false,El servidor no retorno codigo 200,484,225,28,28,https://fakestoreapi.com/auth/login,315,0,0
1775837813003,324,Login - POST /auth/login,526,<none>,Usuarios - Login 1-6,text,false,El servidor no retorno codigo 200,484,231,28,28,https://fakestoreapi.com/auth/login,324,0,0
1775837813009,321,Login - POST /auth/login,526,<none>,Usuarios - Login 1-5,text,false,El servidor no retorno codigo 200,484,226,28,28,https://fakestoreapi.com/auth/login,321,0,0
1775837813009,321,Login - POST /auth/login,526,<none>,Usuarios - Login 1-1,text,false,El servidor no retorno codigo 200,484,225,28,28,https://fakestoreapi.com/auth/login,321,0,0
1775837813013,322,Login - POST /auth/login,526,<none>,Usuarios - Login 1-15,text,false,El servidor no retorno codigo 200,484,231,28,28,https://fakestoreapi.com/auth/login,322,0,0
1775837813018,317,Login - POST /auth/login,526,<none>,Usuarios - Login 1-4,text,false,El servidor no retorno codigo 200,484,227,28,28,https://fakestoreapi.com/auth/login,317,0,0
1775837813040,319,Login - POST /auth/login,526,<none>,Usuarios - Login 1-2,text,false,El servidor no retorno codigo 200,484,225,28,28,https://fakestoreapi.com/auth/login,319,0,0
1775837813212,320,Login - POST /auth/login,526,<none>,Usuarios - Login 1-27,text,false,El servidor no retorno codigo 200,484,227,28,28,https://fakestoreapi.com/auth/login,320,0,0
1775837813262,321,Login - POST /auth/login,526,<none>,Usuarios - Login 1-8,text,false,El servidor no retorno codigo 200,484,226,28,28,https://fakestoreapi.com/auth/login,321,0,0
1775837813352,316,Login - POST /auth/login,526,<none>,Usuarios - Login 1-7,text,false,El servidor no retorno codigo 200,484,225,28,28,https://fakestoreapi.com/auth/login,316,0,0
1775837813362,317,Login - POST /auth/login,526,<none>,Usuarios - Login 1-16,text,false,El servidor no retorno codigo 200,484,231,28,28,https://fakestoreapi.com/auth/login,317,0,0
1775837813362,326,Login - POST /auth/login,526,<none>,Usuarios - Login 1-12,text,false,El servidor no retorno codigo 200,484,225,28,28,https://fakestoreapi.com/auth/login,326,0,0
1775837813511,315,Login - POST /auth/login,526,<none>,Usuarios - Login 1-26,text,false,El servidor no retorno codigo 200,484,226,28,28,https://fakestoreapi.com/auth/login,315,0,0
1775837813509,320,Login - POST /auth/login,526,<none>,Usuarios - Login 1-9,text,false,El servidor no retorno codigo 200,484,227,28,28,https://fakestoreapi.com/auth/login,320,0,0
1775837813762,321,Login - POST /auth/login,526,<none>,Usuarios - Login 1-25,text,false,El servidor no retorno codigo 200,484,225,29,29,https://fakestoreapi.com/auth/login,321,0,0
1775837813861,455,Login - POST /auth/login,526,<none>,Usuarios - Login 1-29,text,false,El servidor no retorno codigo 200,484,227,29,29,https://fakestoreapi.com/auth/login,455,0,121
1775837814011,319,Login - POST /auth/login,526,<none>,Usuarios - Login 1-14,text,false,El servidor no retorno codigo 200,484,226,29,29,https://fakestoreapi.com/auth/login,319,0,0
1775837814013,318,Login - POST /auth/login,526,<none>,Usuarios - Login 1-17,text,false,El servidor no retorno codigo 200,484,225,29,29,https://fakestoreapi.com/auth/login,318,0,0
1775837814012,319,Login - POST /auth/login,526,<none>,Usuarios - Login 1-10,text,false,El servidor no retorno codigo 200,484,227,29,29,https://fakestoreapi.com/auth/login,319,0,0
1775837814012,319,Login - POST /auth/login,526,<none>,Usuarios - Login 1-24,text,false,El servidor no retorno codigo 200,484,225,29,29,https://fakestoreapi.com/auth/login,319,0,0
1775837814013,326,Login - POST /auth/login,526,<none>,Usuarios - Login 1-11,text,false,El servidor no retorno codigo 200,484,231,29,29,https://fakestoreapi.com/auth/login,326,0,0
1775837814160,344,Login - POST /auth/login,526,<none>,Usuarios - Login 1-18,text,false,El servidor no retorno codigo 200,484,225,29,29,https://fakestoreapi.com/auth/login,344,0,0
1775837814163,341,Login - POST /auth/login,526,<none>,Usuarios - Login 1-23,text,false,El servidor no retorno codigo 200,484,226,29,29,https://fakestoreapi.com/auth/login,341,0,0
1775837814203,421,Login - POST /auth/login,526,<none>,Usuarios - Login 1-3,text,false,El servidor no retorno codigo 200,484,227,29,29,https://fakestoreapi.com/auth/login,421,0,0
1775837814262,364,Login - POST /auth/login,526,<none>,Usuarios - Login 1-28,text,false,El servidor no retorno codigo 200,484,227,29,29,https://fakestoreapi.com/auth/login,364,0,0
1775837814312,316,Login - POST /auth/login,526,<none>,Usuarios - Login 1-22,text,false,El servidor no retorno codigo 200,484,231,29,29,https://fakestoreapi.com/auth/login,316,0,0
1775837814312,317,Login - POST /auth/login,526,<none>,Usuarios - Login 1-19,text,false,El servidor no retorno codigo 200,484,225,29,29,https://fakestoreapi.com/auth/login,317,0,0
1775837814419,321,Login - POST /auth/login,526,<none>,Usuarios - Login 1-4,text,false,El servidor no retorno codigo 200,484,225,29,29,https://fakestoreapi.com/auth/login,321,0,0
1775837814403,337,Login - POST /auth/login,526,<none>,Usuarios - Login 1-6,text,false,El servidor no retorno codigo 200,484,225,29,29,https://fakestoreapi.com/auth/login,337,0,0
1775837814365,375,Login - POST /auth/login,526,<none>,Usuarios - Login 1-21,text,false,El servidor no retorno codigo 200,484,225,29,29,https://fakestoreapi.com/auth/login,375,0,0
1775837814408,332,Login - POST /auth/login,526,<none>,Usuarios - Login 1-1,text,false,El servidor no retorno codigo 200,484,225,29,29,https://fakestoreapi.com/auth/login,332,0,0
1775837814412,328,Login - POST /auth/login,526,<none>,Usuarios - Login 1-15,text,false,El servidor no retorno codigo 200,484,227,29,29,https://fakestoreapi.com/auth/login,328,0,0
1775837814408,332,Login - POST /auth/login,526,<none>,Usuarios - Login 1-5,text,false,El servidor no retorno codigo 200,484,226,29,29,https://fakestoreapi.com/auth/login,332,0,0
1775837814412,328,Login - POST /auth/login,526,<none>,Usuarios - Login 1-13,text,false,El servidor no retorno codigo 200,484,231,29,29,https://fakestoreapi.com/auth/login,328,0,0
1775837814363,377,Login - POST /auth/login,526,<none>,Usuarios - Login 1-20,text,false,El servidor no retorno codigo 200,484,226,29,29,https://fakestoreapi.com/auth/login,377,0,0
1775837814439,323,Login - POST /auth/login,526,<none>,Usuarios - Login 1-2,text,false,El servidor no retorno codigo 200,484,231,29,29,https://fakestoreapi.com/auth/login,323,0,0
1775837814661,329,Login - POST /auth/login,526,<none>,Usuarios - Login 1-8,text,false,El servidor no retorno codigo 200,484,226,30,30,https://fakestoreapi.com/auth/login,329,0,0
1775837814612,378,Login - POST /auth/login,526,<none>,Usuarios - Login 1-27,text,false,El servidor no retorno codigo 200,484,225,30,30,https://fakestoreapi.com/auth/login,378,0,0
1775837814762,356,Login - POST /auth/login,526,<none>,Usuarios - Login 1-16,text,false,El servidor no retorno codigo 200,484,225,30,30,https://fakestoreapi.com/auth/login,356,0,0
1775837814751,367,Login - POST /auth/login,526,<none>,Usuarios - Login 1-7,text,false,El servidor no retorno codigo 200,484,227,30,30,https://fakestoreapi.com/auth/login,367,0,0
1775837814762,356,Login - POST /auth/login,526,<none>,Usuarios - Login 1-12,text,false,El servidor no retorno codigo 200,484,231,30,30,https://fakestoreapi.com/auth/login,356,0,0
1775837814910,333,Login - POST /auth/login,526,<none>,Usuarios - Login 1-26,text,false,El servidor no retorno codigo 200,484,225,30,30,https://fakestoreapi.com/auth/login,333,0,0
1775837814908,335,Login - POST /auth/login,526,<none>,Usuarios - Login 1-9,text,false,El servidor no retorno codigo 200,484,226,30,30,https://fakestoreapi.com/auth/login,335,0,0
1775837814861,505,Login - POST /auth/login,526,<none>,Usuarios - Login 1-30,text,false,El servidor no retorno codigo 200,484,225,30,30,https://fakestoreapi.com/auth/login,505,0,132
1775837815211,352,Login - POST /auth/login,526,<none>,Usuarios - Login 1-25,text,false,El servidor no retorno codigo 200,484,225,30,30,https://fakestoreapi.com/auth/login,352,0,0
1775837815313,368,Login - POST /auth/login,526,<none>,Usuarios - Login 1-29,text,false,El servidor no retorno codigo 200,484,231,30,30,https://fakestoreapi.com/auth/login,368,0,0
1775837815463,321,Login - POST /auth/login,526,<none>,Usuarios - Login 1-14,text,false,El servidor no retorno codigo 200,484,225,30,30,https://fakestoreapi.com/auth/login,321,0,0
1775837815462,322,Login - POST /auth/login,526,<none>,Usuarios - Login 1-17,text,false,El servidor no retorno codigo 200,484,226,30,30,https://fakestoreapi.com/auth/login,322,0,0
1775837815464,321,Login - POST /auth/login,526,<none>,Usuarios - Login 1-10,text,false,El servidor no retorno codigo 200,484,227,30,30,https://fakestoreapi.com/auth/login,321,0,0
1775837815463,324,Login - POST /auth/login,526,<none>,Usuarios - Login 1-11,text,false,El servidor no retorno codigo 200,484,231,30,30,https://fakestoreapi.com/auth/login,324,0,0
1775837815462,332,Login - POST /auth/login,526,<none>,Usuarios - Login 1-24,text,false,El servidor no retorno codigo 200,484,225,30,30,https://fakestoreapi.com/auth/login,332,0,0
1775837815613,314,Login - POST /auth/login,526,<none>,Usuarios - Login 1-23,text,false,El servidor no retorno codigo 200,484,226,30,30,https://fakestoreapi.com/auth/login,314,0,0
1775837815611,319,Login - POST /auth/login,526,<none>,Usuarios - Login 1-18,text,false,El servidor no retorno codigo 200,484,225,30,30,https://fakestoreapi.com/auth/login,319,0,0
1775837815652,315,Login - POST /auth/login,526,<none>,Usuarios - Login 1-3,text,false,El servidor no retorno codigo 200,484,227,30,30,https://fakestoreapi.com/auth/login,315,0,0
1775837815712,322,Login - POST /auth/login,526,<none>,Usuarios - Login 1-28,text,false,El servidor no retorno codigo 200,484,225,30,30,https://fakestoreapi.com/auth/login,322,0,0
1775837815760,317,Login - POST /auth/login,526,<none>,Usuarios - Login 1-19,text,false,El servidor no retorno codigo 200,484,225,30,30,https://fakestoreapi.com/auth/login,317,0,0
1775837815762,317,Login - POST /auth/login,526,<none>,Usuarios - Login 1-22,text,false,El servidor no retorno codigo 200,484,231,30,30,https://fakestoreapi.com/auth/login,317,0,0
1775837815815,315,Login - POST /auth/login,526,<none>,Usuarios - Login 1-21,text,false,El servidor no retorno codigo 200,484,227,30,30,https://fakestoreapi.com/auth/login,315,0,0
1775837815811,319,Login - POST /auth/login,526,<none>,Usuarios - Login 1-20,text,false,El servidor no retorno codigo 200,484,225,30,30,https://fakestoreapi.com/auth/login,319,0,0
1775837815852,322,Login - POST /auth/login,526,<none>,Usuarios - Login 1-6,text,false,El servidor no retorno codigo 200,484,225,30,30,https://fakestoreapi.com/auth/login,322,0,0
1775837815861,315,Login - POST /auth/login,526,<none>,Usuarios - Login 1-13,text,false,El servidor no retorno codigo 200,484,225,30,30,https://fakestoreapi.com/auth/login,315,0,0
1775837815858,320,Login - POST /auth/login,526,<none>,Usuarios - Login 1-5,text,false,El servidor no retorno codigo 200,484,227,30,30,https://fakestoreapi.com/auth/login,320,0,0
1775837815858,322,Login - POST /auth/login,526,<none>,Usuarios - Login 1-1,text,false,El servidor no retorno codigo 200,484,226,30,30,https://fakestoreapi.com/auth/login,322,0,0
1775837815867,315,Login - POST /auth/login,526,<none>,Usuarios - Login 1-4,text,false,El servidor no retorno codigo 200,484,231,30,30,https://fakestoreapi.com/auth/login,315,0,0
1775837815861,323,Login - POST /auth/login,526,<none>,Usuarios - Login 1-15,text,false,El servidor no retorno codigo 200,484,226,30,30,https://fakestoreapi.com/auth/login,323,0,0
1775837815890,316,Login - POST /auth/login,526,<none>,Usuarios - Login 1-2,text,false,El servidor no retorno codigo 200,484,231,30,30,https://fakestoreapi.com/auth/login,316,0,0
1775837816112,317,Login - POST /auth/login,526,<none>,Usuarios - Login 1-27,text,false,El servidor no retorno codigo 200,484,227,30,30,https://fakestoreapi.com/auth/login,317,0,0
1775837816161,338,Login - POST /auth/login,526,<none>,Usuarios - Login 1-8,text,false,El servidor no retorno codigo 200,484,226,30,30,https://fakestoreapi.com/auth/login,338,0,0
1775837816251,318,Login - POST /auth/login,526,<none>,Usuarios - Login 1-7,text,false,El servidor no retorno codigo 200,484,225,30,30,https://fakestoreapi.com/auth/login,318,0,0
1775837816262,318,Login - POST /auth/login,526,<none>,Usuarios - Login 1-16,text,false,El servidor no retorno codigo 200,484,231,30,30,https://fakestoreapi.com/auth/login,318,0,0
1775837816262,318,Login - POST /auth/login,526,<none>,Usuarios - Login 1-12,text,false,El servidor no retorno codigo 200,484,225,30,30,https://fakestoreapi.com/auth/login,318,0,0
1775837816361,320,Login - POST /auth/login,526,<none>,Usuarios - Login 1-30,text,false,El servidor no retorno codigo 200,484,225,30,30,https://fakestoreapi.com/auth/login,320,0,0
1775837816411,317,Login - POST /auth/login,526,<none>,Usuarios - Login 1-26,text,false,El servidor no retorno codigo 200,484,227,30,30,https://fakestoreapi.com/auth/login,317,0,0
1775837816408,329,Login - POST /auth/login,526,<none>,Usuarios - Login 1-9,text,false,El servidor no retorno codigo 200,484,226,30,30,https://fakestoreapi.com/auth/login,329,0,0
1775837816711,318,Login - POST /auth/login,526,<none>,Usuarios - Login 1-25,text,false,El servidor no retorno codigo 200,484,231,30,30,https://fakestoreapi.com/auth/login,318,0,0
1775837816811,314,Login - POST /auth/login,526,<none>,Usuarios - Login 1-29,text,false,El servidor no retorno codigo 200,484,225,30,30,https://fakestoreapi.com/auth/login,314,0,0
1775837816962,316,Login - POST /auth/login,526,<none>,Usuarios - Login 1-14,text,false,El servidor no retorno codigo 200,484,226,30,30,https://fakestoreapi.com/auth/login,316,0,0
1775837816962,320,Login - POST /auth/login,526,<none>,Usuarios - Login 1-11,text,false,El servidor no retorno codigo 200,484,231,30,30,https://fakestoreapi.com/auth/login,320,0,0
1775837816962,320,Login - POST /auth/login,526,<none>,Usuarios - Login 1-17,text,false,El servidor no retorno codigo 200,484,227,30,30,https://fakestoreapi.com/auth/login,320,0,0
1775837816963,319,Login - POST /auth/login,526,<none>,Usuarios - Login 1-10,text,false,El servidor no retorno codigo 200,484,225,30,30,https://fakestoreapi.com/auth/login,319,0,0
1775837816963,324,Login - POST /auth/login,526,<none>,Usuarios - Login 1-24,text,false,El servidor no retorno codigo 200,484,225,30,30,https://fakestoreapi.com/auth/login,324,0,0
1775837817111,319,Login - POST /auth/login,526,<none>,Usuarios - Login 1-18,text,false,El servidor no retorno codigo 200,484,227,30,30,https://fakestoreapi.com/auth/login,319,0,0
1775837817115,320,Login - POST /auth/login,526,<none>,Usuarios - Login 1-23,text,false,El servidor no retorno codigo 200,484,226,30,30,https://fakestoreapi.com/auth/login,320,0,0
1775837817152,316,Login - POST /auth/login,526,<none>,Usuarios - Login 1-3,text,false,El servidor no retorno codigo 200,484,225,30,30,https://fakestoreapi.com/auth/login,316,0,0
1775837817212,320,Login - POST /auth/login,526,<none>,Usuarios - Login 1-28,text,false,El servidor no retorno codigo 200,484,231,30,30,https://fakestoreapi.com/auth/login,320,0,0
1775837817262,314,Login - POST /auth/login,526,<none>,Usuarios - Login 1-22,text,false,El servidor no retorno codigo 200,484,226,30,30,https://fakestoreapi.com/auth/login,314,0,0
1775837817261,316,Login - POST /auth/login,526,<none>,Usuarios - Login 1-19,text,false,El servidor no retorno codigo 200,484,225,30,30,https://fakestoreapi.com/auth/login,316,0,0
1775837817313,317,Login - POST /auth/login,526,<none>,Usuarios - Login 1-21,text,false,El servidor no retorno codigo 200,484,225,30,30,https://fakestoreapi.com/auth/login,317,0,0
1775837817313,320,Login - POST /auth/login,526,<none>,Usuarios - Login 1-20,text,false,El servidor no retorno codigo 200,484,227,30,30,https://fakestoreapi.com/auth/login,320,0,0
1775837817353,320,Login - POST /auth/login,526,<none>,Usuarios - Login 1-6,text,false,El servidor no retorno codigo 200,484,231,30,30,https://fakestoreapi.com/auth/login,320,0,0
1775837817358,316,Login - POST /auth/login,526,<none>,Usuarios - Login 1-1,text,false,El servidor no retorno codigo 200,484,227,30,30,https://fakestoreapi.com/auth/login,316,0,0
1775837817358,317,Login - POST /auth/login,526,<none>,Usuarios - Login 1-5,text,false,El servidor no retorno codigo 200,484,226,30,30,https://fakestoreapi.com/auth/login,317,0,0
1775837817361,317,Login - POST /auth/login,526,<none>,Usuarios - Login 1-15,text,false,El servidor no retorno codigo 200,484,231,30,30,https://fakestoreapi.com/auth/login,317,0,0
1775837817368,314,Login - POST /auth/login,526,<none>,Usuarios - Login 1-4,text,false,El servidor no retorno codigo 200,484,225,30,30,https://fakestoreapi.com/auth/login,314,0,0
1775837817362,320,Login - POST /auth/login,526,<none>,Usuarios - Login 1-13,text,false,El servidor no retorno codigo 200,484,225,30,30,https://fakestoreapi.com/auth/login,320,0,0
1775837817389,315,Login - POST /auth/login,526,<none>,Usuarios - Login 1-2,text,false,El servidor no retorno codigo 200,484,225,30,30,https://fakestoreapi.com/auth/login,315,0,0
1775837817612,319,Login - POST /auth/login,526,<none>,Usuarios - Login 1-27,text,false,El servidor no retorno codigo 200,484,226,30,30,https://fakestoreapi.com/auth/login,319,0,0
1775837817661,321,Login - POST /auth/login,526,<none>,Usuarios - Login 1-8,text,false,El servidor no retorno codigo 200,484,227,30,30,https://fakestoreapi.com/auth/login,321,0,0
1775837817751,315,Login - POST /auth/login,526,<none>,Usuarios - Login 1-7,text,false,El servidor no retorno codigo 200,484,225,30,30,https://fakestoreapi.com/auth/login,315,0,0
1775837817762,317,Login - POST /auth/login,526,<none>,Usuarios - Login 1-16,text,false,El servidor no retorno codigo 200,484,231,30,30,https://fakestoreapi.com/auth/login,317,0,0
1775837817764,318,Login - POST /auth/login,526,<none>,Usuarios - Login 1-12,text,false,El servidor no retorno codigo 200,484,225,30,30,https://fakestoreapi.com/auth/login,318,0,0
1775837817862,316,Login - POST /auth/login,526,<none>,Usuarios - Login 1-30,text,false,El servidor no retorno codigo 200,484,226,30,30,https://fakestoreapi.com/auth/login,316,0,0
1775837817911,318,Login - POST /auth/login,526,<none>,Usuarios - Login 1-26,text,false,El servidor no retorno codigo 200,484,227,30,30,https://fakestoreapi.com/auth/login,317,0,0
1775837817909,321,Login - POST /auth/login,526,<none>,Usuarios - Login 1-9,text,false,El servidor no retorno codigo 200,484,225,30,30,https://fakestoreapi.com/auth/login,321,0,0
1775837818213,319,Login - POST /auth/login,526,<none>,Usuarios - Login 1-25,text,false,El servidor no retorno codigo 200,484,231,30,30,https://fakestoreapi.com/auth/login,319,0,0
1775837818312,317,Login - POST /auth/login,526,<none>,Usuarios - Login 1-29,text,false,El servidor no retorno codigo 200,484,225,30,30,https://fakestoreapi.com/auth/login,317,0,0
1775837818462,318,Login - POST /auth/login,526,<none>,Usuarios - Login 1-14,text,false,El servidor no retorno codigo 200,484,226,30,30,https://fakestoreapi.com/auth/login,318,0,0
1775837818464,316,Login - POST /auth/login,526,<none>,Usuarios - Login 1-10,text,false,El servidor no retorno codigo 200,484,231,30,30,https://fakestoreapi.com/auth/login,316,0,0
1775837818462,318,Login - POST /auth/login,526,<none>,Usuarios - Login 1-11,text,false,El servidor no retorno codigo 200,484,227,30,30,https://fakestoreapi.com/auth/login,318,0,0
1775837818464,318,Login - POST /auth/login,526,<none>,Usuarios - Login 1-17,text,false,El servidor no retorno codigo 200,484,225,30,30,https://fakestoreapi.com/auth/login,318,0,0
1775837818462,326,Login - POST /auth/login,526,<none>,Usuarios - Login 1-24,text,false,El servidor no retorno codigo 200,484,225,30,30,https://fakestoreapi.com/auth/login,326,0,0
1775837818611,316,Login - POST /auth/login,526,<none>,Usuarios - Login 1-18,text,false,El servidor no retorno codigo 200,484,226,30,30,https://fakestoreapi.com/auth/login,316,0,0
1775837818614,318,Login - POST /auth/login,526,<none>,Usuarios - Login 1-23,text,false,El servidor no retorno codigo 200,484,227,30,30,https://fakestoreapi.com/auth/login,318,0,0
1775837818655,315,Login - POST /auth/login,526,<none>,Usuarios - Login 1-3,text,false,El servidor no retorno codigo 200,484,225,30,30,https://fakestoreapi.com/auth/login,315,0,0
1775837818712,321,Login - POST /auth/login,526,<none>,Usuarios - Login 1-28,text,false,El servidor no retorno codigo 200,484,231,30,30,https://fakestoreapi.com/auth/login,321,0,0
1775837818761,317,Login - POST /auth/login,526,<none>,Usuarios - Login 1-19,text,false,El servidor no retorno codigo 200,484,226,30,30,https://fakestoreapi.com/auth/login,317,0,0
1775837818762,319,Login - POST /auth/login,526,<none>,Usuarios - Login 1-22,text,false,El servidor no retorno codigo 200,484,225,30,30,https://fakestoreapi.com/auth/login,319,0,0
1775837818815,317,Login - POST /auth/login,526,<none>,Usuarios - Login 1-21,text,false,El servidor no retorno codigo 200,484,227,30,30,https://fakestoreapi.com/auth/login,317,0,0
1775837818813,323,Login - POST /auth/login,526,<none>,Usuarios - Login 1-20,text,false,El servidor no retorno codigo 200,484,225,30,30,https://fakestoreapi.com/auth/login,323,0,0
1775837818863,316,Login - POST /auth/login,526,<none>,Usuarios - Login 1-15,text,false,El servidor no retorno codigo 200,484,227,30,30,https://fakestoreapi.com/auth/login,316,0,0
1775837818862,317,Login - POST /auth/login,526,<none>,Usuarios - Login 1-13,text,false,El servidor no retorno codigo 200,484,225,30,30,https://fakestoreapi.com/auth/login,317,0,0
1775837818858,323,Login - POST /auth/login,526,<none>,Usuarios - Login 1-5,text,false,El servidor no retorno codigo 200,484,226,30,30,https://fakestoreapi.com/auth/login,323,0,0
1775837818853,330,Login - POST /auth/login,526,<none>,Usuarios - Login 1-6,text,false,El servidor no retorno codigo 200,484,231,30,30,https://fakestoreapi.com/auth/login,330,0,0
1775837818868,319,Login - POST /auth/login,526,<none>,Usuarios - Login 1-4,text,false,El servidor no retorno codigo 200,484,231,30,30,https://fakestoreapi.com/auth/login,319,0,0
1775837818860,328,Login - POST /auth/login,526,<none>,Usuarios - Login 1-1,text,false,El servidor no retorno codigo 200,484,225,30,30,https://fakestoreapi.com/auth/login,328,0,0
1775837818889,319,Login - POST /auth/login,526,<none>,Usuarios - Login 1-2,text,false,El servidor no retorno codigo 200,484,225,30,30,https://fakestoreapi.com/auth/login,319,0,0
1775837819112,318,Login - POST /auth/login,526,<none>,Usuarios - Login 1-27,text,false,El servidor no retorno codigo 200,484,226,30,30,https://fakestoreapi.com/auth/login,318,0,0
1775837819161,322,Login - POST /auth/login,526,<none>,Usuarios - Login 1-8,text,false,El servidor no retorno codigo 200,484,227,30,30,https://fakestoreapi.com/auth/login,322,0,0
1775837819252,315,Login - POST /auth/login,526,<none>,Usuarios - Login 1-7,text,false,El servidor no retorno codigo 200,484,225,30,30,https://fakestoreapi.com/auth/login,315,0,0
1775837819261,320,Login - POST /auth/login,526,<none>,Usuarios - Login 1-16,text,false,El servidor no retorno codigo 200,484,231,30,30,https://fakestoreapi.com/auth/login,320,0,0
1775837819262,324,Login - POST /auth/login,526,<none>,Usuarios - Login 1-12,text,false,El servidor no retorno codigo 200,484,225,30,30,https://fakestoreapi.com/auth/login,324,0,0
1775837819362,319,Login - POST /auth/login,526,<none>,Usuarios - Login 1-30,text,false,El servidor no retorno codigo 200,484,226,30,30,https://fakestoreapi.com/auth/login,319,0,0
1775837819410,318,Login - POST /auth/login,526,<none>,Usuarios - Login 1-26,text,false,El servidor no retorno codigo 200,484,227,30,30,https://fakestoreapi.com/auth/login,318,0,0
1775837819410,324,Login - POST /auth/login,526,<none>,Usuarios - Login 1-9,text,false,El servidor no retorno codigo 200,484,225,30,30,https://fakestoreapi.com/auth/login,324,0,0
1775837819713,318,Login - POST /auth/login,526,<none>,Usuarios - Login 1-25,text,false,El servidor no retorno codigo 200,484,231,30,30,https://fakestoreapi.com/auth/login,318,0,0
1775837819811,318,Login - POST /auth/login,526,<none>,Usuarios - Login 1-29,text,false,El servidor no retorno codigo 200,484,225,30,30,https://fakestoreapi.com/auth/login,318,0,0
1775837819963,337,Login - POST /auth/login,526,<none>,Usuarios - Login 1-24,text,false,El servidor no retorno codigo 200,484,225,30,30,https://fakestoreapi.com/auth/login,337,0,0
1775837819963,337,Login - POST /auth/login,526,<none>,Usuarios - Login 1-10,text,false,El servidor no retorno codigo 200,484,227,30,30,https://fakestoreapi.com/auth/login,337,0,0
1775837819963,337,Login - POST /auth/login,526,<none>,Usuarios - Login 1-17,text,false,El servidor no retorno codigo 200,484,231,30,30,https://fakestoreapi.com/auth/login,337,0,0
1775837819963,337,Login - POST /auth/login,526,<none>,Usuarios - Login 1-11,text,false,El servidor no retorno codigo 200,484,225,30,30,https://fakestoreapi.com/auth/login,337,0,0
1775837819963,337,Login - POST /auth/login,526,<none>,Usuarios - Login 1-14,text,false,El servidor no retorno codigo 200,484,226,30,30,https://fakestoreapi.com/auth/login,337,0,0
1775837820110,317,Login - POST /auth/login,526,<none>,Usuarios - Login 1-18,text,false,El servidor no retorno codigo 200,484,226,30,30,https://fakestoreapi.com/auth/login,317,0,0
1775837820113,316,Login - POST /auth/login,526,<none>,Usuarios - Login 1-23,text,false,El servidor no retorno codigo 200,484,227,30,30,https://fakestoreapi.com/auth/login,316,0,0
1775837820153,315,Login - POST /auth/login,526,<none>,Usuarios - Login 1-3,text,false,El servidor no retorno codigo 200,484,225,30,30,https://fakestoreapi.com/auth/login,315,0,0
1775837820211,321,Login - POST /auth/login,526,<none>,Usuarios - Login 1-28,text,false,El servidor no retorno codigo 200,484,231,30,30,https://fakestoreapi.com/auth/login,321,0,0
1775837820261,314,Login - POST /auth/login,526,<none>,Usuarios - Login 1-22,text,false,El servidor no retorno codigo 200,484,226,30,30,https://fakestoreapi.com/auth/login,314,0,0
1775837820260,317,Login - POST /auth/login,526,<none>,Usuarios - Login 1-19,text,false,El servidor no retorno codigo 200,484,225,30,30,https://fakestoreapi.com/auth/login,317,0,0
1775837820314,317,Login - POST /auth/login,526,<none>,Usuarios - Login 1-21,text,false,El servidor no retorno codigo 200,484,227,30,30,https://fakestoreapi.com/auth/login,317,0,0
1775837820312,319,Login - POST /auth/login,526,<none>,Usuarios - Login 1-20,text,false,El servidor no retorno codigo 200,484,225,30,30,https://fakestoreapi.com/auth/login,319,0,0
1775837820353,322,Login - POST /auth/login,526,<none>,Usuarios - Login 1-6,text,false,El servidor no retorno codigo 200,484,227,30,30,https://fakestoreapi.com/auth/login,322,0,0
1775837820362,315,Login - POST /auth/login,526,<none>,Usuarios - Login 1-13,text,false,El servidor no retorno codigo 200,484,225,30,30,https://fakestoreapi.com/auth/login,315,0,0
1775837820359,321,Login - POST /auth/login,526,<none>,Usuarios - Login 1-5,text,false,El servidor no retorno codigo 200,484,226,30,30,https://fakestoreapi.com/auth/login,321,0,0
1775837820359,323,Login - POST /auth/login,526,<none>,Usuarios - Login 1-1,text,false,El servidor no retorno codigo 200,484,231,30,30,https://fakestoreapi.com/auth/login,323,0,0
1775837820368,315,Login - POST /auth/login,526,<none>,Usuarios - Login 1-4,text,false,El servidor no retorno codigo 200,484,225,30,30,https://fakestoreapi.com/auth/login,315,0,0
1775837820362,324,Login - POST /auth/login,526,<none>,Usuarios - Login 1-15,text,false,El servidor no retorno codigo 200,484,231,30,30,https://fakestoreapi.com/auth/login,324,0,0
1775837820389,315,Login - POST /auth/login,526,<none>,Usuarios - Login 1-2,text,false,El servidor no retorno codigo 200,484,225,30,30,https://fakestoreapi.com/auth/login,315,0,0
1775837820611,320,Login - POST /auth/login,526,<none>,Usuarios - Login 1-27,text,false,El servidor no retorno codigo 200,484,226,30,30,https://fakestoreapi.com/auth/login,320,0,0
1775837820660,320,Login - POST /auth/login,526,<none>,Usuarios - Login 1-8,text,false,El servidor no retorno codigo 200,484,227,30,30,https://fakestoreapi.com/auth/login,320,0,0
1775837820753,316,Login - POST /auth/login,526,<none>,Usuarios - Login 1-7,text,false,El servidor no retorno codigo 200,484,225,30,30,https://fakestoreapi.com/auth/login,316,0,0
1775837820764,318,Login - POST /auth/login,526,<none>,Usuarios - Login 1-16,text,false,El servidor no retorno codigo 200,484,231,30,30,https://fakestoreapi.com/auth/login,318,0,0
1775837820762,322,Login - POST /auth/login,526,<none>,Usuarios - Login 1-12,text,false,El servidor no retorno codigo 200,484,225,30,30,https://fakestoreapi.com/auth/login,322,0,0
1775837820861,318,Login - POST /auth/login,526,<none>,Usuarios - Login 1-30,text,false,El servidor no retorno codigo 200,484,226,30,30,https://fakestoreapi.com/auth/login,318,0,0
1775837820910,321,Login - POST /auth/login,526,<none>,Usuarios - Login 1-26,text,false,El servidor no retorno codigo 200,484,227,30,30,https://fakestoreapi.com/auth/login,321,0,0
1775837820908,330,Login - POST /auth/login,526,<none>,Usuarios - Login 1-9,text,false,El servidor no retorno codigo 200,484,225,30,30,https://fakestoreapi.com/auth/login,330,0,0
1775837821211,319,Login - POST /auth/login,526,<none>,Usuarios - Login 1-25,text,false,El servidor no retorno codigo 200,484,231,30,30,https://fakestoreapi.com/auth/login,319,0,0
1775837821311,316,Login - POST /auth/login,526,<none>,Usuarios - Login 1-29,text,false,El servidor no retorno codigo 200,484,225,30,30,https://fakestoreapi.com/auth/login,316,0,0
1775837821461,319,Login - POST /auth/login,526,<none>,Usuarios - Login 1-14,text,false,El servidor no retorno codigo 200,484,225,30,30,https://fakestoreapi.com/auth/login,319,0,0
1775837821463,317,Login - POST /auth/login,526,<none>,Usuarios - Login 1-17,text,false,El servidor no retorno codigo 200,484,225,30,30,https://fakestoreapi.com/auth/login,317,0,0
1775837821463,321,Login - POST /auth/login,526,<none>,Usuarios - Login 1-11,text,false,El servidor no retorno codigo 200,484,231,30,30,https://fakestoreapi.com/auth/login,321,0,0
1775837821463,324,Login - POST /auth/login,526,<none>,Usuarios - Login 1-10,text,false,El servidor no retorno codigo 200,484,226,30,30,https://fakestoreapi.com/auth/login,324,0,0
1775837821463,325,Login - POST /auth/login,526,<none>,Usuarios - Login 1-24,text,false,El servidor no retorno codigo 200,484,227,30,30,https://fakestoreapi.com/auth/login,325,0,0
1775837821611,318,Login - POST /auth/login,526,<none>,Usuarios - Login 1-18,text,false,El servidor no retorno codigo 200,484,226,30,30,https://fakestoreapi.com/auth/login,318,0,0
1775837821614,322,Login - POST /auth/login,526,<none>,Usuarios - Login 1-23,text,false,El servidor no retorno codigo 200,484,227,30,30,https://fakestoreapi.com/auth/login,321,0,0
1775837821653,317,Login - POST /auth/login,526,<none>,Usuarios - Login 1-3,text,false,El servidor no retorno codigo 200,484,225,30,30,https://fakestoreapi.com/auth/login,317,0,0
1775837821714,321,Login - POST /auth/login,526,<none>,Usuarios - Login 1-28,text,false,El servidor no retorno codigo 200,484,231,30,30,https://fakestoreapi.com/auth/login,321,0,0
1775837821762,316,Login - POST /auth/login,526,<none>,Usuarios - Login 1-22,text,false,El servidor no retorno codigo 200,484,225,30,30,https://fakestoreapi.com/auth/login,316,0,0
1775837821762,318,Login - POST /auth/login,526,<none>,Usuarios - Login 1-19,text,false,El servidor no retorno codigo 200,484,226,30,30,https://fakestoreapi.com/auth/login,318,0,0
1775837821814,317,Login - POST /auth/login,526,<none>,Usuarios - Login 1-21,text,false,El servidor no retorno codigo 200,484,227,30,30,https://fakestoreapi.com/auth/login,317,0,0
1775837821814,322,Login - POST /auth/login,526,<none>,Usuarios - Login 1-20,text,false,El servidor no retorno codigo 200,484,225,30,30,https://fakestoreapi.com/auth/login,322,0,0
1775837821852,322,Login - POST /auth/login,526,<none>,Usuarios - Login 1-6,text,false,El servidor no retorno codigo 200,484,231,30,30,https://fakestoreapi.com/auth/login,322,0,0
1775837821859,319,Login - POST /auth/login,526,<none>,Usuarios - Login 1-1,text,false,El servidor no retorno codigo 200,484,227,30,30,https://fakestoreapi.com/auth/login,319,0,0
1775837821861,319,Login - POST /auth/login,526,<none>,Usuarios - Login 1-13,text,false,El servidor no retorno codigo 200,484,225,30,30,https://fakestoreapi.com/auth/login,319,0,0
1775837821858,324,Login - POST /auth/login,526,<none>,Usuarios - Login 1-5,text,false,El servidor no retorno codigo 200,484,226,30,30,https://fakestoreapi.com/auth/login,324,0,0
1775837821861,322,Login - POST /auth/login,526,<none>,Usuarios - Login 1-15,text,false,El servidor no retorno codigo 200,484,231,30,30,https://fakestoreapi.com/auth/login,322,0,0
1775837821868,322,Login - POST /auth/login,526,<none>,Usuarios - Login 1-4,text,false,El servidor no retorno codigo 200,484,225,30,30,https://fakestoreapi.com/auth/login,322,0,0
1775837821889,325,Login - POST /auth/login,526,<none>,Usuarios - Login 1-2,text,false,El servidor no retorno codigo 200,484,225,30,30,https://fakestoreapi.com/auth/login,325,0,0
1775837822112,321,Login - POST /auth/login,526,<none>,Usuarios - Login 1-27,text,false,El servidor no retorno codigo 200,484,226,30,30,https://fakestoreapi.com/auth/login,321,0,0
1775837822163,322,Login - POST /auth/login,526,<none>,Usuarios - Login 1-8,text,false,El servidor no retorno codigo 200,484,227,30,30,https://fakestoreapi.com/auth/login,322,0,0
1775837822253,314,Login - POST /auth/login,526,<none>,Usuarios - Login 1-7,text,false,El servidor no retorno codigo 200,484,225,30,30,https://fakestoreapi.com/auth/login,314,0,0
1775837822261,320,Login - POST /auth/login,526,<none>,Usuarios - Login 1-16,text,false,El servidor no retorno codigo 200,484,231,30,30,https://fakestoreapi.com/auth/login,320,0,0
1775837822262,321,Login - POST /auth/login,526,<none>,Usuarios - Login 1-12,text,false,El servidor no retorno codigo 200,484,225,30,30,https://fakestoreapi.com/auth/login,321,0,0
1775837822362,315,Login - POST /auth/login,526,<none>,Usuarios - Login 1-30,text,false,El servidor no retorno codigo 200,484,226,30,30,https://fakestoreapi.com/auth/login,315,0,0
1775837822409,318,Login - POST /auth/login,526,<none>,Usuarios - Login 1-9,text,false,El servidor no retorno codigo 200,484,225,30,30,https://fakestoreapi.com/auth/login,318,0,0
1775837822412,316,Login - POST /auth/login,526,<none>,Usuarios - Login 1-26,text,false,El servidor no retorno codigo 200,484,227,30,30,https://fakestoreapi.com/auth/login,316,0,0
1775837822711,324,Login - POST /auth/login,526,<none>,Usuarios - Login 1-25,text,false,El servidor no retorno codigo 200,484,231,30,30,https://fakestoreapi.com/auth/login,324,0,0
1775837822812,317,Login - POST /auth/login,526,<none>,Usuarios - Login 1-29,text,false,El servidor no retorno codigo 200,484,225,30,30,https://fakestoreapi.com/auth/login,317,0,0
1775837822961,317,Login - POST /auth/login,526,<none>,Usuarios - Login 1-14,text,false,El servidor no retorno codigo 200,484,226,30,30,https://fakestoreapi.com/auth/login,317,0,0
1775837822962,318,Login - POST /auth/login,526,<none>,Usuarios - Login 1-17,text,false,El servidor no retorno codigo 200,484,227,30,30,https://fakestoreapi.com/auth/login,318,0,0
1775837822962,318,Login - POST /auth/login,526,<none>,Usuarios - Login 1-10,text,false,El servidor no retorno codigo 200,484,231,30,30,https://fakestoreapi.com/auth/login,318,0,0
1775837822962,320,Login - POST /auth/login,526,<none>,Usuarios - Login 1-11,text,false,El servidor no retorno codigo 200,484,225,30,30,https://fakestoreapi.com/auth/login,320,0,0
1775837822962,325,Login - POST /auth/login,526,<none>,Usuarios - Login 1-24,text,false,El servidor no retorno codigo 200,484,225,30,30,https://fakestoreapi.com/auth/login,325,0,0
1775837823112,314,Login - POST /auth/login,526,<none>,Usuarios - Login 1-23,text,false,El servidor no retorno codigo 200,484,227,30,30,https://fakestoreapi.com/auth/login,314,0,0
1775837823110,317,Login - POST /auth/login,526,<none>,Usuarios - Login 1-18,text,false,El servidor no retorno codigo 200,484,226,30,30,https://fakestoreapi.com/auth/login,317,0,0
1775837823152,316,Login - POST /auth/login,526,<none>,Usuarios - Login 1-3,text,false,El servidor no retorno codigo 200,484,225,30,30,https://fakestoreapi.com/auth/login,316,0,0
1775837823212,317,Login - POST /auth/login,526,<none>,Usuarios - Login 1-28,text,false,El servidor no retorno codigo 200,484,231,30,30,https://fakestoreapi.com/auth/login,317,0,0
1775837823352,218,Login - POST /auth/login,526,<none>,Usuarios - Login 1-6,text,false,El servidor no retorno codigo 200,484,231,30,30,https://fakestoreapi.com/auth/login,218,0,0
1775837823362,213,Login - POST /auth/login,526,<none>,Usuarios - Login 1-13,text,false,El servidor no retorno codigo 200,484,226,30,30,https://fakestoreapi.com/auth/login,213,0,0
1775837823260,316,Login - POST /auth/login,526,<none>,Usuarios - Login 1-19,text,false,El servidor no retorno codigo 200,484,226,30,30,https://fakestoreapi.com/auth/login,316,0,0
1775837823261,315,Login - POST /auth/login,526,<none>,Usuarios - Login 1-22,text,false,El servidor no retorno codigo 200,484,225,30,30,https://fakestoreapi.com/auth/login,315,0,0
1775837823315,317,Login - POST /auth/login,526,<none>,Usuarios - Login 1-21,text,false,El servidor no retorno codigo 200,484,227,30,30,https://fakestoreapi.com/auth/login,317,0,0
1775837823312,318,Login - POST /auth/login,526,<none>,Usuarios - Login 1-20,text,false,El servidor no retorno codigo 200,484,225,30,30,https://fakestoreapi.com/auth/login,318,0,0
1775837823358,320,Login - POST /auth/login,526,<none>,Usuarios - Login 1-5,text,false,El servidor no retorno codigo 200,484,227,30,30,https://fakestoreapi.com/auth/login,320,0,0
1775837823361,317,Login - POST /auth/login,526,<none>,Usuarios - Login 1-15,text,false,El servidor no retorno codigo 200,484,225,30,30,https://fakestoreapi.com/auth/login,317,0,0
1775837823359,321,Login - POST /auth/login,526,<none>,Usuarios - Login 1-1,text,false,El servidor no retorno codigo 200,484,225,30,30,https://fakestoreapi.com/auth/login,321,0,0
1775837823369,317,Login - POST /auth/login,526,<none>,Usuarios - Login 1-4,text,false,El servidor no retorno codigo 200,484,231,30,30,https://fakestoreapi.com/auth/login,317,0,0
1775837823389,315,Login - POST /auth/login,526,<none>,Usuarios - Login 1-2,text,false,El servidor no retorno codigo 200,484,225,30,30,https://fakestoreapi.com/auth/login,315,0,0
1775837823612,318,Login - POST /auth/login,526,<none>,Usuarios - Login 1-27,text,false,El servidor no retorno codigo 200,484,226,30,30,https://fakestoreapi.com/auth/login,318,0,0
1775837823661,318,Login - POST /auth/login,526,<none>,Usuarios - Login 1-8,text,false,El servidor no retorno codigo 200,484,227,30,30,https://fakestoreapi.com/auth/login,318,0,0
1775837823751,315,Login - POST /auth/login,526,<none>,Usuarios - Login 1-7,text,false,El servidor no retorno codigo 200,484,225,30,30,https://fakestoreapi.com/auth/login,315,0,0
1775837823762,317,Login - POST /auth/login,526,<none>,Usuarios - Login 1-16,text,false,El servidor no retorno codigo 200,484,231,30,30,https://fakestoreapi.com/auth/login,317,0,0
1775837823763,324,Login - POST /auth/login,526,<none>,Usuarios - Login 1-12,text,false,El servidor no retorno codigo 200,484,225,30,30,https://fakestoreapi.com/auth/login,324,0,0
1775837823862,315,Login - POST /auth/login,526,<none>,Usuarios - Login 1-30,text,false,El servidor no retorno codigo 200,484,226,30,30,https://fakestoreapi.com/auth/login,315,0,0
1775837823911,324,Login - POST /auth/login,526,<none>,Usuarios - Login 1-26,text,false,El servidor no retorno codigo 200,484,225,30,30,https://fakestoreapi.com/auth/login,324,0,0
1775837823909,326,Login - POST /auth/login,526,<none>,Usuarios - Login 1-9,text,false,El servidor no retorno codigo 200,484,227,30,30,https://fakestoreapi.com/auth/login,326,0,0
1775837824213,321,Login - POST /auth/login,526,<none>,Usuarios - Login 1-25,text,false,El servidor no retorno codigo 200,484,231,30,30,https://fakestoreapi.com/auth/login,321,0,0
1775837824310,315,Login - POST /auth/login,526,<none>,Usuarios - Login 1-29,text,false,El servidor no retorno codigo 200,484,225,30,30,https://fakestoreapi.com/auth/login,315,0,0
1775837824463,317,Login - POST /auth/login,526,<none>,Usuarios - Login 1-10,text,false,El servidor no retorno codigo 200,484,225,30,30,https://fakestoreapi.com/auth/login,317,0,0
1775837824463,318,Login - POST /auth/login,526,<none>,Usuarios - Login 1-17,text,false,El servidor no retorno codigo 200,484,227,30,30,https://fakestoreapi.com/auth/login,318,0,0
1775837824463,318,Login - POST /auth/login,526,<none>,Usuarios - Login 1-11,text,false,El servidor no retorno codigo 200,484,231,30,30,https://fakestoreapi.com/auth/login,318,0,0
1775837824462,319,Login - POST /auth/login,526,<none>,Usuarios - Login 1-14,text,false,El servidor no retorno codigo 200,484,226,30,30,https://fakestoreapi.com/auth/login,319,0,0
1775837824463,326,Login - POST /auth/login,526,<none>,Usuarios - Login 1-24,text,false,El servidor no retorno codigo 200,484,225,30,30,https://fakestoreapi.com/auth/login,326,0,0
1775837824611,213,Login - POST /auth/login,526,<none>,Usuarios - Login 1-18,text,false,El servidor no retorno codigo 200,484,227,30,30,https://fakestoreapi.com/auth/login,213,0,0
1775837824654,385,Login - POST /auth/login,526,<none>,Usuarios - Login 1-3,text,false,El servidor no retorno codigo 200,484,225,30,30,https://fakestoreapi.com/auth/login,385,0,0
1775837824711,328,Login - POST /auth/login,526,<none>,Usuarios - Login 1-28,text,false,El servidor no retorno codigo 200,484,231,30,30,https://fakestoreapi.com/auth/login,328,0,0
1775837824614,425,Login - POST /auth/login,526,<none>,Usuarios - Login 1-23,text,false,El servidor no retorno codigo 200,484,226,30,30,https://fakestoreapi.com/auth/login,425,0,0
1775837824762,316,Login - POST /auth/login,526,<none>,Usuarios - Login 1-19,text,false,El servidor no retorno codigo 200,484,227,30,30,https://fakestoreapi.com/auth/login,316,0,0
1775837824763,317,Login - POST /auth/login,526,<none>,Usuarios - Login 1-22,text,false,El servidor no retorno codigo 200,484,225,30,30,https://fakestoreapi.com/auth/login,317,0,0
1775837824813,322,Login - POST /auth/login,526,<none>,Usuarios - Login 1-21,text,false,El servidor no retorno codigo 200,484,225,30,30,https://fakestoreapi.com/auth/login,322,0,0
1775837824811,324,Login - POST /auth/login,526,<none>,Usuarios - Login 1-20,text,false,El servidor no retorno codigo 200,484,231,30,30,https://fakestoreapi.com/auth/login,324,0,0
1775837824853,319,Login - POST /auth/login,526,<none>,Usuarios - Login 1-6,text,false,El servidor no retorno codigo 200,484,225,30,30,https://fakestoreapi.com/auth/login,319,0,0
1775837824862,315,Login - POST /auth/login,526,<none>,Usuarios - Login 1-13,text,false,El servidor no retorno codigo 200,484,226,30,30,https://fakestoreapi.com/auth/login,315,0,0
1775837824858,319,Login - POST /auth/login,526,<none>,Usuarios - Login 1-1,text,false,El servidor no retorno codigo 200,484,225,30,30,https://fakestoreapi.com/auth/login,319,0,0
1775837824858,321,Login - POST /auth/login,526,<none>,Usuarios - Login 1-5,text,false,El servidor no retorno codigo 200,484,227,30,30,https://fakestoreapi.com/auth/login,321,0,0
1775837824862,319,Login - POST /auth/login,526,<none>,Usuarios - Login 1-15,text,false,El servidor no retorno codigo 200,484,226,30,30,https://fakestoreapi.com/auth/login,319,0,0
1775837824868,317,Login - POST /auth/login,526,<none>,Usuarios - Login 1-4,text,false,El servidor no retorno codigo 200,484,231,30,30,https://fakestoreapi.com/auth/login,317,0,0
1775837824889,339,Login - POST /auth/login,526,<none>,Usuarios - Login 1-2,text,false,El servidor no retorno codigo 200,484,225,30,30,https://fakestoreapi.com/auth/login,339,0,0
1775837825113,359,Login - POST /auth/login,526,<none>,Usuarios - Login 1-27,text,false,El servidor no retorno codigo 200,484,226,30,30,https://fakestoreapi.com/auth/login,359,0,0
1775837825161,322,Login - POST /auth/login,526,<none>,Usuarios - Login 1-8,text,false,El servidor no retorno codigo 200,484,227,30,30,https://fakestoreapi.com/auth/login,322,0,0
1775837825253,341,Login - POST /auth/login,526,<none>,Usuarios - Login 1-7,text,false,El servidor no retorno codigo 200,484,225,30,30,https://fakestoreapi.com/auth/login,341,0,0
1775837825263,331,Login - POST /auth/login,526,<none>,Usuarios - Login 1-16,text,false,El servidor no retorno codigo 200,484,231,30,30,https://fakestoreapi.com/auth/login,331,0,0
1775837825262,332,Login - POST /auth/login,526,<none>,Usuarios - Login 1-12,text,false,El servidor no retorno codigo 200,484,225,30,30,https://fakestoreapi.com/auth/login,332,0,0
1775837825362,356,Login - POST /auth/login,526,<none>,Usuarios - Login 1-30,text,false,El servidor no retorno codigo 200,484,226,30,30,https://fakestoreapi.com/auth/login,356,0,0
1775837825410,432,Login - POST /auth/login,526,<none>,Usuarios - Login 1-9,text,false,El servidor no retorno codigo 200,484,225,30,30,https://fakestoreapi.com/auth/login,432,0,0
1775837825411,431,Login - POST /auth/login,526,<none>,Usuarios - Login 1-26,text,false,El servidor no retorno codigo 200,484,227,30,30,https://fakestoreapi.com/auth/login,431,0,0
1775837825713,378,Login - POST /auth/login,526,<none>,Usuarios - Login 1-25,text,false,El servidor no retorno codigo 200,484,231,30,30,https://fakestoreapi.com/auth/login,378,0,0
1775837825811,355,Login - POST /auth/login,526,<none>,Usuarios - Login 1-29,text,false,El servidor no retorno codigo 200,484,225,30,30,https://fakestoreapi.com/auth/login,355,0,0
1775837825961,326,Login - POST /auth/login,526,<none>,Usuarios - Login 1-14,text,false,El servidor no retorno codigo 200,484,231,30,30,https://fakestoreapi.com/auth/login,326,0,0
1775837825962,328,Login - POST /auth/login,526,<none>,Usuarios - Login 1-11,text,false,El servidor no retorno codigo 200,484,225,30,30,https://fakestoreapi.com/auth/login,328,0,0
1775837825964,326,Login - POST /auth/login,526,<none>,Usuarios - Login 1-17,text,false,El servidor no retorno codigo 200,484,227,30,30,https://fakestoreapi.com/auth/login,326,0,0
1775837825964,327,Login - POST /auth/login,526,<none>,Usuarios - Login 1-10,text,false,El servidor no retorno codigo 200,484,226,30,30,https://fakestoreapi.com/auth/login,327,0,0
1775837825962,335,Login - POST /auth/login,526,<none>,Usuarios - Login 1-24,text,false,El servidor no retorno codigo 200,484,225,30,30,https://fakestoreapi.com/auth/login,335,0,0
1775837826112,317,Login - POST /auth/login,526,<none>,Usuarios - Login 1-18,text,false,El servidor no retorno codigo 200,484,226,30,30,https://fakestoreapi.com/auth/login,317,0,0
1775837826113,316,Login - POST /auth/login,526,<none>,Usuarios - Login 1-23,text,false,El servidor no retorno codigo 200,484,231,30,30,https://fakestoreapi.com/auth/login,316,0,0
1775837826153,328,Login - POST /auth/login,526,<none>,Usuarios - Login 1-3,text,false,El servidor no retorno codigo 200,484,225,30,30,https://fakestoreapi.com/auth/login,328,0,0
1775837826212,320,Login - POST /auth/login,526,<none>,Usuarios - Login 1-28,text,false,El servidor no retorno codigo 200,484,227,30,30,https://fakestoreapi.com/auth/login,320,0,0
1775837826262,316,Login - POST /auth/login,526,<none>,Usuarios - Login 1-22,text,false,El servidor no retorno codigo 200,484,226,30,30,https://fakestoreapi.com/auth/login,316,0,0
1775837826261,317,Login - POST /auth/login,526,<none>,Usuarios - Login 1-19,text,false,El servidor no retorno codigo 200,484,225,30,30,https://fakestoreapi.com/auth/login,317,0,0
1775837826312,319,Login - POST /auth/login,526,<none>,Usuarios - Login 1-20,text,false,El servidor no retorno codigo 200,484,227,30,30,https://fakestoreapi.com/auth/login,319,0,0
1775837826314,318,Login - POST /auth/login,526,<none>,Usuarios - Login 1-21,text,false,El servidor no retorno codigo 200,484,225,30,30,https://fakestoreapi.com/auth/login,318,0,0
1775837826352,324,Login - POST /auth/login,526,<none>,Usuarios - Login 1-6,text,false,El servidor no retorno codigo 200,484,231,30,30,https://fakestoreapi.com/auth/login,324,0,0
1775837826361,317,Login - POST /auth/login,526,<none>,Usuarios - Login 1-13,text,false,El servidor no retorno codigo 200,484,225,30,30,https://fakestoreapi.com/auth/login,317,0,0
1775837826359,319,Login - POST /auth/login,526,<none>,Usuarios - Login 1-1,text,false,El servidor no retorno codigo 200,484,226,30,30,https://fakestoreapi.com/auth/login,319,0,0
1775837826359,319,Login - POST /auth/login,526,<none>,Usuarios - Login 1-5,text,false,El servidor no retorno codigo 200,484,227,30,30,https://fakestoreapi.com/auth/login,319,0,0
1775837826368,316,Login - POST /auth/login,526,<none>,Usuarios - Login 1-4,text,false,El servidor no retorno codigo 200,484,231,30,30,https://fakestoreapi.com/auth/login,316,0,0
1775837826361,324,Login - POST /auth/login,526,<none>,Usuarios - Login 1-15,text,false,El servidor no retorno codigo 200,484,225,30,30,https://fakestoreapi.com/auth/login,324,0,0
1775837826389,320,Login - POST /auth/login,526,<none>,Usuarios - Login 1-2,text,false,El servidor no retorno codigo 200,484,225,30,30,https://fakestoreapi.com/auth/login,320,0,0
1775837826611,318,Login - POST /auth/login,526,<none>,Usuarios - Login 1-27,text,false,El servidor no retorno codigo 200,484,226,30,30,https://fakestoreapi.com/auth/login,318,0,0
1775837826661,324,Login - POST /auth/login,526,<none>,Usuarios - Login 1-8,text,false,El servidor no retorno codigo 200,484,227,30,30,https://fakestoreapi.com/auth/login,324,0,0
1775837826753,318,Login - POST /auth/login,526,<none>,Usuarios - Login 1-7,text,false,El servidor no retorno codigo 200,484,225,30,30,https://fakestoreapi.com/auth/login,318,0,0
1775837826761,320,Login - POST /auth/login,526,<none>,Usuarios - Login 1-16,text,false,El servidor no retorno codigo 200,484,225,30,30,https://fakestoreapi.com/auth/login,320,0,0
1775837826762,328,Login - POST /auth/login,526,<none>,Usuarios - Login 1-12,text,false,El servidor no retorno codigo 200,484,231,30,30,https://fakestoreapi.com/auth/login,328,0,0
1775837826862,321,Login - POST /auth/login,526,<none>,Usuarios - Login 1-30,text,false,El servidor no retorno codigo 200,484,226,30,30,https://fakestoreapi.com/auth/login,321,0,0
1775837826910,322,Login - POST /auth/login,526,<none>,Usuarios - Login 1-9,text,false,El servidor no retorno codigo 200,484,227,30,30,https://fakestoreapi.com/auth/login,322,0,0
1775837826912,320,Login - POST /auth/login,526,<none>,Usuarios - Login 1-26,text,false,El servidor no retorno codigo 200,484,225,30,30,https://fakestoreapi.com/auth/login,320,0,0
1775837827211,336,Login - POST /auth/login,526,<none>,Usuarios - Login 1-25,text,false,El servidor no retorno codigo 200,484,231,30,30,https://fakestoreapi.com/auth/login,336,0,0
1775837827310,318,Login - POST /auth/login,526,<none>,Usuarios - Login 1-29,text,false,El servidor no retorno codigo 200,484,225,30,30,https://fakestoreapi.com/auth/login,318,0,0
1775837827464,317,Login - POST /auth/login,526,<none>,Usuarios - Login 1-17,text,false,El servidor no retorno codigo 200,484,225,30,30,https://fakestoreapi.com/auth/login,317,0,0
1775837827462,319,Login - POST /auth/login,526,<none>,Usuarios - Login 1-11,text,false,El servidor no retorno codigo 200,484,227,30,30,https://fakestoreapi.com/auth/login,319,0,0
1775837827464,318,Login - POST /auth/login,526,<none>,Usuarios - Login 1-10,text,false,El servidor no retorno codigo 200,484,231,30,30,https://fakestoreapi.com/auth/login,318,0,0
1775837827462,322,Login - POST /auth/login,526,<none>,Usuarios - Login 1-24,text,false,El servidor no retorno codigo 200,484,225,30,30,https://fakestoreapi.com/auth/login,322,0,0
1775837827461,328,Login - POST /auth/login,526,<none>,Usuarios - Login 1-14,text,false,El servidor no retorno codigo 200,484,226,30,30,https://fakestoreapi.com/auth/login,328,0,0
1775837827611,318,Login - POST /auth/login,526,<none>,Usuarios - Login 1-18,text,false,El servidor no retorno codigo 200,484,227,30,30,https://fakestoreapi.com/auth/login,318,0,0
1775837827613,318,Login - POST /auth/login,526,<none>,Usuarios - Login 1-23,text,false,El servidor no retorno codigo 200,484,226,30,30,https://fakestoreapi.com/auth/login,318,0,0
1775837827654,315,Login - POST /auth/login,526,<none>,Usuarios - Login 1-3,text,false,El servidor no retorno codigo 200,484,225,30,30,https://fakestoreapi.com/auth/login,315,0,0
1775837827712,321,Login - POST /auth/login,526,<none>,Usuarios - Login 1-28,text,false,El servidor no retorno codigo 200,484,231,30,30,https://fakestoreapi.com/auth/login,321,0,0
1775837827761,317,Login - POST /auth/login,526,<none>,Usuarios - Login 1-19,text,false,El servidor no retorno codigo 200,484,226,30,30,https://fakestoreapi.com/auth/login,317,0,0
1775837827762,316,Login - POST /auth/login,526,<none>,Usuarios - Login 1-22,text,false,El servidor no retorno codigo 200,484,225,30,30,https://fakestoreapi.com/auth/login,316,0,0
1775837827813,318,Login - POST /auth/login,526,<none>,Usuarios - Login 1-21,text,false,El servidor no retorno codigo 200,484,225,30,30,https://fakestoreapi.com/auth/login,318,0,0
1775837827812,320,Login - POST /auth/login,526,<none>,Usuarios - Login 1-20,text,false,El servidor no retorno codigo 200,484,227,30,30,https://fakestoreapi.com/auth/login,320,0,0
1775837827853,320,Login - POST /auth/login,526,<none>,Usuarios - Login 1-6,text,false,El servidor no retorno codigo 200,484,231,30,30,https://fakestoreapi.com/auth/login,320,0,0
1775837827858,318,Login - POST /auth/login,526,<none>,Usuarios - Login 1-1,text,false,El servidor no retorno codigo 200,484,226,30,30,https://fakestoreapi.com/auth/login,318,0,0
1775837827861,315,Login - POST /auth/login,526,<none>,Usuarios - Login 1-13,text,false,El servidor no retorno codigo 200,484,225,30,30,https://fakestoreapi.com/auth/login,315,0,0
1775837827858,321,Login - POST /auth/login,526,<none>,Usuarios - Login 1-5,text,false,El servidor no retorno codigo 200,484,227,30,30,https://fakestoreapi.com/auth/login,321,0,0
1775837827862,320,Login - POST /auth/login,526,<none>,Usuarios - Login 1-15,text,false,El servidor no retorno codigo 200,484,231,30,30,https://fakestoreapi.com/auth/login,320,0,0
1775837827868,316,Login - POST /auth/login,526,<none>,Usuarios - Login 1-4,text,false,El servidor no retorno codigo 200,484,225,30,30,https://fakestoreapi.com/auth/login,316,0,0
1775837827891,316,Login - POST /auth/login,526,<none>,Usuarios - Login 1-2,text,false,El servidor no retorno codigo 200,484,225,30,30,https://fakestoreapi.com/auth/login,316,0,0
1775837828114,320,Login - POST /auth/login,526,<none>,Usuarios - Login 1-27,text,false,El servidor no retorno codigo 200,484,226,30,30,https://fakestoreapi.com/auth/login,320,0,0
1775837828162,319,Login - POST /auth/login,526,<none>,Usuarios - Login 1-8,text,false,El servidor no retorno codigo 200,484,227,30,30,https://fakestoreapi.com/auth/login,319,0,0
1775837828254,316,Login - POST /auth/login,526,<none>,Usuarios - Login 1-7,text,false,El servidor no retorno codigo 200,484,225,30,30,https://fakestoreapi.com/auth/login,316,0,0
1775837828263,318,Login - POST /auth/login,526,<none>,Usuarios - Login 1-16,text,false,El servidor no retorno codigo 200,484,231,30,30,https://fakestoreapi.com/auth/login,318,0,0
1775837828264,323,Login - POST /auth/login,526,<none>,Usuarios - Login 1-12,text,false,El servidor no retorno codigo 200,484,225,30,30,https://fakestoreapi.com/auth/login,323,0,0
1775837828363,319,Login - POST /auth/login,526,<none>,Usuarios - Login 1-30,text,false,El servidor no retorno codigo 200,484,226,30,30,https://fakestoreapi.com/auth/login,319,0,0
1775837828413,315,Login - POST /auth/login,526,<none>,Usuarios - Login 1-26,text,false,El servidor no retorno codigo 200,484,225,30,30,https://fakestoreapi.com/auth/login,315,0,0
1775837828410,320,Login - POST /auth/login,526,<none>,Usuarios - Login 1-9,text,false,El servidor no retorno codigo 200,484,227,30,30,https://fakestoreapi.com/auth/login,320,0,0
1775837828713,318,Login - POST /auth/login,526,<none>,Usuarios - Login 1-25,text,false,El servidor no retorno codigo 200,484,231,30,30,https://fakestoreapi.com/auth/login,318,0,0
1775837828813,316,Login - POST /auth/login,526,<none>,Usuarios - Login 1-29,text,false,El servidor no retorno codigo 200,484,225,30,30,https://fakestoreapi.com/auth/login,316,0,0
1775837828964,318,Login - POST /auth/login,526,<none>,Usuarios - Login 1-10,text,false,El servidor no retorno codigo 200,484,225,30,30,https://fakestoreapi.com/auth/login,318,0,0
1775837828964,321,Login - POST /auth/login,526,<none>,Usuarios - Login 1-17,text,false,El servidor no retorno codigo 200,484,226,30,30,https://fakestoreapi.com/auth/login,321,0,0
1775837828963,322,Login - POST /auth/login,526,<none>,Usuarios - Login 1-14,text,false,El servidor no retorno codigo 200,484,225,30,30,https://fakestoreapi.com/auth/login,322,0,0
1775837828964,326,Login - POST /auth/login,526,<none>,Usuarios - Login 1-11,text,false,El servidor no retorno codigo 200,484,227,30,30,https://fakestoreapi.com/auth/login,326,0,0
1775837828964,326,Login - POST /auth/login,526,<none>,Usuarios - Login 1-24,text,false,El servidor no retorno codigo 200,484,231,30,30,https://fakestoreapi.com/auth/login,326,0,0
1775837829113,318,Login - POST /auth/login,526,<none>,Usuarios - Login 1-18,text,false,El servidor no retorno codigo 200,484,226,30,30,https://fakestoreapi.com/auth/login,318,0,0
1775837829114,317,Login - POST /auth/login,526,<none>,Usuarios - Login 1-23,text,false,El servidor no retorno codigo 200,484,227,30,30,https://fakestoreapi.com/auth/login,317,0,0
1775837829153,315,Login - POST /auth/login,526,<none>,Usuarios - Login 1-3,text,false,El servidor no retorno codigo 200,484,225,30,30,https://fakestoreapi.com/auth/login,315,0,0
1775837829213,322,Login - POST /auth/login,526,<none>,Usuarios - Login 1-28,text,false,El servidor no retorno codigo 200,484,231,30,30,https://fakestoreapi.com/auth/login,322,0,0
1775837829263,315,Login - POST /auth/login,526,<none>,Usuarios - Login 1-22,text,false,El servidor no retorno codigo 200,484,226,30,30,https://fakestoreapi.com/auth/login,315,0,0
1775837829262,319,Login - POST /auth/login,526,<none>,Usuarios - Login 1-19,text,false,El servidor no retorno codigo 200,484,225,30,30,https://fakestoreapi.com/auth/login,319,0,0
1775837829317,317,Login - POST /auth/login,526,<none>,Usuarios - Login 1-21,text,false,El servidor no retorno codigo 200,484,227,30,30,https://fakestoreapi.com/auth/login,317,0,0
1775837829313,320,Login - POST /auth/login,526,<none>,Usuarios - Login 1-20,text,false,El servidor no retorno codigo 200,484,225,30,30,https://fakestoreapi.com/auth/login,320,0,0
1775837829353,323,Login - POST /auth/login,526,<none>,Usuarios - Login 1-6,text,false,El servidor no retorno codigo 200,484,231,30,30,https://fakestoreapi.com/auth/login,323,0,0
1775837829360,316,Login - POST /auth/login,526,<none>,Usuarios - Login 1-1,text,false,El servidor no retorno codigo 200,484,226,30,30,https://fakestoreapi.com/auth/login,316,0,0
1775837829363,315,Login - POST /auth/login,526,<none>,Usuarios - Login 1-15,text,false,El servidor no retorno codigo 200,484,225,30,30,https://fakestoreapi.com/auth/login,315,0,0
1775837829359,319,Login - POST /auth/login,526,<none>,Usuarios - Login 1-5,text,false,El servidor no retorno codigo 200,484,227,30,30,https://fakestoreapi.com/auth/login,319,0,0
1775837829368,315,Login - POST /auth/login,526,<none>,Usuarios - Login 1-4,text,false,El servidor no retorno codigo 200,484,231,30,30,https://fakestoreapi.com/auth/login,315,0,0
1775837829363,321,Login - POST /auth/login,526,<none>,Usuarios - Login 1-13,text,false,El servidor no retorno codigo 200,484,225,30,30,https://fakestoreapi.com/auth/login,321,0,0
1775837829390,318,Login - POST /auth/login,526,<none>,Usuarios - Login 1-2,text,false,El servidor no retorno codigo 200,484,225,30,30,https://fakestoreapi.com/auth/login,318,0,0
1775837829613,319,Login - POST /auth/login,526,<none>,Usuarios - Login 1-27,text,false,El servidor no retorno codigo 200,484,226,30,30,https://fakestoreapi.com/auth/login,319,0,0
1775837829661,320,Login - POST /auth/login,526,<none>,Usuarios - Login 1-8,text,false,El servidor no retorno codigo 200,484,227,30,30,https://fakestoreapi.com/auth/login,320,0,0
1775837829753,316,Login - POST /auth/login,526,<none>,Usuarios - Login 1-7,text,false,El servidor no retorno codigo 200,484,225,30,30,https://fakestoreapi.com/auth/login,316,0,0
1775837829764,320,Login - POST /auth/login,526,<none>,Usuarios - Login 1-16,text,false,El servidor no retorno codigo 200,484,231,30,30,https://fakestoreapi.com/auth/login,320,0,0
1775837829764,324,Login - POST /auth/login,526,<none>,Usuarios - Login 1-12,text,false,El servidor no retorno codigo 200,484,225,30,30,https://fakestoreapi.com/auth/login,324,0,0
1775837829863,316,Login - POST /auth/login,526,<none>,Usuarios - Login 1-30,text,false,El servidor no retorno codigo 200,484,226,30,30,https://fakestoreapi.com/auth/login,316,0,0
1775837829912,316,Login - POST /auth/login,526,<none>,Usuarios - Login 1-26,text,false,El servidor no retorno codigo 200,484,227,30,30,https://fakestoreapi.com/auth/login,316,0,0
1775837829910,322,Login - POST /auth/login,526,<none>,Usuarios - Login 1-9,text,false,El servidor no retorno codigo 200,484,225,30,30,https://fakestoreapi.com/auth/login,322,0,0
1775837830214,322,Login - POST /auth/login,526,<none>,Usuarios - Login 1-25,text,false,El servidor no retorno codigo 200,484,231,30,30,https://fakestoreapi.com/auth/login,322,0,0
1775837830312,315,Login - POST /auth/login,526,<none>,Usuarios - Login 1-29,text,false,El servidor no retorno codigo 200,484,225,30,30,https://fakestoreapi.com/auth/login,315,0,0
1775837830463,316,Login - POST /auth/login,526,<none>,Usuarios - Login 1-14,text,false,El servidor no retorno codigo 200,484,225,30,30,https://fakestoreapi.com/auth/login,316,0,0
1775837830464,317,Login - POST /auth/login,526,<none>,Usuarios - Login 1-10,text,false,El servidor no retorno codigo 200,484,226,30,30,https://fakestoreapi.com/auth/login,317,0,0
1775837830464,319,Login - POST /auth/login,526,<none>,Usuarios - Login 1-11,text,false,El servidor no retorno codigo 200,484,231,30,30,https://fakestoreapi.com/auth/login,319,0,0
1775837830464,320,Login - POST /auth/login,526,<none>,Usuarios - Login 1-17,text,false,El servidor no retorno codigo 200,484,227,30,30,https://fakestoreapi.com/auth/login,320,0,0
1775837830464,326,Login - POST /auth/login,526,<none>,Usuarios - Login 1-24,text,false,El servidor no retorno codigo 200,484,225,30,30,https://fakestoreapi.com/auth/login,326,0,0
1775837830613,314,Login - POST /auth/login,526,<none>,Usuarios - Login 1-23,text,false,El servidor no retorno codigo 200,484,227,30,30,https://fakestoreapi.com/auth/login,314,0,0
1775837830611,318,Login - POST /auth/login,526,<none>,Usuarios - Login 1-18,text,false,El servidor no retorno codigo 200,484,226,30,30,https://fakestoreapi.com/auth/login,318,0,0
1775837830656,315,Login - POST /auth/login,526,<none>,Usuarios - Login 1-3,text,false,El servidor no retorno codigo 200,484,225,30,30,https://fakestoreapi.com/auth/login,315,0,0
1775837830713,321,Login - POST /auth/login,526,<none>,Usuarios - Login 1-28,text,false,El servidor no retorno codigo 200,484,231,30,30,https://fakestoreapi.com/auth/login,321,0,0
1775837830762,321,Login - POST /auth/login,526,<none>,Usuarios - Login 1-22,text,false,El servidor no retorno codigo 200,484,225,30,30,https://fakestoreapi.com/auth/login,321,0,0
1775837830761,322,Login - POST /auth/login,526,<none>,Usuarios - Login 1-19,text,false,El servidor no retorno codigo 200,484,226,30,30,https://fakestoreapi.com/auth/login,322,0,0
1775837830814,315,Login - POST /auth/login,526,<none>,Usuarios - Login 1-21,text,false,El servidor no retorno codigo 200,484,225,30,30,https://fakestoreapi.com/auth/login,315,0,0
1775837830813,320,Login - POST /auth/login,526,<none>,Usuarios - Login 1-20,text,false,El servidor no retorno codigo 200,484,227,30,30,https://fakestoreapi.com/auth/login,320,0,0
1775837830853,324,Login - POST /auth/login,526,<none>,Usuarios - Login 1-6,text,false,El servidor no retorno codigo 200,484,231,30,30,https://fakestoreapi.com/auth/login,324,0,0
1775837830863,314,Login - POST /auth/login,526,<none>,Usuarios - Login 1-13,text,false,El servidor no retorno codigo 200,484,231,30,30,https://fakestoreapi.com/auth/login,314,0,0
1775837830861,318,Login - POST /auth/login,526,<none>,Usuarios - Login 1-5,text,false,El servidor no retorno codigo 200,484,227,30,30,https://fakestoreapi.com/auth/login,318,0,0
1775837830863,316,Login - POST /auth/login,526,<none>,Usuarios - Login 1-15,text,false,El servidor no retorno codigo 200,484,226,30,30,https://fakestoreapi.com/auth/login,316,0,0
1775837830869,316,Login - POST /auth/login,526,<none>,Usuarios - Login 1-4,text,false,El servidor no retorno codigo 200,484,225,30,30,https://fakestoreapi.com/auth/login,316,0,0
1775837830861,325,Login - POST /auth/login,526,<none>,Usuarios - Login 1-1,text,false,El servidor no retorno codigo 200,484,225,30,30,https://fakestoreapi.com/auth/login,325,0,0
1775837830890,317,Login - POST /auth/login,526,<none>,Usuarios - Login 1-2,text,false,El servidor no retorno codigo 200,484,225,30,30,https://fakestoreapi.com/auth/login,317,0,0
1775837831113,316,Login - POST /auth/login,526,<none>,Usuarios - Login 1-27,text,false,El servidor no retorno codigo 200,484,226,30,30,https://fakestoreapi.com/auth/login,316,0,0
1775837831163,323,Login - POST /auth/login,526,<none>,Usuarios - Login 1-8,text,false,El servidor no retorno codigo 200,484,227,30,30,https://fakestoreapi.com/auth/login,323,0,0
1775837831253,318,Login - POST /auth/login,526,<none>,Usuarios - Login 1-7,text,false,El servidor no retorno codigo 200,484,225,30,30,https://fakestoreapi.com/auth/login,318,0,0
1775837831263,322,Login - POST /auth/login,526,<none>,Usuarios - Login 1-16,text,false,El servidor no retorno codigo 200,484,231,30,30,https://fakestoreapi.com/auth/login,322,0,0
1775837831265,322,Login - POST /auth/login,526,<none>,Usuarios - Login 1-12,text,false,El servidor no retorno codigo 200,484,225,30,30,https://fakestoreapi.com/auth/login,322,0,0
1775837831363,317,Login - POST /auth/login,526,<none>,Usuarios - Login 1-30,text,false,El servidor no retorno codigo 200,484,226,30,30,https://fakestoreapi.com/auth/login,317,0,0
1775837831413,315,Login - POST /auth/login,526,<none>,Usuarios - Login 1-26,text,false,El servidor no retorno codigo 200,484,227,30,30,https://fakestoreapi.com/auth/login,315,0,0
1775837831410,321,Login - POST /auth/login,526,<none>,Usuarios - Login 1-9,text,false,El servidor no retorno codigo 200,484,225,30,30,https://fakestoreapi.com/auth/login,321,0,0
1775837831714,318,Login - POST /auth/login,526,<none>,Usuarios - Login 1-25,text,false,El servidor no retorno codigo 200,484,231,30,30,https://fakestoreapi.com/auth/login,318,0,0
1775837831811,317,Login - POST /auth/login,526,<none>,Usuarios - Login 1-29,text,false,El servidor no retorno codigo 200,484,225,30,30,https://fakestoreapi.com/auth/login,317,0,0
1775837831963,326,Login - POST /auth/login,526,<none>,Usuarios - Login 1-14,text,false,El servidor no retorno codigo 200,484,226,30,30,https://fakestoreapi.com/auth/login,326,0,0
1775837831964,325,Login - POST /auth/login,526,<none>,Usuarios - Login 1-17,text,false,El servidor no retorno codigo 200,484,231,30,30,https://fakestoreapi.com/auth/login,325,0,0
1775837831964,327,Login - POST /auth/login,526,<none>,Usuarios - Login 1-10,text,false,El servidor no retorno codigo 200,484,227,30,30,https://fakestoreapi.com/auth/login,327,0,0
1775837831964,330,Login - POST /auth/login,526,<none>,Usuarios - Login 1-24,text,false,El servidor no retorno codigo 200,484,225,30,30,https://fakestoreapi.com/auth/login,330,0,0
1775837831964,333,Login - POST /auth/login,526,<none>,Usuarios - Login 1-11,text,false,El servidor no retorno codigo 200,484,225,30,30,https://fakestoreapi.com/auth/login,333,0,0
1775837832112,318,Login - POST /auth/login,526,<none>,Usuarios - Login 1-18,text,false,El servidor no retorno codigo 200,484,227,30,30,https://fakestoreapi.com/auth/login,318,0,0
1775837832114,316,Login - POST /auth/login,526,<none>,Usuarios - Login 1-23,text,false,El servidor no retorno codigo 200,484,226,30,30,https://fakestoreapi.com/auth/login,316,0,0
1775837832153,318,Login - POST /auth/login,526,<none>,Usuarios - Login 1-3,text,false,El servidor no retorno codigo 200,484,225,30,30,https://fakestoreapi.com/auth/login,318,0,0
1775837832214,320,Login - POST /auth/login,526,<none>,Usuarios - Login 1-28,text,false,El servidor no retorno codigo 200,484,231,30,30,https://fakestoreapi.com/auth/login,320,0,0
1775837832262,315,Login - POST /auth/login,526,<none>,Usuarios - Login 1-22,text,false,El servidor no retorno codigo 200,484,225,30,30,https://fakestoreapi.com/auth/login,315,0,0
1775837832261,319,Login - POST /auth/login,526,<none>,Usuarios - Login 1-19,text,false,El servidor no retorno codigo 200,484,226,30,30,https://fakestoreapi.com/auth/login,319,0,0
1775837832316,355,Login - POST /auth/login,526,<none>,Usuarios - Login 1-21,text,false,El servidor no retorno codigo 200,484,227,30,30,https://fakestoreapi.com/auth/login,355,0,0
1775837832312,359,Login - POST /auth/login,526,<none>,Usuarios - Login 1-20,text,false,El servidor no retorno codigo 200,484,225,30,30,https://fakestoreapi.com/auth/login,359,0,0
1775837832363,319,Login - POST /auth/login,526,<none>,Usuarios - Login 1-15,text,false,El servidor no retorno codigo 200,484,227,30,30,https://fakestoreapi.com/auth/login,319,0,0
1775837832363,319,Login - POST /auth/login,526,<none>,Usuarios - Login 1-13,text,false,El servidor no retorno codigo 200,484,225,30,30,https://fakestoreapi.com/auth/login,319,0,0
1775837832355,327,Login - POST /auth/login,526,<none>,Usuarios - Login 1-6,text,false,El servidor no retorno codigo 200,484,231,30,30,https://fakestoreapi.com/auth/login,327,0,0
1775837832361,321,Login - POST /auth/login,526,<none>,Usuarios - Login 1-1,text,false,El servidor no retorno codigo 200,484,231,30,30,https://fakestoreapi.com/auth/login,321,0,0
1775837832369,317,Login - POST /auth/login,526,<none>,Usuarios - Login 1-4,text,false,El servidor no retorno codigo 200,484,225,30,30,https://fakestoreapi.com/auth/login,317,0,0
1775837832361,327,Login - POST /auth/login,526,<none>,Usuarios - Login 1-5,text,false,El servidor no retorno codigo 200,484,226,30,30,https://fakestoreapi.com/auth/login,327,0,0
1775837832391,331,Login - POST /auth/login,526,<none>,Usuarios - Login 1-2,text,false,El servidor no retorno codigo 200,484,225,30,30,https://fakestoreapi.com/auth/login,331,0,0
1775837832613,326,Login - POST /auth/login,526,<none>,Usuarios - Login 1-27,text,false,El servidor no retorno codigo 200,484,226,30,30,https://fakestoreapi.com/auth/login,326,0,0
1775837832764,234,Login - POST /auth/login,526,<none>,Usuarios - Login 1-12,text,false,El servidor no retorno codigo 200,484,225,30,30,https://fakestoreapi.com/auth/login,234,0,0
1775837832662,336,Login - POST /auth/login,526,<none>,Usuarios - Login 1-8,text,false,El servidor no retorno codigo 200,484,227,30,30,https://fakestoreapi.com/auth/login,336,0,0
1775837832762,371,Login - POST /auth/login,526,<none>,Usuarios - Login 1-16,text,false,El servidor no retorno codigo 200,484,231,30,30,https://fakestoreapi.com/auth/login,371,0,0
1775837832754,379,Login - POST /auth/login,526,<none>,Usuarios - Login 1-7,text,false,El servidor no retorno codigo 200,484,225,30,30,https://fakestoreapi.com/auth/login,379,0,0
1775837832863,327,Login - POST /auth/login,526,<none>,Usuarios - Login 1-30,text,false,El servidor no retorno codigo 200,484,226,30,30,https://fakestoreapi.com/auth/login,327,0,0
1775837832912,320,Login - POST /auth/login,526,<none>,Usuarios - Login 1-26,text,false,El servidor no retorno codigo 200,484,227,30,30,https://fakestoreapi.com/auth/login,320,0,0
1775837832910,330,Login - POST /auth/login,526,<none>,Usuarios - Login 1-9,text,false,El servidor no retorno codigo 200,484,225,30,30,https://fakestoreapi.com/auth/login,330,0,0
1775837833213,328,Login - POST /auth/login,526,<none>,Usuarios - Login 1-25,text,false,El servidor no retorno codigo 200,484,231,30,30,https://fakestoreapi.com/auth/login,328,0,0
1775837833312,328,Login - POST /auth/login,526,<none>,Usuarios - Login 1-29,text,false,El servidor no retorno codigo 200,484,225,30,30,https://fakestoreapi.com/auth/login,328,0,0
1775837833462,322,Login - POST /auth/login,526,<none>,Usuarios - Login 1-10,text,false,El servidor no retorno codigo 200,484,225,30,30,https://fakestoreapi.com/auth/login,322,0,0
1775837833462,324,Login - POST /auth/login,526,<none>,Usuarios - Login 1-17,text,false,El servidor no retorno codigo 200,484,227,30,30,https://fakestoreapi.com/auth/login,324,0,0
1775837833463,323,Login - POST /auth/login,526,<none>,Usuarios - Login 1-11,text,false,El servidor no retorno codigo 200,484,225,30,30,https://fakestoreapi.com/auth/login,323,0,0
1775837833461,326,Login - POST /auth/login,526,<none>,Usuarios - Login 1-14,text,false,El servidor no retorno codigo 200,484,226,30,30,https://fakestoreapi.com/auth/login,326,0,0
1775837833463,331,Login - POST /auth/login,526,<none>,Usuarios - Login 1-24,text,false,El servidor no retorno codigo 200,484,231,30,30,https://fakestoreapi.com/auth/login,331,0,0
1775837833612,327,Login - POST /auth/login,526,<none>,Usuarios - Login 1-23,text,false,El servidor no retorno codigo 200,484,227,30,30,https://fakestoreapi.com/auth/login,327,0,0
1775837833610,330,Login - POST /auth/login,526,<none>,Usuarios - Login 1-18,text,false,El servidor no retorno codigo 200,484,226,30,30,https://fakestoreapi.com/auth/login,330,0,0
1775837833652,340,Login - POST /auth/login,526,<none>,Usuarios - Login 1-3,text,false,El servidor no retorno codigo 200,484,225,30,30,https://fakestoreapi.com/auth/login,340,0,0
1775837833712,329,Login - POST /auth/login,526,<none>,Usuarios - Login 1-28,text,false,El servidor no retorno codigo 200,484,231,30,30,https://fakestoreapi.com/auth/login,328,0,0
1775837833763,317,Login - POST /auth/login,526,<none>,Usuarios - Login 1-22,text,false,El servidor no retorno codigo 200,484,225,30,30,https://fakestoreapi.com/auth/login,317,0,0
1775837833761,321,Login - POST /auth/login,526,<none>,Usuarios - Login 1-19,text,false,El servidor no retorno codigo 200,484,226,30,30,https://fakestoreapi.com/auth/login,321,0,0
1775837833814,324,Login - POST /auth/login,526,<none>,Usuarios - Login 1-21,text,false,El servidor no retorno codigo 200,484,227,30,30,https://fakestoreapi.com/auth/login,324,0,0
1775837833812,330,Login - POST /auth/login,526,<none>,Usuarios - Login 1-20,text,false,El servidor no retorno codigo 200,484,225,30,30,https://fakestoreapi.com/auth/login,330,0,0
1775837833853,324,Login - POST /auth/login,526,<none>,Usuarios - Login 1-6,text,false,El servidor no retorno codigo 200,484,226,30,30,https://fakestoreapi.com/auth/login,324,0,0
1775837833861,319,Login - POST /auth/login,526,<none>,Usuarios - Login 1-13,text,false,El servidor no retorno codigo 200,484,225,30,30,https://fakestoreapi.com/auth/login,319,0,0
1775837833861,321,Login - POST /auth/login,526,<none>,Usuarios - Login 1-15,text,false,El servidor no retorno codigo 200,484,231,30,30,https://fakestoreapi.com/auth/login,321,0,0
1775837833859,325,Login - POST /auth/login,526,<none>,Usuarios - Login 1-5,text,false,El servidor no retorno codigo 200,484,231,30,30,https://fakestoreapi.com/auth/login,325,0,0
1775837833859,327,Login - POST /auth/login,526,<none>,Usuarios - Login 1-1,text,false,El servidor no retorno codigo 200,484,227,30,30,https://fakestoreapi.com/auth/login,327,0,0
1775837833869,325,Login - POST /auth/login,526,<none>,Usuarios - Login 1-4,text,false,El servidor no retorno codigo 200,484,225,30,30,https://fakestoreapi.com/auth/login,325,0,0
1775837833890,319,Login - POST /auth/login,526,<none>,Usuarios - Login 1-2,text,false,El servidor no retorno codigo 200,484,225,30,30,https://fakestoreapi.com/auth/login,319,0,0
1775837834114,325,Login - POST /auth/login,526,<none>,Usuarios - Login 1-27,text,false,El servidor no retorno codigo 200,484,226,30,30,https://fakestoreapi.com/auth/login,325,0,0
1775837834161,335,Login - POST /auth/login,526,<none>,Usuarios - Login 1-8,text,false,El servidor no retorno codigo 200,484,225,30,30,https://fakestoreapi.com/auth/login,335,0,0
1775837834254,363,Login - POST /auth/login,526,<none>,Usuarios - Login 1-7,text,false,El servidor no retorno codigo 200,484,225,30,30,https://fakestoreapi.com/auth/login,363,0,0
1775837834263,354,Login - POST /auth/login,526,<none>,Usuarios - Login 1-12,text,false,El servidor no retorno codigo 200,484,227,30,30,https://fakestoreapi.com/auth/login,354,0,0
1775837834263,354,Login - POST /auth/login,526,<none>,Usuarios - Login 1-16,text,false,El servidor no retorno codigo 200,484,231,30,30,https://fakestoreapi.com/auth/login,354,0,0
1775837834362,338,Login - POST /auth/login,526,<none>,Usuarios - Login 1-30,text,false,El servidor no retorno codigo 200,484,226,30,30,https://fakestoreapi.com/auth/login,338,0,0
1775837834409,326,Login - POST /auth/login,526,<none>,Usuarios - Login 1-9,text,false,El servidor no retorno codigo 200,484,225,30,30,https://fakestoreapi.com/auth/login,326,0,0
1775837834411,325,Login - POST /auth/login,526,<none>,Usuarios - Login 1-26,text,false,El servidor no retorno codigo 200,484,227,30,30,https://fakestoreapi.com/auth/login,325,0,0
1775837834711,320,Login - POST /auth/login,526,<none>,Usuarios - Login 1-25,text,false,El servidor no retorno codigo 200,484,231,30,30,https://fakestoreapi.com/auth/login,320,0,0
1775837834812,314,Login - POST /auth/login,526,<none>,Usuarios - Login 1-29,text,false,El servidor no retorno codigo 200,484,225,30,30,https://fakestoreapi.com/auth/login,314,0,0
1775837834963,218,Login - POST /auth/login,526,<none>,Usuarios - Login 1-14,text,false,El servidor no retorno codigo 200,484,231,30,30,https://fakestoreapi.com/auth/login,218,0,0
1775837834962,319,Login - POST /auth/login,526,<none>,Usuarios - Login 1-10,text,false,El servidor no retorno codigo 200,484,226,30,30,https://fakestoreapi.com/auth/login,319,0,0
1775837834962,319,Login - POST /auth/login,526,<none>,Usuarios - Login 1-17,text,false,El servidor no retorno codigo 200,484,227,30,30,https://fakestoreapi.com/auth/login,319,0,0
1775837834964,320,Login - POST /auth/login,526,<none>,Usuarios - Login 1-11,text,false,El servidor no retorno codigo 200,484,225,30,30,https://fakestoreapi.com/auth/login,320,0,0
1775837834963,321,Login - POST /auth/login,526,<none>,Usuarios - Login 1-24,text,false,El servidor no retorno codigo 200,484,225,30,30,https://fakestoreapi.com/auth/login,321,0,0
1775837835111,316,Login - POST /auth/login,526,<none>,Usuarios - Login 1-18,text,false,El servidor no retorno codigo 200,484,227,30,30,https://fakestoreapi.com/auth/login,316,0,0
1775837835113,316,Login - POST /auth/login,526,<none>,Usuarios - Login 1-23,text,false,El servidor no retorno codigo 200,484,226,30,30,https://fakestoreapi.com/auth/login,316,0,0
1775837835154,315,Login - POST /auth/login,526,<none>,Usuarios - Login 1-3,text,false,El servidor no retorno codigo 200,484,225,30,30,https://fakestoreapi.com/auth/login,315,0,0
1775837835213,320,Login - POST /auth/login,526,<none>,Usuarios - Login 1-28,text,false,El servidor no retorno codigo 200,484,231,30,30,https://fakestoreapi.com/auth/login,320,0,0
1775837835260,316,Login - POST /auth/login,526,<none>,Usuarios - Login 1-19,text,false,El servidor no retorno codigo 200,484,226,30,30,https://fakestoreapi.com/auth/login,316,0,0
1775837835261,315,Login - POST /auth/login,526,<none>,Usuarios - Login 1-22,text,false,El servidor no retorno codigo 200,484,225,30,30,https://fakestoreapi.com/auth/login,315,0,0
1775837835314,315,Login - POST /auth/login,526,<none>,Usuarios - Login 1-21,text,false,El servidor no retorno codigo 200,484,225,30,30,https://fakestoreapi.com/auth/login,315,0,0
1775837835313,325,Login - POST /auth/login,526,<none>,Usuarios - Login 1-20,text,false,El servidor no retorno codigo 200,484,227,30,30,https://fakestoreapi.com/auth/login,325,0,0
1775837835353,319,Login - POST /auth/login,526,<none>,Usuarios - Login 1-6,text,false,El servidor no retorno codigo 200,484,231,30,30,https://fakestoreapi.com/auth/login,319,0,0
1775837835362,316,Login - POST /auth/login,526,<none>,Usuarios - Login 1-15,text,false,El servidor no retorno codigo 200,484,226,30,30,https://fakestoreapi.com/auth/login,316,0,0
1775837835360,318,Login - POST /auth/login,526,<none>,Usuarios - Login 1-1,text,false,El servidor no retorno codigo 200,484,225,30,30,https://fakestoreapi.com/auth/login,318,0,0
1775837835359,323,Login - POST /auth/login,526,<none>,Usuarios - Login 1-5,text,false,El servidor no retorno codigo 200,484,227,30,30,https://fakestoreapi.com/auth/login,323,0,0
1775837835362,320,Login - POST /auth/login,526,<none>,Usuarios - Login 1-13,text,false,El servidor no retorno codigo 200,484,225,30,30,https://fakestoreapi.com/auth/login,320,0,0
1775837835368,317,Login - POST /auth/login,526,<none>,Usuarios - Login 1-4,text,false,El servidor no retorno codigo 200,484,231,30,30,https://fakestoreapi.com/auth/login,316,0,0
1775837835388,421,Login - POST /auth/login,526,<none>,Usuarios - Login 1-2,text,false,El servidor no retorno codigo 200,484,225,30,30,https://fakestoreapi.com/auth/login,421,0,0
1775837835613,320,Login - POST /auth/login,526,<none>,Usuarios - Login 1-27,text,false,El servidor no retorno codigo 200,484,226,30,30,https://fakestoreapi.com/auth/login,320,0,0
1775837835660,336,Login - POST /auth/login,526,<none>,Usuarios - Login 1-8,text,false,El servidor no retorno codigo 200,484,227,30,30,https://fakestoreapi.com/auth/login,336,0,0
1775837835763,364,Login - POST /auth/login,526,<none>,Usuarios - Login 1-16,text,false,El servidor no retorno codigo 200,484,231,30,30,https://fakestoreapi.com/auth/login,364,0,0
1775837835753,375,Login - POST /auth/login,526,<none>,Usuarios - Login 1-7,text,false,El servidor no retorno codigo 200,484,225,30,30,https://fakestoreapi.com/auth/login,375,0,0
1775837835764,368,Login - POST /auth/login,526,<none>,Usuarios - Login 1-12,text,false,El servidor no retorno codigo 200,484,225,30,30,https://fakestoreapi.com/auth/login,368,0,0
1775837835912,326,Login - POST /auth/login,526,<none>,Usuarios - Login 1-26,text,false,El servidor no retorno codigo 200,484,225,30,30,https://fakestoreapi.com/auth/login,326,0,0
1775837835862,376,Login - POST /auth/login,526,<none>,Usuarios - Login 1-30,text,false,El servidor no retorno codigo 200,484,226,30,30,https://fakestoreapi.com/auth/login,376,0,0
1775837835909,329,Login - POST /auth/login,526,<none>,Usuarios - Login 1-9,text,false,El servidor no retorno codigo 200,484,227,30,30,https://fakestoreapi.com/auth/login,329,0,0
1775837836212,410,Login - POST /auth/login,526,<none>,Usuarios - Login 1-25,text,false,El servidor no retorno codigo 200,484,231,30,30,https://fakestoreapi.com/auth/login,410,0,0
1775837836311,426,Login - POST /auth/login,526,<none>,Usuarios - Login 1-29,text,false,El servidor no retorno codigo 200,484,225,30,30,https://fakestoreapi.com/auth/login,426,0,0
1775837836462,399,Login - POST /auth/login,526,<none>,Usuarios - Login 1-14,text,false,El servidor no retorno codigo 200,484,226,30,30,https://fakestoreapi.com/auth/login,399,0,0
1775837836462,399,Login - POST /auth/login,526,<none>,Usuarios - Login 1-24,text,false,El servidor no retorno codigo 200,484,225,30,30,https://fakestoreapi.com/auth/login,399,0,0
1775837836463,398,Login - POST /auth/login,526,<none>,Usuarios - Login 1-17,text,false,El servidor no retorno codigo 200,484,225,30,30,https://fakestoreapi.com/auth/login,398,0,0
1775837836462,399,Login - POST /auth/login,526,<none>,Usuarios - Login 1-11,text,false,El servidor no retorno codigo 200,484,231,30,30,https://fakestoreapi.com/auth/login,399,0,0
1775837836462,399,Login - POST /auth/login,526,<none>,Usuarios - Login 1-10,text,false,El servidor no retorno codigo 200,484,227,30,30,https://fakestoreapi.com/auth/login,399,0,0
1775837836612,324,Login - POST /auth/login,526,<none>,Usuarios - Login 1-23,text,false,El servidor no retorno codigo 200,484,227,30,30,https://fakestoreapi.com/auth/login,324,0,0
1775837836612,330,Login - POST /auth/login,526,<none>,Usuarios - Login 1-18,text,false,El servidor no retorno codigo 200,484,226,30,30,https://fakestoreapi.com/auth/login,330,0,0
1775837836654,316,Login - POST /auth/login,526,<none>,Usuarios - Login 1-3,text,false,El servidor no retorno codigo 200,484,225,30,30,https://fakestoreapi.com/auth/login,316,0,0
1775837836711,346,Login - POST /auth/login,526,<none>,Usuarios - Login 1-28,text,false,El servidor no retorno codigo 200,484,231,30,30,https://fakestoreapi.com/auth/login,346,0,0
1775837836761,319,Login - POST /auth/login,526,<none>,Usuarios - Login 1-22,text,false,El servidor no retorno codigo 200,484,226,30,30,https://fakestoreapi.com/auth/login,319,0,0
1775837836761,319,Login - POST /auth/login,526,<none>,Usuarios - Login 1-19,text,false,El servidor no retorno codigo 200,484,225,30,30,https://fakestoreapi.com/auth/login,319,0,0
1775837836870,216,Login - POST /auth/login,526,<none>,Usuarios - Login 1-4,text,false,El servidor no retorno codigo 200,484,231,30,30,https://fakestoreapi.com/auth/login,216,0,0
1775837836814,362,Login - POST /auth/login,526,<none>,Usuarios - Login 1-21,text,false,El servidor no retorno codigo 200,484,227,30,30,https://fakestoreapi.com/auth/login,362,0,0
1775837836812,365,Login - POST /auth/login,526,<none>,Usuarios - Login 1-20,text,false,El servidor no retorno codigo 200,484,225,30,30,https://fakestoreapi.com/auth/login,365,0,0
1775837836862,316,Login - POST /auth/login,526,<none>,Usuarios - Login 1-13,text,false,El servidor no retorno codigo 200,484,225,30,30,https://fakestoreapi.com/auth/login,316,0,0
1775837836862,316,Login - POST /auth/login,526,<none>,Usuarios - Login 1-15,text,false,El servidor no retorno codigo 200,484,225,30,30,https://fakestoreapi.com/auth/login,316,0,0
1775837836853,331,Login - POST /auth/login,526,<none>,Usuarios - Login 1-6,text,false,El servidor no retorno codigo 200,484,231,30,30,https://fakestoreapi.com/auth/login,331,0,0
1775837836858,328,Login - POST /auth/login,526,<none>,Usuarios - Login 1-5,text,false,El servidor no retorno codigo 200,484,227,30,30,https://fakestoreapi.com/auth/login,328,0,0
1775837836859,327,Login - POST /auth/login,526,<none>,Usuarios - Login 1-1,text,false,El servidor no retorno codigo 200,484,226,30,30,https://fakestoreapi.com/auth/login,327,0,0
1775837836889,321,Login - POST /auth/login,526,<none>,Usuarios - Login 1-2,text,false,El servidor no retorno codigo 200,484,225,30,30,https://fakestoreapi.com/auth/login,321,0,0
1775837837112,322,Login - POST /auth/login,526,<none>,Usuarios - Login 1-27,text,false,El servidor no retorno codigo 200,484,226,30,30,https://fakestoreapi.com/auth/login,322,0,0
1775837837161,323,Login - POST /auth/login,526,<none>,Usuarios - Login 1-8,text,false,El servidor no retorno codigo 200,484,227,30,30,https://fakestoreapi.com/auth/login,323,0,0
1775837837254,314,Login - POST /auth/login,526,<none>,Usuarios - Login 1-7,text,false,El servidor no retorno codigo 200,484,231,30,30,https://fakestoreapi.com/auth/login,314,0,0
1775837837262,317,Login - POST /auth/login,526,<none>,Usuarios - Login 1-16,text,false,El servidor no retorno codigo 200,484,225,30,30,https://fakestoreapi.com/auth/login,317,0,0
1775837837263,323,Login - POST /auth/login,526,<none>,Usuarios - Login 1-12,text,false,El servidor no retorno codigo 200,484,225,30,30,https://fakestoreapi.com/auth/login,323,0,0
1775837837361,317,Login - POST /auth/login,526,<none>,Usuarios - Login 1-30,text,false,El servidor no retorno codigo 200,484,225,30,30,https://fakestoreapi.com/auth/login,317,0,0
1775837837408,318,Login - POST /auth/login,526,<none>,Usuarios - Login 1-9,text,false,El servidor no retorno codigo 200,484,227,30,30,https://fakestoreapi.com/auth/login,318,0,0
1775837837411,315,Login - POST /auth/login,526,<none>,Usuarios - Login 1-26,text,false,El servidor no retorno codigo 200,484,226,30,30,https://fakestoreapi.com/auth/login,315,0,0
1775837837713,319,Login - POST /auth/login,526,<none>,Usuarios - Login 1-25,text,false,El servidor no retorno codigo 200,484,231,30,30,https://fakestoreapi.com/auth/login,319,0,0
1775837837811,323,Login - POST /auth/login,526,<none>,Usuarios - Login 1-29,text,false,El servidor no retorno codigo 200,484,225,30,30,https://fakestoreapi.com/auth/login,323,0,0
1775837837964,320,Login - POST /auth/login,526,<none>,Usuarios - Login 1-17,text,false,El servidor no retorno codigo 200,484,225,30,30,https://fakestoreapi.com/auth/login,320,0,0
1775837837964,320,Login - POST /auth/login,526,<none>,Usuarios - Login 1-10,text,false,El servidor no retorno codigo 200,484,225,30,30,https://fakestoreapi.com/auth/login,320,0,0
1775837837963,321,Login - POST /auth/login,526,<none>,Usuarios - Login 1-14,text,false,El servidor no retorno codigo 200,484,227,30,30,https://fakestoreapi.com/auth/login,321,0,0
1775837837964,322,Login - POST /auth/login,526,<none>,Usuarios - Login 1-11,text,false,El servidor no retorno codigo 200,484,226,30,30,https://fakestoreapi.com/auth/login,322,0,0
1775837837964,327,Login - POST /auth/login,526,<none>,Usuarios - Login 1-24,text,false,El servidor no retorno codigo 200,484,231,30,30,https://fakestoreapi.com/auth/login,327,0,0
1775837838111,320,Login - POST /auth/login,526,<none>,Usuarios - Login 1-18,text,false,El servidor no retorno codigo 200,484,227,30,30,https://fakestoreapi.com/auth/login,320,0,0
1775837838114,319,Login - POST /auth/login,526,<none>,Usuarios - Login 1-23,text,false,El servidor no retorno codigo 200,484,226,30,30,https://fakestoreapi.com/auth/login,319,0,0
1775837838154,317,Login - POST /auth/login,526,<none>,Usuarios - Login 1-3,text,false,El servidor no retorno codigo 200,484,225,30,30,https://fakestoreapi.com/auth/login,317,0,0
1775837838212,319,Login - POST /auth/login,526,<none>,Usuarios - Login 1-28,text,false,El servidor no retorno codigo 200,484,231,30,30,https://fakestoreapi.com/auth/login,319,0,0
1775837838262,315,Login - POST /auth/login,526,<none>,Usuarios - Login 1-19,text,false,El servidor no retorno codigo 200,484,226,30,30,https://fakestoreapi.com/auth/login,315,0,0
1775837838263,314,Login - POST /auth/login,526,<none>,Usuarios - Login 1-22,text,false,El servidor no retorno codigo 200,484,225,30,30,https://fakestoreapi.com/auth/login,314,0,0
1775837838314,318,Login - POST /auth/login,526,<none>,Usuarios - Login 1-20,text,false,El servidor no retorno codigo 200,484,231,30,30,https://fakestoreapi.com/auth/login,318,0,0
1775837838315,317,Login - POST /auth/login,526,<none>,Usuarios - Login 1-21,text,false,El servidor no retorno codigo 200,484,225,30,30,https://fakestoreapi.com/auth/login,317,0,0
1775837838360,315,Login - POST /auth/login,526,<none>,Usuarios - Login 1-1,text,false,El servidor no retorno codigo 200,484,231,30,30,https://fakestoreapi.com/auth/login,315,0,0
1775837838354,325,Login - POST /auth/login,526,<none>,Usuarios - Login 1-6,text,false,El servidor no retorno codigo 200,484,227,30,30,https://fakestoreapi.com/auth/login,325,0,0
1775837838365,314,Login - POST /auth/login,526,<none>,Usuarios - Login 1-13,text,false,El servidor no retorno codigo 200,484,225,30,30,https://fakestoreapi.com/auth/login,314,0,0
1775837838360,324,Login - POST /auth/login,526,<none>,Usuarios - Login 1-5,text,false,El servidor no retorno codigo 200,484,225,30,30,https://fakestoreapi.com/auth/login,324,0,0
1775837838369,315,Login - POST /auth/login,526,<none>,Usuarios - Login 1-4,text,false,El servidor no retorno codigo 200,484,227,30,30,https://fakestoreapi.com/auth/login,315,0,0
1775837838365,323,Login - POST /auth/login,526,<none>,Usuarios - Login 1-15,text,false,El servidor no retorno codigo 200,484,226,30,30,https://fakestoreapi.com/auth/login,323,0,0
1775837838389,315,Login - POST /auth/login,526,<none>,Usuarios - Login 1-2,text,false,El servidor no retorno codigo 200,484,225,30,30,https://fakestoreapi.com/auth/login,315,0,0
1775837838613,319,Login - POST /auth/login,526,<none>,Usuarios - Login 1-27,text,false,El servidor no retorno codigo 200,484,226,30,30,https://fakestoreapi.com/auth/login,319,0,0
1775837838662,322,Login - POST /auth/login,526,<none>,Usuarios - Login 1-8,text,false,El servidor no retorno codigo 200,484,227,30,30,https://fakestoreapi.com/auth/login,322,0,0
1775837838762,413,Login - POST /auth/login,526,<none>,Usuarios - Login 1-16,text,false,El servidor no retorno codigo 200,484,231,30,30,https://fakestoreapi.com/auth/login,413,0,0
1775837838764,411,Login - POST /auth/login,526,<none>,Usuarios - Login 1-12,text,false,El servidor no retorno codigo 200,484,225,30,30,https://fakestoreapi.com/auth/login,411,0,0
1775837838753,422,Login - POST /auth/login,526,<none>,Usuarios - Login 1-7,text,false,El servidor no retorno codigo 200,484,225,30,30,https://fakestoreapi.com/auth/login,422,0,0
1775837838863,325,Login - POST /auth/login,526,<none>,Usuarios - Login 1-30,text,false,El servidor no retorno codigo 200,484,226,30,30,https://fakestoreapi.com/auth/login,325,0,0
1775837838911,321,Login - POST /auth/login,526,<none>,Usuarios - Login 1-26,text,false,El servidor no retorno codigo 200,484,225,30,30,https://fakestoreapi.com/auth/login,321,0,0
1775837838909,329,Login - POST /auth/login,526,<none>,Usuarios - Login 1-9,text,false,El servidor no retorno codigo 200,484,227,30,30,https://fakestoreapi.com/auth/login,329,0,0
1775837839214,370,Login - POST /auth/login,526,<none>,Usuarios - Login 1-25,text,false,El servidor no retorno codigo 200,484,231,30,30,https://fakestoreapi.com/auth/login,370,0,0
1775837839311,326,Login - POST /auth/login,526,<none>,Usuarios - Login 1-29,text,false,El servidor no retorno codigo 200,484,225,30,30,https://fakestoreapi.com/auth/login,326,0,0
1775837839464,322,Login - POST /auth/login,526,<none>,Usuarios - Login 1-17,text,false,El servidor no retorno codigo 200,484,226,30,30,https://fakestoreapi.com/auth/login,322,0,0
1775837839463,323,Login - POST /auth/login,526,<none>,Usuarios - Login 1-14,text,false,El servidor no retorno codigo 200,484,227,30,30,https://fakestoreapi.com/auth/login,323,0,0
1775837839464,324,Login - POST /auth/login,526,<none>,Usuarios - Login 1-10,text,false,El servidor no retorno codigo 200,484,225,30,30,https://fakestoreapi.com/auth/login,324,0,0
1775837839464,324,Login - POST /auth/login,526,<none>,Usuarios - Login 1-11,text,false,El servidor no retorno codigo 200,484,231,30,30,https://fakestoreapi.com/auth/login,324,0,0
1775837839464,330,Login - POST /auth/login,526,<none>,Usuarios - Login 1-24,text,false,El servidor no retorno codigo 200,484,225,30,30,https://fakestoreapi.com/auth/login,330,0,0
1775837839615,387,Login - POST /auth/login,526,<none>,Usuarios - Login 1-23,text,false,El servidor no retorno codigo 200,484,227,30,30,https://fakestoreapi.com/auth/login,387,0,0
1775837839614,388,Login - POST /auth/login,526,<none>,Usuarios - Login 1-18,text,false,El servidor no retorno codigo 200,484,226,30,30,https://fakestoreapi.com/auth/login,388,0,0
1775837839653,349,Login - POST /auth/login,526,<none>,Usuarios - Login 1-3,text,false,El servidor no retorno codigo 200,484,225,30,30,https://fakestoreapi.com/auth/login,349,0,0
1775837839713,350,Login - POST /auth/login,526,<none>,Usuarios - Login 1-28,text,false,El servidor no retorno codigo 200,484,231,30,30,https://fakestoreapi.com/auth/login,350,0,0
1775837839762,360,Login - POST /auth/login,526,<none>,Usuarios - Login 1-19,text,false,El servidor no retorno codigo 200,484,226,30,30,https://fakestoreapi.com/auth/login,360,0,0
1775837839764,358,Login - POST /auth/login,526,<none>,Usuarios - Login 1-22,text,false,El servidor no retorno codigo 200,484,225,30,30,https://fakestoreapi.com/auth/login,358,0,0
1775837839814,356,Login - POST /auth/login,526,<none>,Usuarios - Login 1-21,text,false,El servidor no retorno codigo 200,484,225,30,30,https://fakestoreapi.com/auth/login,356,0,0
1775837839812,358,Login - POST /auth/login,526,<none>,Usuarios - Login 1-20,text,false,El servidor no retorno codigo 200,484,227,30,30,https://fakestoreapi.com/auth/login,358,0,0
1775837839860,319,Login - POST /auth/login,526,<none>,Usuarios - Login 1-5,text,false,El servidor no retorno codigo 200,484,225,30,30,https://fakestoreapi.com/auth/login,319,0,0
1775837839864,315,Login - POST /auth/login,526,<none>,Usuarios - Login 1-13,text,false,El servidor no retorno codigo 200,484,226,30,30,https://fakestoreapi.com/auth/login,315,0,0
1775837839854,326,Login - POST /auth/login,526,<none>,Usuarios - Login 1-6,text,false,El servidor no retorno codigo 200,484,225,30,30,https://fakestoreapi.com/auth/login,326,0,0
1775837839860,320,Login - POST /auth/login,526,<none>,Usuarios - Login 1-1,text,false,El servidor no retorno codigo 200,484,231,30,30,https://fakestoreapi.com/auth/login,320,0,0
1775837839869,318,Login - POST /auth/login,526,<none>,Usuarios - Login 1-4,text,false,El servidor no retorno codigo 200,484,227,30,30,https://fakestoreapi.com/auth/login,318,0,0
1775837839864,323,Login - POST /auth/login,526,<none>,Usuarios - Login 1-15,text,false,El servidor no retorno codigo 200,484,231,30,30,https://fakestoreapi.com/auth/login,323,0,0
1775837839891,326,Login - POST /auth/login,526,<none>,Usuarios - Login 1-2,text,false,El servidor no retorno codigo 200,484,225,30,30,https://fakestoreapi.com/auth/login,326,0,0
1775837840114,325,Login - POST /auth/login,526,<none>,Usuarios - Login 1-27,text,false,El servidor no retorno codigo 200,484,226,30,30,https://fakestoreapi.com/auth/login,325,0,0
1775837840162,335,Login - POST /auth/login,526,<none>,Usuarios - Login 1-8,text,false,El servidor no retorno codigo 200,484,227,30,30,https://fakestoreapi.com/auth/login,335,0,0
1775837840253,321,Login - POST /auth/login,526,<none>,Usuarios - Login 1-7,text,false,El servidor no retorno codigo 200,484,225,30,30,https://fakestoreapi.com/auth/login,321,0,0
1775837840264,345,Login - POST /auth/login,526,<none>,Usuarios - Login 1-12,text,false,El servidor no retorno codigo 200,484,225,30,30,https://fakestoreapi.com/auth/login,345,0,0
1775837840264,345,Login - POST /auth/login,526,<none>,Usuarios - Login 1-16,text,false,El servidor no retorno codigo 200,484,231,30,30,https://fakestoreapi.com/auth/login,345,0,0
1775837840363,348,Login - POST /auth/login,526,<none>,Usuarios - Login 1-30,text,false,El servidor no retorno codigo 200,484,226,30,30,https://fakestoreapi.com/auth/login,348,0,0
1775837840411,353,Login - POST /auth/login,526,<none>,Usuarios - Login 1-26,text,false,El servidor no retorno codigo 200,484,227,30,30,https://fakestoreapi.com/auth/login,353,0,0
1775837840410,354,Login - POST /auth/login,526,<none>,Usuarios - Login 1-9,text,false,El servidor no retorno codigo 200,484,225,30,30,https://fakestoreapi.com/auth/login,354,0,0
1775837840713,324,Login - POST /auth/login,526,<none>,Usuarios - Login 1-25,text,false,El servidor no retorno codigo 200,484,231,30,30,https://fakestoreapi.com/auth/login,324,0,0
1775837840812,324,Login - POST /auth/login,526,<none>,Usuarios - Login 1-29,text,false,El servidor no retorno codigo 200,484,225,30,30,https://fakestoreapi.com/auth/login,324,0,0
1775837840965,317,Login - POST /auth/login,526,<none>,Usuarios - Login 1-14,text,false,El servidor no retorno codigo 200,484,227,30,30,https://fakestoreapi.com/auth/login,317,0,0
1775837840965,318,Login - POST /auth/login,526,<none>,Usuarios - Login 1-17,text,false,El servidor no retorno codigo 200,484,226,30,30,https://fakestoreapi.com/auth/login,318,0,0
1775837840963,323,Login - POST /auth/login,526,<none>,Usuarios - Login 1-10,text,false,El servidor no retorno codigo 200,484,225,30,30,https://fakestoreapi.com/auth/login,323,0,0
1775837840963,323,Login - POST /auth/login,526,<none>,Usuarios - Login 1-11,text,false,El servidor no retorno codigo 200,484,231,30,30,https://fakestoreapi.com/auth/login,323,0,0
1775837840965,325,Login - POST /auth/login,526,<none>,Usuarios - Login 1-24,text,false,El servidor no retorno codigo 200,484,225,30,30,https://fakestoreapi.com/auth/login,325,0,0
1775837841113,318,Login - POST /auth/login,526,<none>,Usuarios - Login 1-18,text,false,El servidor no retorno codigo 200,484,225,30,30,https://fakestoreapi.com/auth/login,318,0,0
1775837841115,316,Login - POST /auth/login,526,<none>,Usuarios - Login 1-23,text,false,El servidor no retorno codigo 200,484,227,30,30,https://fakestoreapi.com/auth/login,316,0,0
1775837841155,316,Login - POST /auth/login,526,<none>,Usuarios - Login 1-3,text,false,El servidor no retorno codigo 200,484,226,30,30,https://fakestoreapi.com/auth/login,316,0,0
1775837841215,337,Login - POST /auth/login,526,<none>,Usuarios - Login 1-28,text,false,El servidor no retorno codigo 200,484,231,30,30,https://fakestoreapi.com/auth/login,337,0,0
1775837841264,314,Login - POST /auth/login,526,<none>,Usuarios - Login 1-22,text,false,El servidor no retorno codigo 200,484,226,30,30,https://fakestoreapi.com/auth/login,314,0,0
1775837841263,316,Login - POST /auth/login,526,<none>,Usuarios - Login 1-19,text,false,El servidor no retorno codigo 200,484,225,30,30,https://fakestoreapi.com/auth/login,316,0,0
1775837841313,318,Login - POST /auth/login,526,<none>,Usuarios - Login 1-20,text,false,El servidor no retorno codigo 200,484,227,30,30,https://fakestoreapi.com/auth/login,318,0,0
1775837841315,319,Login - POST /auth/login,526,<none>,Usuarios - Login 1-21,text,false,El servidor no retorno codigo 200,484,225,30,30,https://fakestoreapi.com/auth/login,319,0,0
1775837841353,322,Login - POST /auth/login,526,<none>,Usuarios - Login 1-6,text,false,El servidor no retorno codigo 200,484,226,30,30,https://fakestoreapi.com/auth/login,322,0,0
1775837841360,319,Login - POST /auth/login,526,<none>,Usuarios - Login 1-5,text,false,El servidor no retorno codigo 200,484,231,30,30,https://fakestoreapi.com/auth/login,319,0,0
1775837841360,319,Login - POST /auth/login,526,<none>,Usuarios - Login 1-1,text,false,El servidor no retorno codigo 200,484,227,30,30,https://fakestoreapi.com/auth/login,319,0,0
1775837841363,320,Login - POST /auth/login,526,<none>,Usuarios - Login 1-13,text,false,El servidor no retorno codigo 200,484,225,30,30,https://fakestoreapi.com/auth/login,320,0,0
1775837841363,320,Login - POST /auth/login,526,<none>,Usuarios - Login 1-15,text,false,El servidor no retorno codigo 200,484,231,30,30,https://fakestoreapi.com/auth/login,320,0,0
1775837841368,315,Login - POST /auth/login,526,<none>,Usuarios - Login 1-4,text,false,El servidor no retorno codigo 200,484,225,30,30,https://fakestoreapi.com/auth/login,315,0,0
1775837841391,320,Login - POST /auth/login,526,<none>,Usuarios - Login 1-2,text,false,El servidor no retorno codigo 200,484,225,30,30,https://fakestoreapi.com/auth/login,320,0,0
1775837841613,316,Login - POST /auth/login,526,<none>,Usuarios - Login 1-27,text,false,El servidor no retorno codigo 200,484,226,30,30,https://fakestoreapi.com/auth/login,315,0,0
1775837841662,322,Login - POST /auth/login,526,<none>,Usuarios - Login 1-8,text,false,El servidor no retorno codigo 200,484,227,30,30,https://fakestoreapi.com/auth/login,322,0,0
1775837841752,316,Login - POST /auth/login,526,<none>,Usuarios - Login 1-7,text,false,El servidor no retorno codigo 200,484,225,30,30,https://fakestoreapi.com/auth/login,316,0,0
1775837841762,316,Login - POST /auth/login,526,<none>,Usuarios - Login 1-16,text,false,El servidor no retorno codigo 200,484,231,30,30,https://fakestoreapi.com/auth/login,316,0,0
1775837841763,322,Login - POST /auth/login,526,<none>,Usuarios - Login 1-12,text,false,El servidor no retorno codigo 200,484,225,30,30,https://fakestoreapi.com/auth/login,322,0,0
1775837841912,213,Login - POST /auth/login,526,<none>,Usuarios - Login 1-26,text,false,El servidor no retorno codigo 200,484,227,30,30,https://fakestoreapi.com/auth/login,213,0,0
1775837841864,317,Login - POST /auth/login,526,<none>,Usuarios - Login 1-30,text,false,El servidor no retorno codigo 200,484,226,30,30,https://fakestoreapi.com/auth/login,317,0,0
1775837841909,321,Login - POST /auth/login,526,<none>,Usuarios - Login 1-9,text,false,El servidor no retorno codigo 200,484,225,30,30,https://fakestoreapi.com/auth/login,321,0,0
1775837842212,320,Login - POST /auth/login,526,<none>,Usuarios - Login 1-25,text,false,El servidor no retorno codigo 200,484,231,30,30,https://fakestoreapi.com/auth/login,320,0,0
1775837842313,317,Login - POST /auth/login,526,<none>,Usuarios - Login 1-29,text,false,El servidor no retorno codigo 200,484,225,30,30,https://fakestoreapi.com/auth/login,317,0,0
1775837842463,317,Login - POST /auth/login,526,<none>,Usuarios - Login 1-14,text,false,El servidor no retorno codigo 200,484,226,30,30,https://fakestoreapi.com/auth/login,317,0,0
1775837842465,316,Login - POST /auth/login,526,<none>,Usuarios - Login 1-17,text,false,El servidor no retorno codigo 200,484,227,30,30,https://fakestoreapi.com/auth/login,316,0,0
1775837842464,318,Login - POST /auth/login,526,<none>,Usuarios - Login 1-10,text,false,El servidor no retorno codigo 200,484,225,30,30,https://fakestoreapi.com/auth/login,318,0,0
1775837842464,318,Login - POST /auth/login,526,<none>,Usuarios - Login 1-11,text,false,El servidor no retorno codigo 200,484,231,30,30,https://fakestoreapi.com/auth/login,318,0,0
1775837842463,325,Login - POST /auth/login,526,<none>,Usuarios - Login 1-24,text,false,El servidor no retorno codigo 200,484,225,30,30,https://fakestoreapi.com/auth/login,325,0,0
1775837842612,317,Login - POST /auth/login,526,<none>,Usuarios - Login 1-18,text,false,El servidor no retorno codigo 200,484,227,30,30,https://fakestoreapi.com/auth/login,317,0,0
1775837842615,316,Login - POST /auth/login,526,<none>,Usuarios - Login 1-23,text,false,El servidor no retorno codigo 200,484,226,30,30,https://fakestoreapi.com/auth/login,316,0,0
1775837842654,314,Login - POST /auth/login,526,<none>,Usuarios - Login 1-3,text,false,El servidor no retorno codigo 200,484,225,30,30,https://fakestoreapi.com/auth/login,314,0,0
1775837842713,317,Login - POST /auth/login,526,<none>,Usuarios - Login 1-28,text,false,El servidor no retorno codigo 200,484,231,30,30,https://fakestoreapi.com/auth/login,317,0,0
1775837842763,316,Login - POST /auth/login,526,<none>,Usuarios - Login 1-22,text,false,El servidor no retorno codigo 200,484,225,30,30,https://fakestoreapi.com/auth/login,316,0,0
1775837842763,317,Login - POST /auth/login,526,<none>,Usuarios - Login 1-19,text,false,El servidor no retorno codigo 200,484,226,30,30,https://fakestoreapi.com/auth/login,317,0,0
1775837842813,319,Login - POST /auth/login,526,<none>,Usuarios - Login 1-20,text,false,El servidor no retorno codigo 200,484,227,30,30,https://fakestoreapi.com/auth/login,319,0,0
1775837842814,318,Login - POST /auth/login,526,<none>,Usuarios - Login 1-21,text,false,El servidor no retorno codigo 200,484,225,30,30,https://fakestoreapi.com/auth/login,318,0,0
1775837842854,320,Login - POST /auth/login,526,<none>,Usuarios - Login 1-6,text,false,El servidor no retorno codigo 200,484,231,30,30,https://fakestoreapi.com/auth/login,320,0,0
1775837842860,318,Login - POST /auth/login,526,<none>,Usuarios - Login 1-5,text,false,El servidor no retorno codigo 200,484,226,30,30,https://fakestoreapi.com/auth/login,318,0,0
1775837842860,318,Login - POST /auth/login,526,<none>,Usuarios - Login 1-1,text,false,El servidor no retorno codigo 200,484,225,30,30,https://fakestoreapi.com/auth/login,318,0,0
1775837842863,317,Login - POST /auth/login,526,<none>,Usuarios - Login 1-15,text,false,El servidor no retorno codigo 200,484,225,30,30,https://fakestoreapi.com/auth/login,317,0,0
1775837842863,320,Login - POST /auth/login,526,<none>,Usuarios - Login 1-13,text,false,El servidor no retorno codigo 200,484,227,30,30,https://fakestoreapi.com/auth/login,320,0,0
1775837842870,321,Login - POST /auth/login,526,<none>,Usuarios - Login 1-4,text,false,El servidor no retorno codigo 200,484,231,30,30,https://fakestoreapi.com/auth/login,321,0,0
1775837842889,318,Login - POST /auth/login,526,<none>,Usuarios - Login 1-2,text,false,El servidor no retorno codigo 200,484,225,30,30,https://fakestoreapi.com/auth/login,318,0,0
1775837843112,318,Login - POST /auth/login,526,<none>,Usuarios - Login 1-27,text,false,El servidor no retorno codigo 200,484,226,30,30,https://fakestoreapi.com/auth/login,318,0,0
1775837843160,325,Login - POST /auth/login,526,<none>,Usuarios - Login 1-8,text,false,El servidor no retorno codigo 200,484,227,30,30,https://fakestoreapi.com/auth/login,325,0,0
1775837843252,315,Login - POST /auth/login,526,<none>,Usuarios - Login 1-7,text,false,El servidor no retorno codigo 200,484,225,30,30,https://fakestoreapi.com/auth/login,315,0,0
1775837843262,316,Login - POST /auth/login,526,<none>,Usuarios - Login 1-16,text,false,El servidor no retorno codigo 200,484,231,30,30,https://fakestoreapi.com/auth/login,316,0,0
1775837843263,327,Login - POST /auth/login,526,<none>,Usuarios - Login 1-12,text,false,El servidor no retorno codigo 200,484,225,30,30,https://fakestoreapi.com/auth/login,327,0,0
1775837843363,317,Login - POST /auth/login,526,<none>,Usuarios - Login 1-30,text,false,El servidor no retorno codigo 200,484,227,30,30,https://fakestoreapi.com/auth/login,317,0,0
1775837843412,318,Login - POST /auth/login,526,<none>,Usuarios - Login 1-26,text,false,El servidor no retorno codigo 200,484,226,30,30,https://fakestoreapi.com/auth/login,318,0,0
1775837843411,320,Login - POST /auth/login,526,<none>,Usuarios - Login 1-9,text,false,El servidor no retorno codigo 200,484,225,30,30,https://fakestoreapi.com/auth/login,320,0,0
1775837843711,319,Login - POST /auth/login,526,<none>,Usuarios - Login 1-25,text,false,El servidor no retorno codigo 200,484,231,30,30,https://fakestoreapi.com/auth/login,319,0,0
1775837843812,316,Login - POST /auth/login,526,<none>,Usuarios - Login 1-29,text,false,El servidor no retorno codigo 200,484,225,30,30,https://fakestoreapi.com/auth/login,316,0,0
1775837843962,318,Login - POST /auth/login,526,<none>,Usuarios - Login 1-17,text,false,El servidor no retorno codigo 200,484,227,30,30,https://fakestoreapi.com/auth/login,318,0,0
1775837843962,318,Login - POST /auth/login,526,<none>,Usuarios - Login 1-14,text,false,El servidor no retorno codigo 200,484,226,30,30,https://fakestoreapi.com/auth/login,318,0,0
1775837843963,319,Login - POST /auth/login,526,<none>,Usuarios - Login 1-11,text,false,El servidor no retorno codigo 200,484,231,30,30,https://fakestoreapi.com/auth/login,319,0,0
1775837843962,325,Login - POST /auth/login,526,<none>,Usuarios - Login 1-24,text,false,El servidor no retorno codigo 200,484,225,30,30,https://fakestoreapi.com/auth/login,325,0,0
1775837843963,327,Login - POST /auth/login,526,<none>,Usuarios - Login 1-10,text,false,El servidor no retorno codigo 200,484,225,30,30,https://fakestoreapi.com/auth/login,327,0,0
1775837844113,317,Login - POST /auth/login,526,<none>,Usuarios - Login 1-23,text,false,El servidor no retorno codigo 200,484,227,30,30,https://fakestoreapi.com/auth/login,317,0,0
1775837844111,322,Login - POST /auth/login,526,<none>,Usuarios - Login 1-18,text,false,El servidor no retorno codigo 200,484,226,30,30,https://fakestoreapi.com/auth/login,322,0,0
1775837844152,316,Login - POST /auth/login,526,<none>,Usuarios - Login 1-3,text,false,El servidor no retorno codigo 200,484,225,30,30,https://fakestoreapi.com/auth/login,316,0,0
1775837844212,318,Login - POST /auth/login,526,<none>,Usuarios - Login 1-28,text,false,El servidor no retorno codigo 200,484,231,30,30,https://fakestoreapi.com/auth/login,318,0,0
1775837844261,317,Login - POST /auth/login,526,<none>,Usuarios - Login 1-22,text,false,El servidor no retorno codigo 200,484,225,30,30,https://fakestoreapi.com/auth/login,317,0,0
1775837844260,320,Login - POST /auth/login,526,<none>,Usuarios - Login 1-19,text,false,El servidor no retorno codigo 200,484,226,30,30,https://fakestoreapi.com/auth/login,320,0,0
1775837844312,319,Login - POST /auth/login,526,<none>,Usuarios - Login 1-20,text,false,El servidor no retorno codigo 200,484,227,30,30,https://fakestoreapi.com/auth/login,319,0,0
1775837844314,321,Login - POST /auth/login,526,<none>,Usuarios - Login 1-21,text,false,El servidor no retorno codigo 200,484,225,30,30,https://fakestoreapi.com/auth/login,321,0,0
1775837844354,320,Login - POST /auth/login,526,<none>,Usuarios - Login 1-6,text,false,El servidor no retorno codigo 200,484,231,30,30,https://fakestoreapi.com/auth/login,320,0,0
1775837844363,314,Login - POST /auth/login,526,<none>,Usuarios - Login 1-13,text,false,El servidor no retorno codigo 200,484,225,30,30,https://fakestoreapi.com/auth/login,314,0,0
1775837844359,320,Login - POST /auth/login,526,<none>,Usuarios - Login 1-1,text,false,El servidor no retorno codigo 200,484,226,30,30,https://fakestoreapi.com/auth/login,320,0,0
1775837844359,321,Login - POST /auth/login,526,<none>,Usuarios - Login 1-5,text,false,El servidor no retorno codigo 200,484,225,30,30,https://fakestoreapi.com/auth/login,321,0,0
1775837844362,320,Login - POST /auth/login,526,<none>,Usuarios - Login 1-15,text,false,El servidor no retorno codigo 200,484,227,30,30,https://fakestoreapi.com/auth/login,320,0,0
1775837844370,316,Login - POST /auth/login,526,<none>,Usuarios - Login 1-4,text,false,El servidor no retorno codigo 200,484,231,30,30,https://fakestoreapi.com/auth/login,316,0,0
1775837844389,317,Login - POST /auth/login,526,<none>,Usuarios - Login 1-2,text,false,El servidor no retorno codigo 200,484,225,30,30,https://fakestoreapi.com/auth/login,317,0,0
1775837844611,316,Login - POST /auth/login,526,<none>,Usuarios - Login 1-27,text,false,El servidor no retorno codigo 200,484,226,30,30,https://fakestoreapi.com/auth/login,316,0,0
1775837844660,325,Login - POST /auth/login,526,<none>,Usuarios - Login 1-8,text,false,El servidor no retorno codigo 200,484,227,30,30,https://fakestoreapi.com/auth/login,325,0,0
1775837844753,315,Login - POST /auth/login,526,<none>,Usuarios - Login 1-7,text,false,El servidor no retorno codigo 200,484,225,30,30,https://fakestoreapi.com/auth/login,315,0,0
1775837844761,318,Login - POST /auth/login,526,<none>,Usuarios - Login 1-16,text,false,El servidor no retorno codigo 200,484,231,30,30,https://fakestoreapi.com/auth/login,318,0,0
1775837844764,322,Login - POST /auth/login,526,<none>,Usuarios - Login 1-12,text,false,El servidor no retorno codigo 200,484,225,30,30,https://fakestoreapi.com/auth/login,322,0,0
1775837844862,316,Login - POST /auth/login,526,<none>,Usuarios - Login 1-30,text,false,El servidor no retorno codigo 200,484,226,30,30,https://fakestoreapi.com/auth/login,316,0,0
1775837844912,314,Login - POST /auth/login,526,<none>,Usuarios - Login 1-26,text,false,El servidor no retorno codigo 200,484,227,30,30,https://fakestoreapi.com/auth/login,314,0,0
1775837844909,317,Login - POST /auth/login,526,<none>,Usuarios - Login 1-9,text,false,El servidor no retorno codigo 200,484,225,30,30,https://fakestoreapi.com/auth/login,317,0,0
1775837845212,318,Login - POST /auth/login,526,<none>,Usuarios - Login 1-25,text,false,El servidor no retorno codigo 200,484,231,30,30,https://fakestoreapi.com/auth/login,318,0,0
1775837845311,319,Login - POST /auth/login,526,<none>,Usuarios - Login 1-29,text,false,El servidor no retorno codigo 200,484,225,30,30,https://fakestoreapi.com/auth/login,319,0,0
1775837845463,318,Login - POST /auth/login,526,<none>,Usuarios - Login 1-14,text,false,El servidor no retorno codigo 200,484,227,30,30,https://fakestoreapi.com/auth/login,318,0,0
1775837845462,320,Login - POST /auth/login,526,<none>,Usuarios - Login 1-10,text,false,El servidor no retorno codigo 200,484,225,30,30,https://fakestoreapi.com/auth/login,319,0,0
1775837845463,319,Login - POST /auth/login,526,<none>,Usuarios - Login 1-11,text,false,El servidor no retorno codigo 200,484,225,30,30,https://fakestoreapi.com/auth/login,318,0,0
1775837845462,321,Login - POST /auth/login,526,<none>,Usuarios - Login 1-17,text,false,El servidor no retorno codigo 200,484,226,30,30,https://fakestoreapi.com/auth/login,321,0,0
1775837845463,326,Login - POST /auth/login,526,<none>,Usuarios - Login 1-24,text,false,El servidor no retorno codigo 200,484,231,30,30,https://fakestoreapi.com/auth/login,326,0,0
1775837845614,316,Login - POST /auth/login,526,<none>,Usuarios - Login 1-23,text,false,El servidor no retorno codigo 200,484,226,30,30,https://fakestoreapi.com/auth/login,316,0,0
1775837845611,320,Login - POST /auth/login,526,<none>,Usuarios - Login 1-18,text,false,El servidor no retorno codigo 200,484,227,30,30,https://fakestoreapi.com/auth/login,320,0,0
1775837845654,316,Login - POST /auth/login,526,<none>,Usuarios - Login 1-3,text,false,El servidor no retorno codigo 200,484,225,30,30,https://fakestoreapi.com/auth/login,316,0,0
1775837845712,322,Login - POST /auth/login,526,<none>,Usuarios - Login 1-28,text,false,El servidor no retorno codigo 200,484,231,30,30,https://fakestoreapi.com/auth/login,322,0,0
1775837845760,316,Login - POST /auth/login,526,<none>,Usuarios - Login 1-19,text,false,El servidor no retorno codigo 200,484,226,30,30,https://fakestoreapi.com/auth/login,316,0,0
1775837845761,315,Login - POST /auth/login,526,<none>,Usuarios - Login 1-22,text,false,El servidor no retorno codigo 200,484,225,30,30,https://fakestoreapi.com/auth/login,315,0,0
1775837845811,319,Login - POST /auth/login,526,<none>,Usuarios - Login 1-20,text,false,El servidor no retorno codigo 200,484,227,30,30,https://fakestoreapi.com/auth/login,319,0,0
1775837845813,317,Login - POST /auth/login,526,<none>,Usuarios - Login 1-21,text,false,El servidor no retorno codigo 200,484,225,30,30,https://fakestoreapi.com/auth/login,317,0,0
1775837845853,321,Login - POST /auth/login,526,<none>,Usuarios - Login 1-6,text,false,El servidor no retorno codigo 200,484,231,30,30,https://fakestoreapi.com/auth/login,321,0,0
1775837845862,314,Login - POST /auth/login,526,<none>,Usuarios - Login 1-13,text,false,El servidor no retorno codigo 200,484,225,30,30,https://fakestoreapi.com/auth/login,314,0,0
1775837845859,318,Login - POST /auth/login,526,<none>,Usuarios - Login 1-1,text,false,El servidor no retorno codigo 200,484,226,30,30,https://fakestoreapi.com/auth/login,318,0,0
1775837845862,317,Login - POST /auth/login,526,<none>,Usuarios - Login 1-15,text,false,El servidor no retorno codigo 200,484,225,30,30,https://fakestoreapi.com/auth/login,317,0,0
1775837845859,324,Login - POST /auth/login,526,<none>,Usuarios - Login 1-5,text,false,El servidor no retorno codigo 200,484,227,30,30,https://fakestoreapi.com/auth/login,323,0,0
1775837845868,316,Login - POST /auth/login,526,<none>,Usuarios - Login 1-4,text,false,El servidor no retorno codigo 200,484,231,30,30,https://fakestoreapi.com/auth/login,316,0,0
1775837845888,318,Login - POST /auth/login,526,<none>,Usuarios - Login 1-2,text,false,El servidor no retorno codigo 200,484,225,30,30,https://fakestoreapi.com/auth/login,318,0,0
1775837846112,321,Login - POST /auth/login,526,<none>,Usuarios - Login 1-27,text,false,El servidor no retorno codigo 200,484,226,30,30,https://fakestoreapi.com/auth/login,321,0,0
1775837846161,395,Login - POST /auth/login,526,<none>,Usuarios - Login 1-8,text,false,El servidor no retorno codigo 200,484,227,30,30,https://fakestoreapi.com/auth/login,395,0,0
1775837846251,315,Login - POST /auth/login,526,<none>,Usuarios - Login 1-7,text,false,El servidor no retorno codigo 200,484,225,30,30,https://fakestoreapi.com/auth/login,315,0,0
1775837846261,316,Login - POST /auth/login,526,<none>,Usuarios - Login 1-16,text,false,El servidor no retorno codigo 200,484,231,30,30,https://fakestoreapi.com/auth/login,316,0,0
1775837846262,320,Login - POST /auth/login,526,<none>,Usuarios - Login 1-12,text,false,El servidor no retorno codigo 200,484,225,30,30,https://fakestoreapi.com/auth/login,320,0,0
1775837846361,316,Login - POST /auth/login,526,<none>,Usuarios - Login 1-30,text,false,El servidor no retorno codigo 200,484,226,30,30,https://fakestoreapi.com/auth/login,316,0,0
1775837846412,321,Login - POST /auth/login,526,<none>,Usuarios - Login 1-26,text,false,El servidor no retorno codigo 200,484,227,30,30,https://fakestoreapi.com/auth/login,321,0,0
1775837846409,324,Login - POST /auth/login,526,<none>,Usuarios - Login 1-9,text,false,El servidor no retorno codigo 200,484,225,30,30,https://fakestoreapi.com/auth/login,324,0,0
1775837846711,387,Login - POST /auth/login,526,<none>,Usuarios - Login 1-25,text,false,El servidor no retorno codigo 200,484,231,30,30,https://fakestoreapi.com/auth/login,387,0,0
1775837846810,416,Login - POST /auth/login,526,<none>,Usuarios - Login 1-29,text,false,El servidor no retorno codigo 200,484,225,30,30,https://fakestoreapi.com/auth/login,416,0,0
1775837846961,388,Login - POST /auth/login,526,<none>,Usuarios - Login 1-14,text,false,El servidor no retorno codigo 200,484,226,30,30,https://fakestoreapi.com/auth/login,388,0,0
1775837846963,386,Login - POST /auth/login,526,<none>,Usuarios - Login 1-11,text,false,El servidor no retorno codigo 200,484,225,30,30,https://fakestoreapi.com/auth/login,386,0,0
1775837846962,387,Login - POST /auth/login,526,<none>,Usuarios - Login 1-10,text,false,El servidor no retorno codigo 200,484,227,30,30,https://fakestoreapi.com/auth/login,387,0,0
1775837846962,387,Login - POST /auth/login,526,<none>,Usuarios - Login 1-17,text,false,El servidor no retorno codigo 200,484,231,30,30,https://fakestoreapi.com/auth/login,387,0,0
1775837846963,386,Login - POST /auth/login,526,<none>,Usuarios - Login 1-24,text,false,El servidor no retorno codigo 200,484,225,30,30,https://fakestoreapi.com/auth/login,386,0,0
1775837847115,362,Login - POST /auth/login,526,<none>,Usuarios - Login 1-23,text,false,El servidor no retorno codigo 200,484,226,30,30,https://fakestoreapi.com/auth/login,362,0,0
1775837847111,366,Login - POST /auth/login,526,<none>,Usuarios - Login 1-18,text,false,El servidor no retorno codigo 200,484,227,30,30,https://fakestoreapi.com/auth/login,366,0,0
1775837847153,324,Login - POST /auth/login,526,<none>,Usuarios - Login 1-3,text,false,El servidor no retorno codigo 200,484,225,30,30,https://fakestoreapi.com/auth/login,324,0,0
1775837847261,336,Login - POST /auth/login,526,<none>,Usuarios - Login 1-22,text,false,El servidor no retorno codigo 200,484,225,30,30,https://fakestoreapi.com/auth/login,336,0,0
1775837847213,384,Login - POST /auth/login,526,<none>,Usuarios - Login 1-28,text,false,El servidor no retorno codigo 200,484,231,30,30,https://fakestoreapi.com/auth/login,384,0,0
1775837847260,337,Login - POST /auth/login,526,<none>,Usuarios - Login 1-19,text,false,El servidor no retorno codigo 200,484,226,30,30,https://fakestoreapi.com/auth/login,337,0,0
1775837847313,351,Login - POST /auth/login,526,<none>,Usuarios - Login 1-21,text,false,El servidor no retorno codigo 200,484,225,30,30,https://fakestoreapi.com/auth/login,351,0,0
1775837847352,318,Login - POST /auth/login,526,<none>,Usuarios - Login 1-6,text,false,El servidor no retorno codigo 200,484,231,30,30,https://fakestoreapi.com/auth/login,318,0,0
1775837847312,361,Login - POST /auth/login,526,<none>,Usuarios - Login 1-20,text,false,El servidor no retorno codigo 200,484,227,30,30,https://fakestoreapi.com/auth/login,361,0,0
1775837847363,314,Login - POST /auth/login,526,<none>,Usuarios - Login 1-13,text,false,El servidor no retorno codigo 200,484,225,30,30,https://fakestoreapi.com/auth/login,314,0,0
1775837847362,317,Login - POST /auth/login,526,<none>,Usuarios - Login 1-15,text,false,El servidor no retorno codigo 200,484,227,30,30,https://fakestoreapi.com/auth/login,317,0,0
1775837847359,320,Login - POST /auth/login,526,<none>,Usuarios - Login 1-5,text,false,El servidor no retorno codigo 200,484,225,30,30,https://fakestoreapi.com/auth/login,320,0,0
1775837847368,319,Login - POST /auth/login,526,<none>,Usuarios - Login 1-4,text,false,El servidor no retorno codigo 200,484,231,30,30,https://fakestoreapi.com/auth/login,319,0,0
1775837847360,558,Login - POST /auth/login,526,<none>,Usuarios - Login 1-1,text,false,El servidor no retorno codigo 200,484,226,30,30,https://fakestoreapi.com/auth/login,558,0,239
1775837847388,534,Login - POST /auth/login,526,<none>,Usuarios - Login 1-2,text,false,El servidor no retorno codigo 200,484,225,30,30,https://fakestoreapi.com/auth/login,534,0,211
1775837847612,316,Login - POST /auth/login,526,<none>,Usuarios - Login 1-27,text,false,El servidor no retorno codigo 200,484,226,30,30,https://fakestoreapi.com/auth/login,316,0,0
1775837847662,331,Login - POST /auth/login,526,<none>,Usuarios - Login 1-8,text,false,El servidor no retorno codigo 200,484,227,30,30,https://fakestoreapi.com/auth/login,331,0,0
1775837847752,313,Login - POST /auth/login,526,<none>,Usuarios - Login 1-7,text,false,El servidor no retorno codigo 200,484,225,30,30,https://fakestoreapi.com/auth/login,313,0,0
1775837847762,322,Login - POST /auth/login,526,<none>,Usuarios - Login 1-12,text,false,El servidor no retorno codigo 200,484,225,30,30,https://fakestoreapi.com/auth/login,322,0,0
1775837847763,323,Login - POST /auth/login,526,<none>,Usuarios - Login 1-16,text,false,El servidor no retorno codigo 200,484,231,30,30,https://fakestoreapi.com/auth/login,323,0,0
1775837847861,316,Login - POST /auth/login,526,<none>,Usuarios - Login 1-30,text,false,El servidor no retorno codigo 200,484,226,30,30,https://fakestoreapi.com/auth/login,316,0,0
1775837847910,319,Login - POST /auth/login,526,<none>,Usuarios - Login 1-9,text,false,El servidor no retorno codigo 200,484,227,30,30,https://fakestoreapi.com/auth/login,319,0,0
1775837847911,320,Login - POST /auth/login,526,<none>,Usuarios - Login 1-26,text,false,El servidor no retorno codigo 200,484,225,30,30,https://fakestoreapi.com/auth/login,320,0,0
1775837848211,319,Login - POST /auth/login,526,<none>,Usuarios - Login 1-25,text,false,El servidor no retorno codigo 200,484,231,30,30,https://fakestoreapi.com/auth/login,319,0,0
1775837848312,315,Login - POST /auth/login,526,<none>,Usuarios - Login 1-29,text,false,El servidor no retorno codigo 200,484,225,30,30,https://fakestoreapi.com/auth/login,315,0,0
1775837848462,319,Login - POST /auth/login,526,<none>,Usuarios - Login 1-14,text,false,El servidor no retorno codigo 200,484,225,30,30,https://fakestoreapi.com/auth/login,319,0,0
1775837848463,318,Login - POST /auth/login,526,<none>,Usuarios - Login 1-17,text,false,El servidor no retorno codigo 200,484,231,30,30,https://fakestoreapi.com/auth/login,318,0,0
1775837848463,322,Login - POST /auth/login,526,<none>,Usuarios - Login 1-10,text,false,El servidor no retorno codigo 200,484,227,30,30,https://fakestoreapi.com/auth/login,322,0,0
1775837848463,322,Login - POST /auth/login,526,<none>,Usuarios - Login 1-11,text,false,El servidor no retorno codigo 200,484,226,30,30,https://fakestoreapi.com/auth/login,322,0,0
1775837848463,326,Login - POST /auth/login,526,<none>,Usuarios - Login 1-24,text,false,El servidor no retorno codigo 200,484,225,30,30,https://fakestoreapi.com/auth/login,326,0,0
1775837848610,318,Login - POST /auth/login,526,<none>,Usuarios - Login 1-18,text,false,El servidor no retorno codigo 200,484,227,30,30,https://fakestoreapi.com/auth/login,318,0,0
1775837848612,317,Login - POST /auth/login,526,<none>,Usuarios - Login 1-23,text,false,El servidor no retorno codigo 200,484,226,30,30,https://fakestoreapi.com/auth/login,317,0,0
1775837848712,318,Login - POST /auth/login,526,<none>,Usuarios - Login 1-28,text,false,El servidor no retorno codigo 200,484,226,30,30,https://fakestoreapi.com/auth/login,318,0,0
1775837848760,315,Login - POST /auth/login,526,<none>,Usuarios - Login 1-19,text,false,El servidor no retorno codigo 200,484,225,30,30,https://fakestoreapi.com/auth/login,315,0,0
1775837848761,314,Login - POST /auth/login,526,<none>,Usuarios - Login 1-22,text,false,El servidor no retorno codigo 200,484,231,30,30,https://fakestoreapi.com/auth/login,314,0,0
1775837848654,448,Login - POST /auth/login,526,<none>,Usuarios - Login 1-3,text,false,El servidor no retorno codigo 200,484,225,30,30,https://fakestoreapi.com/auth/login,448,0,125
1775837848813,315,Login - POST /auth/login,526,<none>,Usuarios - Login 1-21,text,false,El servidor no retorno codigo 200,484,231,30,30,https://fakestoreapi.com/auth/login,315,0,0
1775837848811,319,Login - POST /auth/login,526,<none>,Usuarios - Login 1-20,text,false,El servidor no retorno codigo 200,484,227,30,30,https://fakestoreapi.com/auth/login,319,0,0
1775837848854,322,Login - POST /auth/login,526,<none>,Usuarios - Login 1-6,text,false,El servidor no retorno codigo 200,484,225,30,30,https://fakestoreapi.com/auth/login,322,0,0
1775837848859,317,Login - POST /auth/login,526,<none>,Usuarios - Login 1-1,text,false,El servidor no retorno codigo 200,484,231,30,30,https://fakestoreapi.com/auth/login,317,0,0
1775837848862,315,Login - POST /auth/login,526,<none>,Usuarios - Login 1-13,text,false,El servidor no retorno codigo 200,484,226,30,30,https://fakestoreapi.com/auth/login,315,0,0
1775837848859,318,Login - POST /auth/login,526,<none>,Usuarios - Login 1-5,text,false,El servidor no retorno codigo 200,484,227,30,30,https://fakestoreapi.com/auth/login,318,0,0
1775837848862,323,Login - POST /auth/login,526,<none>,Usuarios - Login 1-15,text,false,El servidor no retorno codigo 200,484,225,30,30,https://fakestoreapi.com/auth/login,323,0,0
1775837848890,321,Login - POST /auth/login,526,<none>,Usuarios - Login 1-2,text,false,El servidor no retorno codigo 200,484,225,30,30,https://fakestoreapi.com/auth/login,321,0,0
1775837848868,438,Login - POST /auth/login,526,<none>,Usuarios - Login 1-4,text,false,El servidor no retorno codigo 200,484,225,30,30,https://fakestoreapi.com/auth/login,438,0,119
1775837849111,321,Login - POST /auth/login,526,<none>,Usuarios - Login 1-27,text,false,El servidor no retorno codigo 200,484,226,30,30,https://fakestoreapi.com/auth/login,321,0,0
1775837849160,322,Login - POST /auth/login,526,<none>,Usuarios - Login 1-8,text,false,El servidor no retorno codigo 200,484,227,30,30,https://fakestoreapi.com/auth/login,322,0,0
1775837849254,316,Login - POST /auth/login,526,<none>,Usuarios - Login 1-7,text,false,El servidor no retorno codigo 200,484,225,30,30,https://fakestoreapi.com/auth/login,316,0,0
1775837849261,319,Login - POST /auth/login,526,<none>,Usuarios - Login 1-16,text,false,El servidor no retorno codigo 200,484,225,30,30,https://fakestoreapi.com/auth/login,319,0,0
1775837849262,319,Login - POST /auth/login,526,<none>,Usuarios - Login 1-12,text,false,El servidor no retorno codigo 200,484,231,30,30,https://fakestoreapi.com/auth/login,319,0,0
1775837849362,315,Login - POST /auth/login,526,<none>,Usuarios - Login 1-30,text,false,El servidor no retorno codigo 200,484,226,30,30,https://fakestoreapi.com/auth/login,315,0,0
1775837849411,317,Login - POST /auth/login,526,<none>,Usuarios - Login 1-26,text,false,El servidor no retorno codigo 200,484,225,30,30,https://fakestoreapi.com/auth/login,317,0,0
1775837849408,324,Login - POST /auth/login,526,<none>,Usuarios - Login 1-9,text,false,El servidor no retorno codigo 200,484,227,30,30,https://fakestoreapi.com/auth/login,324,0,0
1775837849712,317,Login - POST /auth/login,526,<none>,Usuarios - Login 1-25,text,false,El servidor no retorno codigo 200,484,231,30,30,https://fakestoreapi.com/auth/login,317,0,0
1775837849811,316,Login - POST /auth/login,526,<none>,Usuarios - Login 1-29,text,false,El servidor no retorno codigo 200,484,225,30,30,https://fakestoreapi.com/auth/login,316,0,0
1775837849963,317,Login - POST /auth/login,526,<none>,Usuarios - Login 1-11,text,false,El servidor no retorno codigo 200,484,231,30,30,https://fakestoreapi.com/auth/login,317,0,0
1775837849961,321,Login - POST /auth/login,526,<none>,Usuarios - Login 1-14,text,false,El servidor no retorno codigo 200,484,226,30,30,https://fakestoreapi.com/auth/login,321,0,0
1775837849963,321,Login - POST /auth/login,526,<none>,Usuarios - Login 1-10,text,false,El servidor no retorno codigo 200,484,225,30,30,https://fakestoreapi.com/auth/login,321,0,0
1775837849964,321,Login - POST /auth/login,526,<none>,Usuarios - Login 1-17,text,false,El servidor no retorno codigo 200,484,227,30,30,https://fakestoreapi.com/auth/login,321,0,0
1775837849962,324,Login - POST /auth/login,526,<none>,Usuarios - Login 1-24,text,false,El servidor no retorno codigo 200,484,225,30,30,https://fakestoreapi.com/auth/login,324,0,0
1775837850112,315,Login - POST /auth/login,526,<none>,Usuarios - Login 1-23,text,false,El servidor no retorno codigo 200,484,227,30,30,https://fakestoreapi.com/auth/login,315,0,0
1775837850111,318,Login - POST /auth/login,526,<none>,Usuarios - Login 1-18,text,false,El servidor no retorno codigo 200,484,226,30,30,https://fakestoreapi.com/auth/login,318,0,0
1775837850154,318,Login - POST /auth/login,526,<none>,Usuarios - Login 1-3,text,false,El servidor no retorno codigo 200,484,226,30,30,https://fakestoreapi.com/auth/login,318,0,0
1775837850212,317,Login - POST /auth/login,526,<none>,Usuarios - Login 1-28,text,false,El servidor no retorno codigo 200,484,225,30,30,https://fakestoreapi.com/auth/login,317,0,0
1775837850261,314,Login - POST /auth/login,526,<none>,Usuarios - Login 1-19,text,false,El servidor no retorno codigo 200,484,231,30,30,https://fakestoreapi.com/auth/login,314,0,0
1775837850262,316,Login - POST /auth/login,526,<none>,Usuarios - Login 1-22,text,false,El servidor no retorno codigo 200,484,225,30,30,https://fakestoreapi.com/auth/login,316,0,0
1775837850314,321,Login - POST /auth/login,526,<none>,Usuarios - Login 1-21,text,false,El servidor no retorno codigo 200,484,227,30,30,https://fakestoreapi.com/auth/login,321,0,0
1775837850312,324,Login - POST /auth/login,526,<none>,Usuarios - Login 1-20,text,false,El servidor no retorno codigo 200,484,225,30,30,https://fakestoreapi.com/auth/login,324,0,0
1775837850353,322,Login - POST /auth/login,526,<none>,Usuarios - Login 1-6,text,false,El servidor no retorno codigo 200,484,225,30,30,https://fakestoreapi.com/auth/login,322,0,0
1775837850358,321,Login - POST /auth/login,526,<none>,Usuarios - Login 1-1,text,false,El servidor no retorno codigo 200,484,231,30,30,https://fakestoreapi.com/auth/login,321,0,0
1775837850362,319,Login - POST /auth/login,526,<none>,Usuarios - Login 1-13,text,false,El servidor no retorno codigo 200,484,226,30,30,https://fakestoreapi.com/auth/login,319,0,0
1775837850362,319,Login - POST /auth/login,526,<none>,Usuarios - Login 1-15,text,false,El servidor no retorno codigo 200,484,225,30,30,https://fakestoreapi.com/auth/login,319,0,0
1775837850368,317,Login - POST /auth/login,526,<none>,Usuarios - Login 1-4,text,false,El servidor no retorno codigo 200,484,225,30,30,https://fakestoreapi.com/auth/login,317,0,0
1775837850390,320,Login - POST /auth/login,526,<none>,Usuarios - Login 1-2,text,false,El servidor no retorno codigo 200,484,231,30,30,https://fakestoreapi.com/auth/login,320,0,0
1775837850361,438,Login - POST /auth/login,526,<none>,Usuarios - Login 1-5,text,false,El servidor no retorno codigo 200,484,227,30,30,https://fakestoreapi.com/auth/login,438,0,119
1775837850613,315,Login - POST /auth/login,526,<none>,Usuarios - Login 1-27,text,false,El servidor no retorno codigo 200,484,226,30,30,https://fakestoreapi.com/auth/login,315,0,0
1775837850660,321,Login - POST /auth/login,526,<none>,Usuarios - Login 1-8,text,false,El servidor no retorno codigo 200,484,227,30,30,https://fakestoreapi.com/auth/login,321,0,0
1775837850752,316,Login - POST /auth/login,526,<none>,Usuarios - Login 1-7,text,false,El servidor no retorno codigo 200,484,225,30,30,https://fakestoreapi.com/auth/login,316,0,0
1775837850762,317,Login - POST /auth/login,526,<none>,Usuarios - Login 1-16,text,false,El servidor no retorno codigo 200,484,231,30,30,https://fakestoreapi.com/auth/login,317,0,0
1775837850763,319,Login - POST /auth/login,526,<none>,Usuarios - Login 1-12,text,false,El servidor no retorno codigo 200,484,225,30,30,https://fakestoreapi.com/auth/login,319,0,0
1775837850862,317,Login - POST /auth/login,526,<none>,Usuarios - Login 1-30,text,false,El servidor no retorno codigo 200,484,226,30,30,https://fakestoreapi.com/auth/login,317,0,0
1775837850910,317,Login - POST /auth/login,526,<none>,Usuarios - Login 1-26,text,false,El servidor no retorno codigo 200,484,227,30,30,https://fakestoreapi.com/auth/login,317,0,0
1775837850908,319,Login - POST /auth/login,526,<none>,Usuarios - Login 1-9,text,false,El servidor no retorno codigo 200,484,225,30,30,https://fakestoreapi.com/auth/login,319,0,0
1775837851212,323,Login - POST /auth/login,526,<none>,Usuarios - Login 1-25,text,false,El servidor no retorno codigo 200,484,231,30,30,https://fakestoreapi.com/auth/login,323,0,0
1775837851312,316,Login - POST /auth/login,526,<none>,Usuarios - Login 1-29,text,false,El servidor no retorno codigo 200,484,225,30,30,https://fakestoreapi.com/auth/login,316,0,0
1775837851461,319,Login - POST /auth/login,526,<none>,Usuarios - Login 1-14,text,false,El servidor no retorno codigo 200,484,227,30,30,https://fakestoreapi.com/auth/login,319,0,0
1775837851464,318,Login - POST /auth/login,526,<none>,Usuarios - Login 1-10,text,false,El servidor no retorno codigo 200,484,225,30,30,https://fakestoreapi.com/auth/login,318,0,0
1775837851464,318,Login - POST /auth/login,526,<none>,Usuarios - Login 1-17,text,false,El servidor no retorno codigo 200,484,231,30,30,https://fakestoreapi.com/auth/login,318,0,0
1775837851464,321,Login - POST /auth/login,526,<none>,Usuarios - Login 1-11,text,false,El servidor no retorno codigo 200,484,226,30,30,https://fakestoreapi.com/auth/login,321,0,0
1775837851464,324,Login - POST /auth/login,526,<none>,Usuarios - Login 1-24,text,false,El servidor no retorno codigo 200,484,225,30,30,https://fakestoreapi.com/auth/login,324,0,0
1775837851613,315,Login - POST /auth/login,526,<none>,Usuarios - Login 1-23,text,false,El servidor no retorno codigo 200,484,226,30,30,https://fakestoreapi.com/auth/login,315,0,0
1775837851612,316,Login - POST /auth/login,526,<none>,Usuarios - Login 1-18,text,false,El servidor no retorno codigo 200,484,227,30,30,https://fakestoreapi.com/auth/login,316,0,0
1775837851654,318,Login - POST /auth/login,526,<none>,Usuarios - Login 1-3,text,false,El servidor no retorno codigo 200,484,225,30,30,https://fakestoreapi.com/auth/login,318,0,0
1775837851712,318,Login - POST /auth/login,526,<none>,Usuarios - Login 1-28,text,false,El servidor no retorno codigo 200,484,231,30,30,https://fakestoreapi.com/auth/login,318,0,0
1775837851761,321,Login - POST /auth/login,526,<none>,Usuarios - Login 1-19,text,false,El servidor no retorno codigo 200,484,225,30,30,https://fakestoreapi.com/auth/login,320,0,0
1775837851761,322,Login - POST /auth/login,526,<none>,Usuarios - Login 1-22,text,false,El servidor no retorno codigo 200,484,226,30,30,https://fakestoreapi.com/auth/login,322,0,0
1775837851814,315,Login - POST /auth/login,526,<none>,Usuarios - Login 1-21,text,false,El servidor no retorno codigo 200,484,227,30,30,https://fakestoreapi.com/auth/login,315,0,0
1775837851813,318,Login - POST /auth/login,526,<none>,Usuarios - Login 1-20,text,false,El servidor no retorno codigo 200,484,225,30,30,https://fakestoreapi.com/auth/login,318,0,0
1775837851859,316,Login - POST /auth/login,526,<none>,Usuarios - Login 1-5,text,false,El servidor no retorno codigo 200,484,225,30,30,https://fakestoreapi.com/auth/login,316,0,0
1775837851859,317,Login - POST /auth/login,526,<none>,Usuarios - Login 1-1,text,false,El servidor no retorno codigo 200,484,225,30,30,https://fakestoreapi.com/auth/login,317,0,0
1775837851862,315,Login - POST /auth/login,526,<none>,Usuarios - Login 1-13,text,false,El servidor no retorno codigo 200,484,226,30,30,https://fakestoreapi.com/auth/login,315,0,0
1775837851862,316,Login - POST /auth/login,526,<none>,Usuarios - Login 1-15,text,false,El servidor no retorno codigo 200,484,227,30,30,https://fakestoreapi.com/auth/login,316,0,0
1775837851867,315,Login - POST /auth/login,526,<none>,Usuarios - Login 1-4,text,false,El servidor no retorno codigo 200,484,225,30,30,https://fakestoreapi.com/auth/login,315,0,0
1775837851890,321,Login - POST /auth/login,526,<none>,Usuarios - Login 1-2,text,false,El servidor no retorno codigo 200,484,231,30,30,https://fakestoreapi.com/auth/login,321,0,0
1775837851853,441,Login - POST /auth/login,526,<none>,Usuarios - Login 1-6,text,false,El servidor no retorno codigo 200,484,231,30,30,https://fakestoreapi.com/auth/login,440,0,122
1775837852112,319,Login - POST /auth/login,526,<none>,Usuarios - Login 1-27,text,false,El servidor no retorno codigo 200,484,226,30,30,https://fakestoreapi.com/auth/login,319,0,0
1775837852162,321,Login - POST /auth/login,526,<none>,Usuarios - Login 1-8,text,false,El servidor no retorno codigo 200,484,227,30,30,https://fakestoreapi.com/auth/login,321,0,0
1775837852262,322,Login - POST /auth/login,526,<none>,Usuarios - Login 1-16,text,false,El servidor no retorno codigo 200,484,231,30,30,https://fakestoreapi.com/auth/login,322,0,0
1775837852262,327,Login - POST /auth/login,526,<none>,Usuarios - Login 1-12,text,false,El servidor no retorno codigo 200,484,225,30,30,https://fakestoreapi.com/auth/login,327,0,0
1775837852363,318,Login - POST /auth/login,526,<none>,Usuarios - Login 1-30,text,false,El servidor no retorno codigo 200,484,226,30,30,https://fakestoreapi.com/auth/login,318,0,0
1775837852253,441,Login - POST /auth/login,526,<none>,Usuarios - Login 1-7,text,false,El servidor no retorno codigo 200,484,225,30,30,https://fakestoreapi.com/auth/login,441,0,122
1775837852410,321,Login - POST /auth/login,526,<none>,Usuarios - Login 1-9,text,false,El servidor no retorno codigo 200,484,227,30,30,https://fakestoreapi.com/auth/login,321,0,0
1775837852412,319,Login - POST /auth/login,526,<none>,Usuarios - Login 1-26,text,false,El servidor no retorno codigo 200,484,225,30,30,https://fakestoreapi.com/auth/login,319,0,0
1775837852712,322,Login - POST /auth/login,526,<none>,Usuarios - Login 1-25,text,false,El servidor no retorno codigo 200,484,231,30,30,https://fakestoreapi.com/auth/login,322,0,0
1775837852811,323,Login - POST /auth/login,526,<none>,Usuarios - Login 1-29,text,false,El servidor no retorno codigo 200,484,225,30,30,https://fakestoreapi.com/auth/login,323,0,0
1775837852963,317,Login - POST /auth/login,526,<none>,Usuarios - Login 1-10,text,false,El servidor no retorno codigo 200,484,227,30,30,https://fakestoreapi.com/auth/login,317,0,0
1775837852963,318,Login - POST /auth/login,526,<none>,Usuarios - Login 1-14,text,false,El servidor no retorno codigo 200,484,226,30,30,https://fakestoreapi.com/auth/login,318,0,0
1775837852963,319,Login - POST /auth/login,526,<none>,Usuarios - Login 1-17,text,false,El servidor no retorno codigo 200,484,225,30,30,https://fakestoreapi.com/auth/login,319,0,0
1775837852963,323,Login - POST /auth/login,526,<none>,Usuarios - Login 1-11,text,false,El servidor no retorno codigo 200,484,231,30,30,https://fakestoreapi.com/auth/login,323,0,0
1775837852963,327,Login - POST /auth/login,526,<none>,Usuarios - Login 1-24,text,false,El servidor no retorno codigo 200,484,225,30,30,https://fakestoreapi.com/auth/login,327,0,0
1775837853113,317,Login - POST /auth/login,526,<none>,Usuarios - Login 1-23,text,false,El servidor no retorno codigo 200,484,226,30,30,https://fakestoreapi.com/auth/login,317,0,0
1775837853112,320,Login - POST /auth/login,526,<none>,Usuarios - Login 1-18,text,false,El servidor no retorno codigo 200,484,227,30,30,https://fakestoreapi.com/auth/login,320,0,0
1775837853153,319,Login - POST /auth/login,526,<none>,Usuarios - Login 1-3,text,false,El servidor no retorno codigo 200,484,225,30,30,https://fakestoreapi.com/auth/login,319,0,0
1775837853213,320,Login - POST /auth/login,526,<none>,Usuarios - Login 1-28,text,false,El servidor no retorno codigo 200,484,231,30,30,https://fakestoreapi.com/auth/login,320,0,0
1775837853263,316,Login - POST /auth/login,526,<none>,Usuarios - Login 1-22,text,false,El servidor no retorno codigo 200,484,226,30,30,https://fakestoreapi.com/auth/login,316,0,0
1775837853263,316,Login - POST /auth/login,526,<none>,Usuarios - Login 1-19,text,false,El servidor no retorno codigo 200,484,225,30,30,https://fakestoreapi.com/auth/login,316,0,0
1775837853313,316,Login - POST /auth/login,526,<none>,Usuarios - Login 1-21,text,false,El servidor no retorno codigo 200,484,227,30,30,https://fakestoreapi.com/auth/login,316,0,0
1775837853311,321,Login - POST /auth/login,526,<none>,Usuarios - Login 1-20,text,false,El servidor no retorno codigo 200,484,225,30,30,https://fakestoreapi.com/auth/login,321,0,0
1775837853359,315,Login - POST /auth/login,526,<none>,Usuarios - Login 1-1,text,false,El servidor no retorno codigo 200,484,226,30,30,https://fakestoreapi.com/auth/login,315,0,0
1775837853353,321,Login - POST /auth/login,526,<none>,Usuarios - Login 1-6,text,false,El servidor no retorno codigo 200,484,225,30,30,https://fakestoreapi.com/auth/login,321,0,0
1775837853362,314,Login - POST /auth/login,526,<none>,Usuarios - Login 1-13,text,false,El servidor no retorno codigo 200,484,225,30,30,https://fakestoreapi.com/auth/login,314,0,0
1775837853359,320,Login - POST /auth/login,526,<none>,Usuarios - Login 1-5,text,false,El servidor no retorno codigo 200,484,231,30,30,https://fakestoreapi.com/auth/login,320,0,0
1775837853367,317,Login - POST /auth/login,526,<none>,Usuarios - Login 1-4,text,false,El servidor no retorno codigo 200,484,225,30,30,https://fakestoreapi.com/auth/login,317,0,0
1775837853362,321,Login - POST /auth/login,526,<none>,Usuarios - Login 1-15,text,false,El servidor no retorno codigo 200,484,227,30,30,https://fakestoreapi.com/auth/login,321,0,0
1775837853389,322,Login - POST /auth/login,526,<none>,Usuarios - Login 1-2,text,false,El servidor no retorno codigo 200,484,231,30,30,https://fakestoreapi.com/auth/login,322,0,0
1775837853611,318,Login - POST /auth/login,526,<none>,Usuarios - Login 1-27,text,false,El servidor no retorno codigo 200,484,226,30,30,https://fakestoreapi.com/auth/login,318,0,0
1775837853752,322,Login - POST /auth/login,526,<none>,Usuarios - Login 1-7,text,false,El servidor no retorno codigo 200,484,226,30,30,https://fakestoreapi.com/auth/login,322,0,0
1775837853761,320,Login - POST /auth/login,526,<none>,Usuarios - Login 1-16,text,false,El servidor no retorno codigo 200,484,225,30,30,https://fakestoreapi.com/auth/login,320,0,0
1775837853762,321,Login - POST /auth/login,526,<none>,Usuarios - Login 1-12,text,false,El servidor no retorno codigo 200,484,231,30,30,https://fakestoreapi.com/auth/login,321,0,0
1775837853661,444,Login - POST /auth/login,526,<none>,Usuarios - Login 1-8,text,false,El servidor no retorno codigo 200,484,227,30,30,https://fakestoreapi.com/auth/login,444,0,122
1775837853862,315,Login - POST /auth/login,526,<none>,Usuarios - Login 1-30,text,false,El servidor no retorno codigo 200,484,225,30,30,https://fakestoreapi.com/auth/login,315,0,0
1775837853911,316,Login - POST /auth/login,526,<none>,Usuarios - Login 1-26,text,false,El servidor no retorno codigo 200,484,227,30,30,https://fakestoreapi.com/auth/login,316,0,0
1775837853911,448,Login - POST /auth/login,526,<none>,Usuarios - Login 1-9,text,false,El servidor no retorno codigo 200,484,225,30,30,https://fakestoreapi.com/auth/login,448,0,125
1775837854213,318,Login - POST /auth/login,526,<none>,Usuarios - Login 1-25,text,false,El servidor no retorno codigo 200,484,231,30,30,https://fakestoreapi.com/auth/login,318,0,0
1775837854311,318,Login - POST /auth/login,526,<none>,Usuarios - Login 1-29,text,false,El servidor no retorno codigo 200,484,225,30,30,https://fakestoreapi.com/auth/login,318,0,0
1775837854462,316,Login - POST /auth/login,526,<none>,Usuarios - Login 1-14,text,false,El servidor no retorno codigo 200,484,227,30,30,https://fakestoreapi.com/auth/login,316,0,0
1775837854464,315,Login - POST /auth/login,526,<none>,Usuarios - Login 1-17,text,false,El servidor no retorno codigo 200,484,225,30,30,https://fakestoreapi.com/auth/login,315,0,0
1775837854464,316,Login - POST /auth/login,526,<none>,Usuarios - Login 1-10,text,false,El servidor no retorno codigo 200,484,226,30,30,https://fakestoreapi.com/auth/login,316,0,0
1775837854463,317,Login - POST /auth/login,526,<none>,Usuarios - Login 1-11,text,false,El servidor no retorno codigo 200,484,231,30,30,https://fakestoreapi.com/auth/login,317,0,0
1775837854464,323,Login - POST /auth/login,526,<none>,Usuarios - Login 1-24,text,false,El servidor no retorno codigo 200,484,225,30,30,https://fakestoreapi.com/auth/login,323,0,0
1775837854613,314,Login - POST /auth/login,526,<none>,Usuarios - Login 1-23,text,false,El servidor no retorno codigo 200,484,226,30,30,https://fakestoreapi.com/auth/login,314,0,0
1775837854611,318,Login - POST /auth/login,526,<none>,Usuarios - Login 1-18,text,false,El servidor no retorno codigo 200,484,227,30,30,https://fakestoreapi.com/auth/login,318,0,0
1775837854652,316,Login - POST /auth/login,526,<none>,Usuarios - Login 1-3,text,false,El servidor no retorno codigo 200,484,225,30,30,https://fakestoreapi.com/auth/login,316,0,0
1775837854713,318,Login - POST /auth/login,526,<none>,Usuarios - Login 1-28,text,false,El servidor no retorno codigo 200,484,231,30,30,https://fakestoreapi.com/auth/login,318,0,0
1775837854761,316,Login - POST /auth/login,526,<none>,Usuarios - Login 1-19,text,false,El servidor no retorno codigo 200,484,225,30,30,https://fakestoreapi.com/auth/login,316,0,0
1775837854762,315,Login - POST /auth/login,526,<none>,Usuarios - Login 1-22,text,false,El servidor no retorno codigo 200,484,226,30,30,https://fakestoreapi.com/auth/login,315,0,0
1775837854814,316,Login - POST /auth/login,526,<none>,Usuarios - Login 1-21,text,false,El servidor no retorno codigo 200,484,227,30,30,https://fakestoreapi.com/auth/login,316,0,0
1775837854813,321,Login - POST /auth/login,526,<none>,Usuarios - Login 1-20,text,false,El servidor no retorno codigo 200,484,225,30,30,https://fakestoreapi.com/auth/login,321,0,0
1775837854853,317,Login - POST /auth/login,526,<none>,Usuarios - Login 1-6,text,false,El servidor no retorno codigo 200,484,225,30,30,https://fakestoreapi.com/auth/login,317,0,0
1775837854859,315,Login - POST /auth/login,526,<none>,Usuarios - Login 1-5,text,false,El servidor no retorno codigo 200,484,226,30,30,https://fakestoreapi.com/auth/login,315,0,0
1775837854859,317,Login - POST /auth/login,526,<none>,Usuarios - Login 1-1,text,false,El servidor no retorno codigo 200,484,231,30,30,https://fakestoreapi.com/auth/login,317,0,0
1775837854861,315,Login - POST /auth/login,526,<none>,Usuarios - Login 1-13,text,false,El servidor no retorno codigo 200,484,225,30,30,https://fakestoreapi.com/auth/login,315,0,0
1775837854868,315,Login - POST /auth/login,526,<none>,Usuarios - Login 1-4,text,false,El servidor no retorno codigo 200,484,227,30,30,https://fakestoreapi.com/auth/login,315,0,0
1775837854861,317,Login - POST /auth/login,526,<none>,Usuarios - Login 1-15,text,false,El servidor no retorno codigo 200,484,231,30,30,https://fakestoreapi.com/auth/login,317,0,0
1775837854889,318,Login - POST /auth/login,526,<none>,Usuarios - Login 1-2,text,false,El servidor no retorno codigo 200,484,225,30,30,https://fakestoreapi.com/auth/login,318,0,0
1775837855112,318,Login - POST /auth/login,526,<none>,Usuarios - Login 1-27,text,false,El servidor no retorno codigo 200,484,226,30,30,https://fakestoreapi.com/auth/login,317,0,0
1775837855161,318,Login - POST /auth/login,526,<none>,Usuarios - Login 1-8,text,false,El servidor no retorno codigo 200,484,225,30,30,https://fakestoreapi.com/auth/login,318,0,0
1775837855252,315,Login - POST /auth/login,526,<none>,Usuarios - Login 1-7,text,false,El servidor no retorno codigo 200,484,227,30,30,https://fakestoreapi.com/auth/login,315,0,0
1775837855262,318,Login - POST /auth/login,526,<none>,Usuarios - Login 1-16,text,false,El servidor no retorno codigo 200,484,225,30,30,https://fakestoreapi.com/auth/login,318,0,0
1775837855264,323,Login - POST /auth/login,526,<none>,Usuarios - Login 1-12,text,false,El servidor no retorno codigo 200,484,231,30,30,https://fakestoreapi.com/auth/login,323,0,0
1775837855362,321,Login - POST /auth/login,526,<none>,Usuarios - Login 1-30,text,false,El servidor no retorno codigo 200,484,226,30,30,https://fakestoreapi.com/auth/login,321,0,0
1775837855410,316,Login - POST /auth/login,526,<none>,Usuarios - Login 1-26,text,false,El servidor no retorno codigo 200,484,227,30,30,https://fakestoreapi.com/auth/login,316,0,0
1775837855409,320,Login - POST /auth/login,526,<none>,Usuarios - Login 1-9,text,false,El servidor no retorno codigo 200,484,225,30,30,https://fakestoreapi.com/auth/login,320,0,0
1775837855713,323,Login - POST /auth/login,526,<none>,Usuarios - Login 1-25,text,false,El servidor no retorno codigo 200,484,231,30,30,https://fakestoreapi.com/auth/login,323,0,0
1775837855812,317,Login - POST /auth/login,526,<none>,Usuarios - Login 1-29,text,false,El servidor no retorno codigo 200,484,225,30,30,https://fakestoreapi.com/auth/login,317,0,0
1775837855962,318,Login - POST /auth/login,526,<none>,Usuarios - Login 1-14,text,false,El servidor no retorno codigo 200,484,226,30,30,https://fakestoreapi.com/auth/login,318,0,0
1775837855964,320,Login - POST /auth/login,526,<none>,Usuarios - Login 1-24,text,false,El servidor no retorno codigo 200,484,225,30,30,https://fakestoreapi.com/auth/login,320,0,0
1775837855962,324,Login - POST /auth/login,526,<none>,Usuarios - Login 1-17,text,false,El servidor no retorno codigo 200,484,227,30,30,https://fakestoreapi.com/auth/login,324,0,0
1775837855962,442,Login - POST /auth/login,526,<none>,Usuarios - Login 1-10,text,false,El servidor no retorno codigo 200,484,225,30,30,https://fakestoreapi.com/auth/login,442,0,124
1775837855962,449,Login - POST /auth/login,526,<none>,Usuarios - Login 1-11,text,false,El servidor no retorno codigo 200,484,231,30,30,https://fakestoreapi.com/auth/login,449,0,127
1775837856111,316,Login - POST /auth/login,526,<none>,Usuarios - Login 1-18,text,false,El servidor no retorno codigo 200,484,227,30,30,https://fakestoreapi.com/auth/login,316,0,0
1775837856114,315,Login - POST /auth/login,526,<none>,Usuarios - Login 1-23,text,false,El servidor no retorno codigo 200,484,226,30,30,https://fakestoreapi.com/auth/login,315,0,0
1775837856153,316,Login - POST /auth/login,526,<none>,Usuarios - Login 1-3,text,false,El servidor no retorno codigo 200,484,225,30,30,https://fakestoreapi.com/auth/login,316,0,0
1775837856212,319,Login - POST /auth/login,526,<none>,Usuarios - Login 1-28,text,false,El servidor no retorno codigo 200,484,231,30,30,https://fakestoreapi.com/auth/login,319,0,0
1775837856262,316,Login - POST /auth/login,526,<none>,Usuarios - Login 1-22,text,false,El servidor no retorno codigo 200,484,226,30,30,https://fakestoreapi.com/auth/login,316,0,0
1775837856261,317,Login - POST /auth/login,526,<none>,Usuarios - Login 1-19,text,false,El servidor no retorno codigo 200,484,225,30,30,https://fakestoreapi.com/auth/login,317,0,0
1775837856313,316,Login - POST /auth/login,526,<none>,Usuarios - Login 1-21,text,false,El servidor no retorno codigo 200,484,227,30,30,https://fakestoreapi.com/auth/login,316,0,0
1775837856313,320,Login - POST /auth/login,526,<none>,Usuarios - Login 1-20,text,false,El servidor no retorno codigo 200,484,225,30,30,https://fakestoreapi.com/auth/login,320,0,0
1775837856355,317,Login - POST /auth/login,526,<none>,Usuarios - Login 1-6,text,false,El servidor no retorno codigo 200,484,231,30,30,https://fakestoreapi.com/auth/login,317,0,0
1775837856359,314,Login - POST /auth/login,526,<none>,Usuarios - Login 1-5,text,false,El servidor no retorno codigo 200,484,225,30,30,https://fakestoreapi.com/auth/login,314,0,0
1775837856359,317,Login - POST /auth/login,526,<none>,Usuarios - Login 1-1,text,false,El servidor no retorno codigo 200,484,226,30,30,https://fakestoreapi.com/auth/login,317,0,0
1775837856362,314,Login - POST /auth/login,526,<none>,Usuarios - Login 1-13,text,false,El servidor no retorno codigo 200,484,227,30,30,https://fakestoreapi.com/auth/login,314,0,0
1775837856361,320,Login - POST /auth/login,526,<none>,Usuarios - Login 1-15,text,false,El servidor no retorno codigo 200,484,231,30,30,https://fakestoreapi.com/auth/login,320,0,0
1775837856367,319,Login - POST /auth/login,526,<none>,Usuarios - Login 1-4,text,false,El servidor no retorno codigo 200,484,225,30,30,https://fakestoreapi.com/auth/login,319,0,0
1775837856389,320,Login - POST /auth/login,526,<none>,Usuarios - Login 1-2,text,false,El servidor no retorno codigo 200,484,225,30,30,https://fakestoreapi.com/auth/login,319,0,0
1775837856611,320,Login - POST /auth/login,526,<none>,Usuarios - Login 1-27,text,false,El servidor no retorno codigo 200,484,226,30,30,https://fakestoreapi.com/auth/login,320,0,0
1775837856663,319,Login - POST /auth/login,526,<none>,Usuarios - Login 1-8,text,false,El servidor no retorno codigo 200,484,227,30,30,https://fakestoreapi.com/auth/login,319,0,0
1775837856751,316,Login - POST /auth/login,526,<none>,Usuarios - Login 1-7,text,false,El servidor no retorno codigo 200,484,225,30,30,https://fakestoreapi.com/auth/login,316,0,0
1775837856761,319,Login - POST /auth/login,526,<none>,Usuarios - Login 1-16,text,false,El servidor no retorno codigo 200,484,231,30,30,https://fakestoreapi.com/auth/login,319,0,0
1775837856763,319,Login - POST /auth/login,526,<none>,Usuarios - Login 1-12,text,false,El servidor no retorno codigo 200,484,225,30,30,https://fakestoreapi.com/auth/login,319,0,0
1775837856862,318,Login - POST /auth/login,526,<none>,Usuarios - Login 1-30,text,false,El servidor no retorno codigo 200,484,226,30,30,https://fakestoreapi.com/auth/login,317,0,0
1775837856911,417,Login - POST /auth/login,526,<none>,Usuarios - Login 1-26,text,false,El servidor no retorno codigo 200,484,227,30,30,https://fakestoreapi.com/auth/login,417,0,0
1775837856909,419,Login - POST /auth/login,526,<none>,Usuarios - Login 1-9,text,false,El servidor no retorno codigo 200,484,225,30,30,https://fakestoreapi.com/auth/login,419,0,0
1775837857212,320,Login - POST /auth/login,526,<none>,Usuarios - Login 1-25,text,false,El servidor no retorno codigo 200,484,231,30,30,https://fakestoreapi.com/auth/login,320,0,0
1775837857311,331,Login - POST /auth/login,526,<none>,Usuarios - Login 1-29,text,false,El servidor no retorno codigo 200,484,225,30,30,https://fakestoreapi.com/auth/login,331,0,0
1775837857462,320,Login - POST /auth/login,526,<none>,Usuarios - Login 1-14,text,false,El servidor no retorno codigo 200,484,226,30,30,https://fakestoreapi.com/auth/login,320,0,0
1775837857464,320,Login - POST /auth/login,526,<none>,Usuarios - Login 1-10,text,false,El servidor no retorno codigo 200,484,231,30,30,https://fakestoreapi.com/auth/login,320,0,0
1775837857462,322,Login - POST /auth/login,526,<none>,Usuarios - Login 1-11,text,false,El servidor no retorno codigo 200,484,225,30,30,https://fakestoreapi.com/auth/login,322,0,0
1775837857463,321,Login - POST /auth/login,526,<none>,Usuarios - Login 1-17,text,false,El servidor no retorno codigo 200,484,225,30,30,https://fakestoreapi.com/auth/login,321,0,0
1775837857462,332,Login - POST /auth/login,526,<none>,Usuarios - Login 1-24,text,false,El servidor no retorno codigo 200,484,227,30,30,https://fakestoreapi.com/auth/login,332,0,0
1775837857653,357,Login - POST /auth/login,526,<none>,Usuarios - Login 1-3,text,false,El servidor no retorno codigo 200,484,225,30,30,https://fakestoreapi.com/auth/login,357,0,0
1775837857610,400,Login - POST /auth/login,526,<none>,Usuarios - Login 1-18,text,false,El servidor no retorno codigo 200,484,226,30,30,https://fakestoreapi.com/auth/login,400,0,0
1775837857613,397,Login - POST /auth/login,526,<none>,Usuarios - Login 1-23,text,false,El servidor no retorno codigo 200,484,227,30,30,https://fakestoreapi.com/auth/login,397,0,0
1775837857812,323,Login - POST /auth/login,526,<none>,Usuarios - Login 1-20,text,false,El servidor no retorno codigo 200,484,225,30,30,https://fakestoreapi.com/auth/login,323,0,0
1775837857763,372,Login - POST /auth/login,526,<none>,Usuarios - Login 1-22,text,false,El servidor no retorno codigo 200,484,226,30,30,https://fakestoreapi.com/auth/login,372,0,0
1775837857712,423,Login - POST /auth/login,526,<none>,Usuarios - Login 1-28,text,false,El servidor no retorno codigo 200,484,231,30,30,https://fakestoreapi.com/auth/login,423,0,0
1775837857761,374,Login - POST /auth/login,526,<none>,Usuarios - Login 1-19,text,false,El servidor no retorno codigo 200,484,225,30,30,https://fakestoreapi.com/auth/login,374,0,0
1775837857814,321,Login - POST /auth/login,526,<none>,Usuarios - Login 1-21,text,false,El servidor no retorno codigo 200,484,227,30,30,https://fakestoreapi.com/auth/login,321,0,0
1775837857861,396,Login - POST /auth/login,526,<none>,Usuarios - Login 1-15,text,false,El servidor no retorno codigo 200,484,226,30,30,https://fakestoreapi.com/auth/login,396,0,0
1775837857867,390,Login - POST /auth/login,526,<none>,Usuarios - Login 1-4,text,false,El servidor no retorno codigo 200,484,231,30,30,https://fakestoreapi.com/auth/login,390,0,0
1775837857858,399,Login - POST /auth/login,526,<none>,Usuarios - Login 1-5,text,false,El servidor no retorno codigo 200,484,225,30,30,https://fakestoreapi.com/auth/login,399,0,0
1775837857888,369,Login - POST /auth/login,526,<none>,Usuarios - Login 1-2,text,false,El servidor no retorno codigo 200,484,225,30,30,https://fakestoreapi.com/auth/login,369,0,0
1775837857858,399,Login - POST /auth/login,526,<none>,Usuarios - Login 1-1,text,false,El servidor no retorno codigo 200,484,227,30,30,https://fakestoreapi.com/auth/login,399,0,0
1775837857853,404,Login - POST /auth/login,526,<none>,Usuarios - Login 1-6,text,false,El servidor no retorno codigo 200,484,231,30,30,https://fakestoreapi.com/auth/login,404,0,0
1775837858111,340,Login - POST /auth/login,526,<none>,Usuarios - Login 1-27,text,false,El servidor no retorno codigo 200,484,226,30,30,https://fakestoreapi.com/auth/login,340,0,0
1775837857861,591,Login - POST /auth/login,526,<none>,Usuarios - Login 1-13,text,false,El servidor no retorno codigo 200,484,225,30,30,https://fakestoreapi.com/auth/login,591,0,210
1775837858162,314,Login - POST /auth/login,526,<none>,Usuarios - Login 1-8,text,false,El servidor no retorno codigo 200,484,227,30,30,https://fakestoreapi.com/auth/login,314,0,0
1775837858252,319,Login - POST /auth/login,526,<none>,Usuarios - Login 1-7,text,false,El servidor no retorno codigo 200,484,225,30,30,https://fakestoreapi.com/auth/login,319,0,0
1775837858263,321,Login - POST /auth/login,526,<none>,Usuarios - Login 1-16,text,false,El servidor no retorno codigo 200,484,231,30,30,https://fakestoreapi.com/auth/login,321,0,0
1775837858362,336,Login - POST /auth/login,526,<none>,Usuarios - Login 1-30,text,false,El servidor no retorno codigo 200,484,226,30,30,https://fakestoreapi.com/auth/login,336,0,0
1775837858411,319,Login - POST /auth/login,526,<none>,Usuarios - Login 1-26,text,false,El servidor no retorno codigo 200,484,227,30,30,https://fakestoreapi.com/auth/login,319,0,0
1775837858411,325,Login - POST /auth/login,526,<none>,Usuarios - Login 1-9,text,false,El servidor no retorno codigo 200,484,225,30,30,https://fakestoreapi.com/auth/login,325,0,0
1775837858263,511,Login - POST /auth/login,526,<none>,Usuarios - Login 1-12,text,false,El servidor no retorno codigo 200,484,225,30,30,https://fakestoreapi.com/auth/login,511,0,181
1775837858713,318,Login - POST /auth/login,526,<none>,Usuarios - Login 1-25,text,false,El servidor no retorno codigo 200,484,231,30,30,https://fakestoreapi.com/auth/login,318,0,0
1775837858812,314,Login - POST /auth/login,526,<none>,Usuarios - Login 1-29,text,false,El servidor no retorno codigo 200,484,225,30,30,https://fakestoreapi.com/auth/login,314,0,0
1775837858963,318,Login - POST /auth/login,526,<none>,Usuarios - Login 1-10,text,false,El servidor no retorno codigo 200,484,227,30,30,https://fakestoreapi.com/auth/login,318,0,0
1775837858963,319,Login - POST /auth/login,526,<none>,Usuarios - Login 1-11,text,false,El servidor no retorno codigo 200,484,225,30,30,https://fakestoreapi.com/auth/login,319,0,0
1775837858965,321,Login - POST /auth/login,526,<none>,Usuarios - Login 1-17,text,false,El servidor no retorno codigo 200,484,231,30,30,https://fakestoreapi.com/auth/login,321,0,0
1775837858963,324,Login - POST /auth/login,526,<none>,Usuarios - Login 1-24,text,false,El servidor no retorno codigo 200,484,225,30,30,https://fakestoreapi.com/auth/login,324,0,0
1775837858962,442,Login - POST /auth/login,526,<none>,Usuarios - Login 1-14,text,false,El servidor no retorno codigo 200,484,226,30,30,https://fakestoreapi.com/auth/login,442,0,122
1775837859114,315,Login - POST /auth/login,526,<none>,Usuarios - Login 1-23,text,false,El servidor no retorno codigo 200,484,227,30,30,https://fakestoreapi.com/auth/login,315,0,0
1775837859111,321,Login - POST /auth/login,526,<none>,Usuarios - Login 1-18,text,false,El servidor no retorno codigo 200,484,225,30,30,https://fakestoreapi.com/auth/login,321,0,0
1775837859154,322,Login - POST /auth/login,526,<none>,Usuarios - Login 1-3,text,false,El servidor no retorno codigo 200,484,226,30,30,https://fakestoreapi.com/auth/login,322,0,0
1775837859213,320,Login - POST /auth/login,526,<none>,Usuarios - Login 1-28,text,false,El servidor no retorno codigo 200,484,231,30,30,https://fakestoreapi.com/auth/login,320,0,0
1775837859263,316,Login - POST /auth/login,526,<none>,Usuarios - Login 1-22,text,false,El servidor no retorno codigo 200,484,225,30,30,https://fakestoreapi.com/auth/login,316,0,0
1775837859262,317,Login - POST /auth/login,526,<none>,Usuarios - Login 1-19,text,false,El servidor no retorno codigo 200,484,227,30,30,https://fakestoreapi.com/auth/login,317,0,0
1775837859314,320,Login - POST /auth/login,526,<none>,Usuarios - Login 1-21,text,false,El servidor no retorno codigo 200,484,226,30,30,https://fakestoreapi.com/auth/login,320,0,0
1775837859312,323,Login - POST /auth/login,526,<none>,Usuarios - Login 1-20,text,false,El servidor no retorno codigo 200,484,225,30,30,https://fakestoreapi.com/auth/login,323,0,0
1775837859359,315,Login - POST /auth/login,526,<none>,Usuarios - Login 1-5,text,false,El servidor no retorno codigo 200,484,226,30,30,https://fakestoreapi.com/auth/login,315,0,0
1775837859353,321,Login - POST /auth/login,526,<none>,Usuarios - Login 1-6,text,false,El servidor no retorno codigo 200,484,225,30,30,https://fakestoreapi.com/auth/login,321,0,0
1775837859359,315,Login - POST /auth/login,526,<none>,Usuarios - Login 1-1,text,false,El servidor no retorno codigo 200,484,231,30,30,https://fakestoreapi.com/auth/login,315,0,0
1775837859363,316,Login - POST /auth/login,526,<none>,Usuarios - Login 1-15,text,false,El servidor no retorno codigo 200,484,225,30,30,https://fakestoreapi.com/auth/login,316,0,0
1775837859368,317,Login - POST /auth/login,526,<none>,Usuarios - Login 1-4,text,false,El servidor no retorno codigo 200,484,231,30,30,https://fakestoreapi.com/auth/login,317,0,0
1775837859361,320,Login - POST /auth/login,526,<none>,Usuarios - Login 1-13,text,false,El servidor no retorno codigo 200,484,226,30,30,https://fakestoreapi.com/auth/login,320,0,0
1775837859389,325,Login - POST /auth/login,526,<none>,Usuarios - Login 1-2,text,false,El servidor no retorno codigo 200,484,227,30,30,https://fakestoreapi.com/auth/login,325,0,0
1775837859611,319,Login - POST /auth/login,526,<none>,Usuarios - Login 1-27,text,false,El servidor no retorno codigo 200,484,225,30,30,https://fakestoreapi.com/auth/login,319,0,0
1775837859661,319,Login - POST /auth/login,526,<none>,Usuarios - Login 1-8,text,false,El servidor no retorno codigo 200,484,227,30,30,https://fakestoreapi.com/auth/login,319,0,0
1775837859751,317,Login - POST /auth/login,526,<none>,Usuarios - Login 1-7,text,false,El servidor no retorno codigo 200,484,225,30,30,https://fakestoreapi.com/auth/login,317,0,0
1775837859762,317,Login - POST /auth/login,526,<none>,Usuarios - Login 1-12,text,false,El servidor no retorno codigo 200,484,225,30,30,https://fakestoreapi.com/auth/login,317,0,0
1775837859761,318,Login - POST /auth/login,526,<none>,Usuarios - Login 1-16,text,false,El servidor no retorno codigo 200,484,231,30,30,https://fakestoreapi.com/auth/login,318,0,0
1775837859861,318,Login - POST /auth/login,526,<none>,Usuarios - Login 1-30,text,false,El servidor no retorno codigo 200,484,225,30,30,https://fakestoreapi.com/auth/login,318,0,0
1775837859909,317,Login - POST /auth/login,526,<none>,Usuarios - Login 1-9,text,false,El servidor no retorno codigo 200,484,227,30,30,https://fakestoreapi.com/auth/login,317,0,0
1775837859911,315,Login - POST /auth/login,526,<none>,Usuarios - Login 1-26,text,false,El servidor no retorno codigo 200,484,226,30,30,https://fakestoreapi.com/auth/login,315,0,0
1775837860212,391,Login - POST /auth/login,526,<none>,Usuarios - Login 1-25,text,false,El servidor no retorno codigo 200,484,231,30,30,https://fakestoreapi.com/auth/login,391,0,0
1775837860311,316,Login - POST /auth/login,526,<none>,Usuarios - Login 1-29,text,false,El servidor no retorno codigo 200,484,225,30,30,https://fakestoreapi.com/auth/login,316,0,0
1775837860462,484,Login - POST /auth/login,526,<none>,Usuarios - Login 1-24,text,false,El servidor no retorno codigo 200,484,231,30,30,https://fakestoreapi.com/auth/login,484,0,0
1775837860462,484,Login - POST /auth/login,526,<none>,Usuarios - Login 1-11,text,false,El servidor no retorno codigo 200,484,227,30,30,https://fakestoreapi.com/auth/login,484,0,0
1775837860463,483,Login - POST /auth/login,526,<none>,Usuarios - Login 1-10,text,false,El servidor no retorno codigo 200,484,226,30,30,https://fakestoreapi.com/auth/login,483,0,0
1775837860462,484,Login - POST /auth/login,526,<none>,Usuarios - Login 1-17,text,false,El servidor no retorno codigo 200,484,225,30,30,https://fakestoreapi.com/auth/login,484,0,0
1775837860461,485,Login - POST /auth/login,526,<none>,Usuarios - Login 1-14,text,false,El servidor no retorno codigo 200,484,225,30,30,https://fakestoreapi.com/auth/login,485,0,0
1775837860611,336,Login - POST /auth/login,526,<none>,Usuarios - Login 1-18,text,false,El servidor no retorno codigo 200,484,227,30,30,https://fakestoreapi.com/auth/login,336,0,0
1775837860613,334,Login - POST /auth/login,526,<none>,Usuarios - Login 1-23,text,false,El servidor no retorno codigo 200,484,226,30,30,https://fakestoreapi.com/auth/login,334,0,0
1775837860653,417,Login - POST /auth/login,526,<none>,Usuarios - Login 1-3,text,false,El servidor no retorno codigo 200,484,225,30,30,https://fakestoreapi.com/auth/login,417,0,0
1775837860711,359,Login - POST /auth/login,526,<none>,Usuarios - Login 1-28,text,false,El servidor no retorno codigo 200,484,231,30,30,https://fakestoreapi.com/auth/login,359,0,0
1775837860762,316,Login - POST /auth/login,526,<none>,Usuarios - Login 1-22,text,false,El servidor no retorno codigo 200,484,225,30,30,https://fakestoreapi.com/auth/login,315,0,0
1775837860762,316,Login - POST /auth/login,526,<none>,Usuarios - Login 1-19,text,false,El servidor no retorno codigo 200,484,226,30,30,https://fakestoreapi.com/auth/login,316,0,0
1775837860813,355,Login - POST /auth/login,526,<none>,Usuarios - Login 1-21,text,false,El servidor no retorno codigo 200,484,227,30,30,https://fakestoreapi.com/auth/login,355,0,0
1775837860853,317,Login - POST /auth/login,526,<none>,Usuarios - Login 1-6,text,false,El servidor no retorno codigo 200,484,225,30,30,https://fakestoreapi.com/auth/login,317,0,0
1775837860811,360,Login - POST /auth/login,526,<none>,Usuarios - Login 1-20,text,false,El servidor no retorno codigo 200,484,225,30,30,https://fakestoreapi.com/auth/login,360,0,0
1775837860859,317,Login - POST /auth/login,526,<none>,Usuarios - Login 1-5,text,false,El servidor no retorno codigo 200,484,231,30,30,https://fakestoreapi.com/auth/login,317,0,0
1775837860858,318,Login - POST /auth/login,526,<none>,Usuarios - Login 1-1,text,false,El servidor no retorno codigo 200,484,226,30,30,https://fakestoreapi.com/auth/login,318,0,0
1775837860861,317,Login - POST /auth/login,526,<none>,Usuarios - Login 1-13,text,false,El servidor no retorno codigo 200,484,231,30,30,https://fakestoreapi.com/auth/login,317,0,0
1775837860867,322,Login - POST /auth/login,526,<none>,Usuarios - Login 1-4,text,false,El servidor no retorno codigo 200,484,225,30,30,https://fakestoreapi.com/auth/login,322,0,0
1775837860889,322,Login - POST /auth/login,526,<none>,Usuarios - Login 1-2,text,false,El servidor no retorno codigo 200,484,225,30,30,https://fakestoreapi.com/auth/login,322,0,0
1775837860863,528,Login - POST /auth/login,526,<none>,Usuarios - Login 1-15,text,false,El servidor no retorno codigo 200,484,227,30,30,https://fakestoreapi.com/auth/login,528,0,209
1775837861113,320,Login - POST /auth/login,526,<none>,Usuarios - Login 1-27,text,false,El servidor no retorno codigo 200,484,226,30,30,https://fakestoreapi.com/auth/login,320,0,0
1775837861162,343,Login - POST /auth/login,526,<none>,Usuarios - Login 1-8,text,false,El servidor no retorno codigo 200,484,227,30,30,https://fakestoreapi.com/auth/login,343,0,0
1775837861263,399,Login - POST /auth/login,526,<none>,Usuarios - Login 1-12,text,false,El servidor no retorno codigo 200,484,225,30,30,https://fakestoreapi.com/auth/login,399,0,0
1775837861252,410,Login - POST /auth/login,526,<none>,Usuarios - Login 1-7,text,false,El servidor no retorno codigo 200,484,225,30,30,https://fakestoreapi.com/auth/login,410,0,0
1775837861361,342,Login - POST /auth/login,526,<none>,Usuarios - Login 1-30,text,false,El servidor no retorno codigo 200,484,226,30,30,https://fakestoreapi.com/auth/login,342,0,0
1775837861408,378,Login - POST /auth/login,526,<none>,Usuarios - Login 1-9,text,false,El servidor no retorno codigo 200,484,227,30,30,https://fakestoreapi.com/auth/login,378,0,0
1775837861411,375,Login - POST /auth/login,526,<none>,Usuarios - Login 1-26,text,false,El servidor no retorno codigo 200,484,225,30,30,https://fakestoreapi.com/auth/login,375,0,0
1775837861262,568,Login - POST /auth/login,526,<none>,Usuarios - Login 1-16,text,false,El servidor no retorno codigo 200,484,231,30,30,https://fakestoreapi.com/auth/login,568,0,245
1775837861711,356,Login - POST /auth/login,526,<none>,Usuarios - Login 1-25,text,false,El servidor no retorno codigo 200,484,231,30,30,https://fakestoreapi.com/auth/login,356,0,0
1775837861811,380,Login - POST /auth/login,526,<none>,Usuarios - Login 1-29,text,false,El servidor no retorno codigo 200,484,225,30,30,https://fakestoreapi.com/auth/login,380,0,0
1775837861961,364,Login - POST /auth/login,526,<none>,Usuarios - Login 1-14,text,false,El servidor no retorno codigo 200,484,225,30,30,https://fakestoreapi.com/auth/login,364,0,0
1775837861963,362,Login - POST /auth/login,526,<none>,Usuarios - Login 1-11,text,false,El servidor no retorno codigo 200,484,227,30,30,https://fakestoreapi.com/auth/login,362,0,0
1775837861962,363,Login - POST /auth/login,526,<none>,Usuarios - Login 1-10,text,false,El servidor no retorno codigo 200,484,231,30,30,https://fakestoreapi.com/auth/login,363,0,0
1775837861963,362,Login - POST /auth/login,526,<none>,Usuarios - Login 1-24,text,false,El servidor no retorno codigo 200,484,226,30,30,https://fakestoreapi.com/auth/login,362,0,0
1775837862112,331,Login - POST /auth/login,526,<none>,Usuarios - Login 1-23,text,false,El servidor no retorno codigo 200,484,227,30,30,https://fakestoreapi.com/auth/login,331,0,0
1775837862110,333,Login - POST /auth/login,526,<none>,Usuarios - Login 1-18,text,false,El servidor no retorno codigo 200,484,226,30,30,https://fakestoreapi.com/auth/login,333,0,0
1775837862153,412,Login - POST /auth/login,526,<none>,Usuarios - Login 1-3,text,false,El servidor no retorno codigo 200,484,225,30,30,https://fakestoreapi.com/auth/login,412,0,0
1775837862211,354,Login - POST /auth/login,526,<none>,Usuarios - Login 1-28,text,false,El servidor no retorno codigo 200,484,231,30,30,https://fakestoreapi.com/auth/login,354,0,0
1775837861962,604,Login - POST /auth/login,526,<none>,Usuarios - Login 1-17,text,false,El servidor no retorno codigo 200,484,225,30,30,https://fakestoreapi.com/auth/login,604,0,230
1775837862262,432,Login - POST /auth/login,526,<none>,Usuarios - Login 1-19,text,false,El servidor no retorno codigo 200,484,226,30,30,https://fakestoreapi.com/auth/login,432,0,0
1775837862311,383,Login - POST /auth/login,526,<none>,Usuarios - Login 1-20,text,false,El servidor no retorno codigo 200,484,231,30,30,https://fakestoreapi.com/auth/login,383,0,0
1775837862262,432,Login - POST /auth/login,526,<none>,Usuarios - Login 1-22,text,false,El servidor no retorno codigo 200,484,225,30,30,https://fakestoreapi.com/auth/login,432,0,0
1775837862314,380,Login - POST /auth/login,526,<none>,Usuarios - Login 1-21,text,false,El servidor no retorno codigo 200,484,227,30,30,https://fakestoreapi.com/auth/login,380,0,0
1775837862359,335,Login - POST /auth/login,526,<none>,Usuarios - Login 1-1,text,false,El servidor no retorno codigo 200,484,226,30,30,https://fakestoreapi.com/auth/login,335,0,0
1775837862354,340,Login - POST /auth/login,526,<none>,Usuarios - Login 1-6,text,false,El servidor no retorno codigo 200,484,225,30,30,https://fakestoreapi.com/auth/login,340,0,0
1775837862359,335,Login - POST /auth/login,526,<none>,Usuarios - Login 1-5,text,false,El servidor no retorno codigo 200,484,225,30,30,https://fakestoreapi.com/auth/login,335,0,0
1775837862363,331,Login - POST /auth/login,526,<none>,Usuarios - Login 1-13,text,false,El servidor no retorno codigo 200,484,227,30,30,https://fakestoreapi.com/auth/login,331,0,0
1775837862363,331,Login - POST /auth/login,526,<none>,Usuarios - Login 1-15,text,false,El servidor no retorno codigo 200,484,225,30,30,https://fakestoreapi.com/auth/login,331,0,0
1775837862368,326,Login - POST /auth/login,526,<none>,Usuarios - Login 1-4,text,false,El servidor no retorno codigo 200,484,225,30,30,https://fakestoreapi.com/auth/login,326,0,0
1775837862389,430,Login - POST /auth/login,526,<none>,Usuarios - Login 1-2,text,false,El servidor no retorno codigo 200,484,231,30,30,https://fakestoreapi.com/auth/login,430,0,0
1775837862611,332,Login - POST /auth/login,526,<none>,Usuarios - Login 1-27,text,false,El servidor no retorno codigo 200,484,226,30,30,https://fakestoreapi.com/auth/login,332,0,0
1775837862660,420,Login - POST /auth/login,526,<none>,Usuarios - Login 1-8,text,false,El servidor no retorno codigo 200,484,227,30,30,https://fakestoreapi.com/auth/login,420,0,0
1775837862864,339,Login - POST /auth/login,526,<none>,Usuarios - Login 1-30,text,false,El servidor no retorno codigo 200,484,225,30,30,https://fakestoreapi.com/auth/login,339,0,0
1775837862762,441,Login - POST /auth/login,526,<none>,Usuarios - Login 1-12,text,false,El servidor no retorno codigo 200,484,231,30,30,https://fakestoreapi.com/auth/login,441,0,0
1775837862762,441,Login - POST /auth/login,526,<none>,Usuarios - Login 1-16,text,false,El servidor no retorno codigo 200,484,225,30,30,https://fakestoreapi.com/auth/login,441,0,0
1775837862752,451,Login - POST /auth/login,526,<none>,Usuarios - Login 1-7,text,false,El servidor no retorno codigo 200,484,225,30,30,https://fakestoreapi.com/auth/login,451,0,0
1775837862910,420,Login - POST /auth/login,526,<none>,Usuarios - Login 1-9,text,false,El servidor no retorno codigo 200,484,226,30,30,https://fakestoreapi.com/auth/login,420,0,0
1775837862913,417,Login - POST /auth/login,526,<none>,Usuarios - Login 1-26,text,false,El servidor no retorno codigo 200,484,227,30,30,https://fakestoreapi.com/auth/login,417,0,0
1775837863213,374,Login - POST /auth/login,526,<none>,Usuarios - Login 1-25,text,false,El servidor no retorno codigo 200,484,231,30,30,https://fakestoreapi.com/auth/login,374,0,0
1775837863311,336,Login - POST /auth/login,526,<none>,Usuarios - Login 1-29,text,false,El servidor no retorno codigo 200,484,225,30,30,https://fakestoreapi.com/auth/login,336,0,0
1775837863464,373,Login - POST /auth/login,526,<none>,Usuarios - Login 1-14,text,false,El servidor no retorno codigo 200,484,226,30,30,https://fakestoreapi.com/auth/login,373,0,0
1775837863465,372,Login - POST /auth/login,526,<none>,Usuarios - Login 1-17,text,false,El servidor no retorno codigo 200,484,231,30,30,https://fakestoreapi.com/auth/login,372,0,0
1775837863464,373,Login - POST /auth/login,526,<none>,Usuarios - Login 1-11,text,false,El servidor no retorno codigo 200,484,225,30,30,https://fakestoreapi.com/auth/login,373,0,0
1775837863464,373,Login - POST /auth/login,526,<none>,Usuarios - Login 1-24,text,false,El servidor no retorno codigo 200,484,227,30,30,https://fakestoreapi.com/auth/login,373,0,0
1775837863464,373,Login - POST /auth/login,526,<none>,Usuarios - Login 1-10,text,false,El servidor no retorno codigo 200,484,231,30,30,https://fakestoreapi.com/auth/login,373,0,0
1775837863614,316,Login - POST /auth/login,526,<none>,Usuarios - Login 1-23,text,false,El servidor no retorno codigo 200,484,225,30,30,https://fakestoreapi.com/auth/login,316,0,0
1775837863713,400,Login - POST /auth/login,526,<none>,Usuarios - Login 1-28,text,false,El servidor no retorno codigo 200,484,227,30,30,https://fakestoreapi.com/auth/login,400,0,0
1775837863655,458,Login - POST /auth/login,526,<none>,Usuarios - Login 1-3,text,false,El servidor no retorno codigo 200,484,225,30,30,https://fakestoreapi.com/auth/login,458,0,0
1775837863763,350,Login - POST /auth/login,526,<none>,Usuarios - Login 1-22,text,false,El servidor no retorno codigo 200,484,227,30,30,https://fakestoreapi.com/auth/login,350,0,0
1775837863763,350,Login - POST /auth/login,526,<none>,Usuarios - Login 1-19,text,false,El servidor no retorno codigo 200,484,225,30,30,https://fakestoreapi.com/auth/login,350,0,0
1775837863814,340,Login - POST /auth/login,526,<none>,Usuarios - Login 1-20,text,false,El servidor no retorno codigo 200,484,226,30,30,https://fakestoreapi.com/auth/login,340,0,0
1775837863612,545,Login - POST /auth/login,526,<none>,Usuarios - Login 1-18,text,false,El servidor no retorno codigo 200,484,226,30,30,https://fakestoreapi.com/auth/login,545,0,227
1775837863814,344,Login - POST /auth/login,526,<none>,Usuarios - Login 1-21,text,false,El servidor no retorno codigo 200,484,225,30,30,https://fakestoreapi.com/auth/login,344,0,0
1775837863854,318,Login - POST /auth/login,526,<none>,Usuarios - Login 1-6,text,false,El servidor no retorno codigo 200,484,225,30,30,https://fakestoreapi.com/auth/login,318,0,0
1775837863859,315,Login - POST /auth/login,526,<none>,Usuarios - Login 1-1,text,false,El servidor no retorno codigo 200,484,231,30,30,https://fakestoreapi.com/auth/login,315,0,0
1775837863859,316,Login - POST /auth/login,526,<none>,Usuarios - Login 1-5,text,false,El servidor no retorno codigo 200,484,226,30,30,https://fakestoreapi.com/auth/login,316,0,0
1775837863862,391,Login - POST /auth/login,526,<none>,Usuarios - Login 1-13,text,false,El servidor no retorno codigo 200,484,227,30,30,https://fakestoreapi.com/auth/login,391,0,0
1775837863889,364,Login - POST /auth/login,526,<none>,Usuarios - Login 1-2,text,false,El servidor no retorno codigo 200,484,225,30,30,https://fakestoreapi.com/auth/login,364,0,0
1775837863868,385,Login - POST /auth/login,526,<none>,Usuarios - Login 1-4,text,false,El servidor no retorno codigo 200,484,231,30,30,https://fakestoreapi.com/auth/login,385,0,0
1775837863862,391,Login - POST /auth/login,526,<none>,Usuarios - Login 1-15,text,false,El servidor no retorno codigo 200,484,225,30,30,https://fakestoreapi.com/auth/login,391,0,0
1775837864115,316,Login - POST /auth/login,526,<none>,Usuarios - Login 1-27,text,false,El servidor no retorno codigo 200,484,226,30,30,https://fakestoreapi.com/auth/login,316,0,0
1775837864162,376,Login - POST /auth/login,526,<none>,Usuarios - Login 1-8,text,false,El servidor no retorno codigo 200,484,227,30,30,https://fakestoreapi.com/auth/login,376,0,0
1775837864252,316,Login - POST /auth/login,526,<none>,Usuarios - Login 1-7,text,false,El servidor no retorno codigo 200,484,226,30,30,https://fakestoreapi.com/auth/login,316,0,0
1775837864263,319,Login - POST /auth/login,526,<none>,Usuarios - Login 1-12,text,false,El servidor no retorno codigo 200,484,225,30,30,https://fakestoreapi.com/auth/login,319,0,0
1775837864262,322,Login - POST /auth/login,526,<none>,Usuarios - Login 1-16,text,false,El servidor no retorno codigo 200,484,231,30,30,https://fakestoreapi.com/auth/login,322,0,0
1775837864364,352,Login - POST /auth/login,526,<none>,Usuarios - Login 1-30,text,false,El servidor no retorno codigo 200,484,225,30,30,https://fakestoreapi.com/auth/login,352,0,0
1775837864413,317,Login - POST /auth/login,526,<none>,Usuarios - Login 1-26,text,false,El servidor no retorno codigo 200,484,225,30,30,https://fakestoreapi.com/auth/login,317,0,0
1775837864410,321,Login - POST /auth/login,526,<none>,Usuarios - Login 1-9,text,false,El servidor no retorno codigo 200,484,227,30,30,https://fakestoreapi.com/auth/login,321,0,0
1775837864713,384,Login - POST /auth/login,526,<none>,Usuarios - Login 1-25,text,false,El servidor no retorno codigo 200,484,231,30,30,https://fakestoreapi.com/auth/login,384,0,0
1775837864812,318,Login - POST /auth/login,526,<none>,Usuarios - Login 1-29,text,false,El servidor no retorno codigo 200,484,225,30,30,https://fakestoreapi.com/auth/login,318,0,0
1775837864964,315,Login - POST /auth/login,526,<none>,Usuarios - Login 1-10,text,false,El servidor no retorno codigo 200,484,227,30,30,https://fakestoreapi.com/auth/login,315,0,0
1775837864964,319,Login - POST /auth/login,526,<none>,Usuarios - Login 1-11,text,false,El servidor no retorno codigo 200,484,231,30,30,https://fakestoreapi.com/auth/login,319,0,0
1775837864963,321,Login - POST /auth/login,526,<none>,Usuarios - Login 1-24,text,false,El servidor no retorno codigo 200,484,226,30,30,https://fakestoreapi.com/auth/login,321,0,0
1775837864963,321,Login - POST /auth/login,526,<none>,Usuarios - Login 1-17,text,false,El servidor no retorno codigo 200,484,225,30,30,https://fakestoreapi.com/auth/login,321,0,0
1775837864964,324,Login - POST /auth/login,526,<none>,Usuarios - Login 1-14,text,false,El servidor no retorno codigo 200,484,225,30,30,https://fakestoreapi.com/auth/login,324,0,0
1775837865113,317,Login - POST /auth/login,526,<none>,Usuarios - Login 1-18,text,false,El servidor no retorno codigo 200,484,227,30,30,https://fakestoreapi.com/auth/login,317,0,0
1775837865114,316,Login - POST /auth/login,526,<none>,Usuarios - Login 1-23,text,false,El servidor no retorno codigo 200,484,226,30,30,https://fakestoreapi.com/auth/login,316,0,0
1775837865153,367,Login - POST /auth/login,526,<none>,Usuarios - Login 1-3,text,false,El servidor no retorno codigo 200,484,227,30,30,https://fakestoreapi.com/auth/login,367,0,0
1775837865212,343,Login - POST /auth/login,526,<none>,Usuarios - Login 1-28,text,false,El servidor no retorno codigo 200,484,225,30,30,https://fakestoreapi.com/auth/login,343,0,0
1775837865262,314,Login - POST /auth/login,526,<none>,Usuarios - Login 1-22,text,false,El servidor no retorno codigo 200,484,231,30,30,https://fakestoreapi.com/auth/login,314,0,0
1775837865363,331,Login - POST /auth/login,526,<none>,Usuarios - Login 1-15,text,false,El servidor no retorno codigo 200,484,227,30,30,https://fakestoreapi.com/auth/login,331,0,0
1775837865369,327,Login - POST /auth/login,526,<none>,Usuarios - Login 1-4,text,false,El servidor no retorno codigo 200,484,231,30,30,https://fakestoreapi.com/auth/login,327,0,0
1775837865363,336,Login - POST /auth/login,526,<none>,Usuarios - Login 1-13,text,false,El servidor no retorno codigo 200,484,225,30,30,https://fakestoreapi.com/auth/login,336,0,0
1775837865361,338,Login - POST /auth/login,526,<none>,Usuarios - Login 1-5,text,false,El servidor no retorno codigo 200,484,226,30,30,https://fakestoreapi.com/auth/login,338,0,0
1775837865315,389,Login - POST /auth/login,526,<none>,Usuarios - Login 1-21,text,false,El servidor no retorno codigo 200,484,225,30,30,https://fakestoreapi.com/auth/login,389,0,0
1775837865361,346,Login - POST /auth/login,526,<none>,Usuarios - Login 1-1,text,false,El servidor no retorno codigo 200,484,225,30,30,https://fakestoreapi.com/auth/login,346,0,0
1775837865354,358,Login - POST /auth/login,526,<none>,Usuarios - Login 1-6,text,false,El servidor no retorno codigo 200,484,231,30,30,https://fakestoreapi.com/auth/login,358,0,0
1775837865390,325,Login - POST /auth/login,526,<none>,Usuarios - Login 1-2,text,false,El servidor no retorno codigo 200,484,225,30,30,https://fakestoreapi.com/auth/login,325,0,0
1775837865261,577,Login - POST /auth/login,526,<none>,Usuarios - Login 1-19,text,false,El servidor no retorno codigo 200,484,225,30,30,https://fakestoreapi.com/auth/login,577,0,181
1775837865313,598,Login - POST /auth/login,526,<none>,Usuarios - Login 1-20,text,false,El servidor no retorno codigo 200,484,226,30,30,https://fakestoreapi.com/auth/login,598,0,268
1775837865613,416,Login - POST /auth/login,526,<none>,Usuarios - Login 1-27,text,false,El servidor no retorno codigo 200,484,226,30,30,https://fakestoreapi.com/auth/login,416,0,0
1775837865661,368,Login - POST /auth/login,526,<none>,Usuarios - Login 1-8,text,false,El servidor no retorno codigo 200,484,227,30,30,https://fakestoreapi.com/auth/login,368,0,0
1775837865764,377,Login - POST /auth/login,526,<none>,Usuarios - Login 1-12,text,false,El servidor no retorno codigo 200,484,231,30,30,https://fakestoreapi.com/auth/login,377,0,0
1775837865762,379,Login - POST /auth/login,526,<none>,Usuarios - Login 1-16,text,false,El servidor no retorno codigo 200,484,225,30,30,https://fakestoreapi.com/auth/login,379,0,0
1775837865753,388,Login - POST /auth/login,526,<none>,Usuarios - Login 1-7,text,false,El servidor no retorno codigo 200,484,225,30,30,https://fakestoreapi.com/auth/login,388,0,0
1775837865862,367,Login - POST /auth/login,526,<none>,Usuarios - Login 1-30,text,false,El servidor no retorno codigo 200,484,226,30,30,https://fakestoreapi.com/auth/login,367,0,0
1775837865910,320,Login - POST /auth/login,526,<none>,Usuarios - Login 1-9,text,false,El servidor no retorno codigo 200,484,225,30,30,https://fakestoreapi.com/auth/login,320,0,0
1775837865912,319,Login - POST /auth/login,526,<none>,Usuarios - Login 1-26,text,false,El servidor no retorno codigo 200,484,227,30,30,https://fakestoreapi.com/auth/login,319,0,0
1775837866213,317,Login - POST /auth/login,526,<none>,Usuarios - Login 1-25,text,false,El servidor no retorno codigo 200,484,231,30,30,https://fakestoreapi.com/auth/login,317,0,0
1775837866312,318,Login - POST /auth/login,526,<none>,Usuarios - Login 1-29,text,false,El servidor no retorno codigo 200,484,225,30,30,https://fakestoreapi.com/auth/login,318,0,0
1775837866464,316,Login - POST /auth/login,526,<none>,Usuarios - Login 1-10,text,false,El servidor no retorno codigo 200,484,226,30,30,https://fakestoreapi.com/auth/login,316,0,0
1775837866463,319,Login - POST /auth/login,526,<none>,Usuarios - Login 1-14,text,false,El servidor no retorno codigo 200,484,225,30,30,https://fakestoreapi.com/auth/login,319,0,0
1775837866464,318,Login - POST /auth/login,526,<none>,Usuarios - Login 1-11,text,false,El servidor no retorno codigo 200,484,227,30,30,https://fakestoreapi.com/auth/login,318,0,0
1775837866464,321,Login - POST /auth/login,526,<none>,Usuarios - Login 1-24,text,false,El servidor no retorno codigo 200,484,225,30,30,https://fakestoreapi.com/auth/login,321,0,0
1775837866464,326,Login - POST /auth/login,526,<none>,Usuarios - Login 1-17,text,false,El servidor no retorno codigo 200,484,231,30,30,https://fakestoreapi.com/auth/login,326,0,0
1775837866614,319,Login - POST /auth/login,526,<none>,Usuarios - Login 1-23,text,false,El servidor no retorno codigo 200,484,227,30,30,https://fakestoreapi.com/auth/login,319,0,0
1775837866613,322,Login - POST /auth/login,526,<none>,Usuarios - Login 1-18,text,false,El servidor no retorno codigo 200,484,226,30,30,https://fakestoreapi.com/auth/login,322,0,0
1775837866654,324,Login - POST /auth/login,526,<none>,Usuarios - Login 1-3,text,false,El servidor no retorno codigo 200,484,225,30,30,https://fakestoreapi.com/auth/login,324,0,0
1775837866713,329,Login - POST /auth/login,526,<none>,Usuarios - Login 1-28,text,false,El servidor no retorno codigo 200,484,231,30,30,https://fakestoreapi.com/auth/login,329,0,0
1775837866763,315,Login - POST /auth/login,526,<none>,Usuarios - Login 1-22,text,false,El servidor no retorno codigo 200,484,225,30,30,https://fakestoreapi.com/auth/login,315,0,0
1775837866761,317,Login - POST /auth/login,526,<none>,Usuarios - Login 1-19,text,false,El servidor no retorno codigo 200,484,231,30,30,https://fakestoreapi.com/auth/login,317,0,0
1775837866813,322,Login - POST /auth/login,526,<none>,Usuarios - Login 1-20,text,false,El servidor no retorno codigo 200,484,225,30,30,https://fakestoreapi.com/auth/login,322,0,0
1775837866853,318,Login - POST /auth/login,526,<none>,Usuarios - Login 1-6,text,false,El servidor no retorno codigo 200,484,227,30,30,https://fakestoreapi.com/auth/login,318,0,0
1775837866859,316,Login - POST /auth/login,526,<none>,Usuarios - Login 1-5,text,false,El servidor no retorno codigo 200,484,226,30,30,https://fakestoreapi.com/auth/login,315,0,0
1775837866859,316,Login - POST /auth/login,526,<none>,Usuarios - Login 1-1,text,false,El servidor no retorno codigo 200,484,225,30,30,https://fakestoreapi.com/auth/login,315,0,0
1775837866862,315,Login - POST /auth/login,526,<none>,Usuarios - Login 1-13,text,false,El servidor no retorno codigo 200,484,227,30,30,https://fakestoreapi.com/auth/login,315,0,0
1775837866863,320,Login - POST /auth/login,526,<none>,Usuarios - Login 1-15,text,false,El servidor no retorno codigo 200,484,225,30,30,https://fakestoreapi.com/auth/login,320,0,0
1775837866869,315,Login - POST /auth/login,526,<none>,Usuarios - Login 1-4,text,false,El servidor no retorno codigo 200,484,231,30,30,https://fakestoreapi.com/auth/login,315,0,0
1775837866890,318,Login - POST /auth/login,526,<none>,Usuarios - Login 1-2,text,false,El servidor no retorno codigo 200,484,225,30,30,https://fakestoreapi.com/auth/login,318,0,0
1775837866815,438,Login - POST /auth/login,526,<none>,Usuarios - Login 1-21,text,false,El servidor no retorno codigo 200,484,226,30,30,https://fakestoreapi.com/auth/login,438,0,119
1775837867114,319,Login - POST /auth/login,526,<none>,Usuarios - Login 1-27,text,false,El servidor no retorno codigo 200,484,226,30,30,https://fakestoreapi.com/auth/login,319,0,0
1775837867164,316,Login - POST /auth/login,526,<none>,Usuarios - Login 1-8,text,false,El servidor no retorno codigo 200,484,227,30,30,https://fakestoreapi.com/auth/login,316,0,0
1775837867254,316,Login - POST /auth/login,526,<none>,Usuarios - Login 1-7,text,false,El servidor no retorno codigo 200,484,225,30,30,https://fakestoreapi.com/auth/login,316,0,0
1775837867264,316,Login - POST /auth/login,526,<none>,Usuarios - Login 1-12,text,false,El servidor no retorno codigo 200,484,231,30,30,https://fakestoreapi.com/auth/login,316,0,0
1775837867263,323,Login - POST /auth/login,526,<none>,Usuarios - Login 1-16,text,false,El servidor no retorno codigo 200,484,225,30,30,https://fakestoreapi.com/auth/login,323,0,0
1775837867362,316,Login - POST /auth/login,526,<none>,Usuarios - Login 1-30,text,false,El servidor no retorno codigo 200,484,226,30,30,https://fakestoreapi.com/auth/login,316,0,0
1775837867411,318,Login - POST /auth/login,526,<none>,Usuarios - Login 1-9,text,false,El servidor no retorno codigo 200,484,227,30,30,https://fakestoreapi.com/auth/login,318,0,0
1775837867412,317,Login - POST /auth/login,526,<none>,Usuarios - Login 1-26,text,false,El servidor no retorno codigo 200,484,225,30,30,https://fakestoreapi.com/auth/login,317,0,0
1775837867712,339,Login - POST /auth/login,526,<none>,Usuarios - Login 1-25,text,false,El servidor no retorno codigo 200,484,231,30,30,https://fakestoreapi.com/auth/login,339,0,0
1775837867812,342,Login - POST /auth/login,526,<none>,Usuarios - Login 1-29,text,false,El servidor no retorno codigo 200,484,225,30,30,https://fakestoreapi.com/auth/login,342,0,0
1775837867963,317,Login - POST /auth/login,526,<none>,Usuarios - Login 1-10,text,false,El servidor no retorno codigo 200,484,226,30,30,https://fakestoreapi.com/auth/login,317,0,0
1775837867961,320,Login - POST /auth/login,526,<none>,Usuarios - Login 1-14,text,false,El servidor no retorno codigo 200,484,227,30,30,https://fakestoreapi.com/auth/login,320,0,0
1775837867963,322,Login - POST /auth/login,526,<none>,Usuarios - Login 1-17,text,false,El servidor no retorno codigo 200,484,225,30,30,https://fakestoreapi.com/auth/login,322,0,0
1775837867963,322,Login - POST /auth/login,526,<none>,Usuarios - Login 1-24,text,false,El servidor no retorno codigo 200,484,231,30,30,https://fakestoreapi.com/auth/login,322,0,0
1775837867963,327,Login - POST /auth/login,526,<none>,Usuarios - Login 1-11,text,false,El servidor no retorno codigo 200,484,225,30,30,https://fakestoreapi.com/auth/login,327,0,0
1775837868112,349,Login - POST /auth/login,526,<none>,Usuarios - Login 1-18,text,false,El servidor no retorno codigo 200,484,227,30,30,https://fakestoreapi.com/auth/login,349,0,0
1775837868152,324,Login - POST /auth/login,526,<none>,Usuarios - Login 1-3,text,false,El servidor no retorno codigo 200,484,225,30,30,https://fakestoreapi.com/auth/login,324,0,0
1775837868212,324,Login - POST /auth/login,526,<none>,Usuarios - Login 1-28,text,false,El servidor no retorno codigo 200,484,231,30,30,https://fakestoreapi.com/auth/login,324,0,0
1775837868261,328,Login - POST /auth/login,526,<none>,Usuarios - Login 1-19,text,false,El servidor no retorno codigo 200,484,226,30,30,https://fakestoreapi.com/auth/login,328,0,0
1775837868113,488,Login - POST /auth/login,526,<none>,Usuarios - Login 1-23,text,false,El servidor no retorno codigo 200,484,226,30,30,https://fakestoreapi.com/auth/login,488,0,157
1775837868316,332,Login - POST /auth/login,526,<none>,Usuarios - Login 1-21,text,false,El servidor no retorno codigo 200,484,225,30,30,https://fakestoreapi.com/auth/login,332,0,0
1775837868312,336,Login - POST /auth/login,526,<none>,Usuarios - Login 1-20,text,false,El servidor no retorno codigo 200,484,227,30,30,https://fakestoreapi.com/auth/login,336,0,0
1775837868353,322,Login - POST /auth/login,526,<none>,Usuarios - Login 1-6,text,false,El servidor no retorno codigo 200,484,225,30,30,https://fakestoreapi.com/auth/login,322,0,0
1775837868359,322,Login - POST /auth/login,526,<none>,Usuarios - Login 1-1,text,false,El servidor no retorno codigo 200,484,225,30,30,https://fakestoreapi.com/auth/login,322,0,0
1775837868361,323,Login - POST /auth/login,526,<none>,Usuarios - Login 1-15,text,false,El servidor no retorno codigo 200,484,227,30,30,https://fakestoreapi.com/auth/login,323,0,0
1775837868359,325,Login - POST /auth/login,526,<none>,Usuarios - Login 1-5,text,false,El servidor no retorno codigo 200,484,231,30,30,https://fakestoreapi.com/auth/login,325,0,0
1775837868361,323,Login - POST /auth/login,526,<none>,Usuarios - Login 1-13,text,false,El servidor no retorno codigo 200,484,226,30,30,https://fakestoreapi.com/auth/login,323,0,0
1775837868368,319,Login - POST /auth/login,526,<none>,Usuarios - Login 1-4,text,false,El servidor no retorno codigo 200,484,225,30,30,https://fakestoreapi.com/auth/login,319,0,0
1775837868261,450,Login - POST /auth/login,526,<none>,Usuarios - Login 1-22,text,false,El servidor no retorno codigo 200,484,225,30,30,https://fakestoreapi.com/auth/login,450,0,126
1775837868389,325,Login - POST /auth/login,526,<none>,Usuarios - Login 1-2,text,false,El servidor no retorno codigo 200,484,231,30,30,https://fakestoreapi.com/auth/login,325,0,0
1775837868612,365,Login - POST /auth/login,526,<none>,Usuarios - Login 1-27,text,false,El servidor no retorno codigo 200,484,226,30,30,https://fakestoreapi.com/auth/login,365,0,0
1775837868661,321,Login - POST /auth/login,526,<none>,Usuarios - Login 1-8,text,false,El servidor no retorno codigo 200,484,227,30,30,https://fakestoreapi.com/auth/login,321,0,0
1775837868752,431,Login - POST /auth/login,526,<none>,Usuarios - Login 1-7,text,false,El servidor no retorno codigo 200,484,225,30,30,https://fakestoreapi.com/auth/login,431,0,0
1775837868762,425,Login - POST /auth/login,526,<none>,Usuarios - Login 1-16,text,false,El servidor no retorno codigo 200,484,225,30,30,https://fakestoreapi.com/auth/login,425,0,0
1775837868763,427,Login - POST /auth/login,526,<none>,Usuarios - Login 1-12,text,false,El servidor no retorno codigo 200,484,231,30,30,https://fakestoreapi.com/auth/login,427,0,0
1775837868862,338,Login - POST /auth/login,526,<none>,Usuarios - Login 1-30,text,false,El servidor no retorno codigo 200,484,226,30,30,https://fakestoreapi.com/auth/login,338,0,0
1775837868911,331,Login - POST /auth/login,526,<none>,Usuarios - Login 1-26,text,false,El servidor no retorno codigo 200,484,225,30,30,https://fakestoreapi.com/auth/login,331,0,0
1775837868909,333,Login - POST /auth/login,526,<none>,Usuarios - Login 1-9,text,false,El servidor no retorno codigo 200,484,227,30,30,https://fakestoreapi.com/auth/login,333,0,0
1775837869211,375,Login - POST /auth/login,526,<none>,Usuarios - Login 1-25,text,false,El servidor no retorno codigo 200,484,231,30,30,https://fakestoreapi.com/auth/login,375,0,0
1775837869311,320,Login - POST /auth/login,526,<none>,Usuarios - Login 1-29,text,false,El servidor no retorno codigo 200,484,225,30,30,https://fakestoreapi.com/auth/login,320,0,0
1775837869464,324,Login - POST /auth/login,526,<none>,Usuarios - Login 1-11,text,false,El servidor no retorno codigo 200,484,225,30,30,https://fakestoreapi.com/auth/login,324,0,0
1775837869462,326,Login - POST /auth/login,526,<none>,Usuarios - Login 1-10,text,false,El servidor no retorno codigo 200,484,226,30,30,https://fakestoreapi.com/auth/login,326,0,0
1775837869462,326,Login - POST /auth/login,526,<none>,Usuarios - Login 1-14,text,false,El servidor no retorno codigo 200,484,227,30,30,https://fakestoreapi.com/auth/login,326,0,0
1775837869462,329,Login - POST /auth/login,526,<none>,Usuarios - Login 1-17,text,false,El servidor no retorno codigo 200,484,225,30,30,https://fakestoreapi.com/auth/login,329,0,0
1775837869614,321,Login - POST /auth/login,526,<none>,Usuarios - Login 1-23,text,false,El servidor no retorno codigo 200,484,225,30,30,https://fakestoreapi.com/auth/login,321,0,0
1775837869612,326,Login - POST /auth/login,526,<none>,Usuarios - Login 1-18,text,false,El servidor no retorno codigo 200,484,226,30,30,https://fakestoreapi.com/auth/login,326,0,0
1775837869652,342,Login - POST /auth/login,526,<none>,Usuarios - Login 1-3,text,false,El servidor no retorno codigo 200,484,227,30,30,https://fakestoreapi.com/auth/login,342,0,0
1775837869462,544,Login - POST /auth/login,526,<none>,Usuarios - Login 1-24,text,false,El servidor no retorno codigo 200,484,231,30,30,https://fakestoreapi.com/auth/login,544,0,215
1775837869713,323,Login - POST /auth/login,526,<none>,Usuarios - Login 1-28,text,false,El servidor no retorno codigo 200,484,225,30,30,https://fakestoreapi.com/auth/login,323,0,0
1775837869763,316,Login - POST /auth/login,526,<none>,Usuarios - Login 1-22,text,false,El servidor no retorno codigo 200,484,231,30,30,https://fakestoreapi.com/auth/login,316,0,0
1775837869762,317,Login - POST /auth/login,526,<none>,Usuarios - Login 1-19,text,false,El servidor no retorno codigo 200,484,231,30,30,https://fakestoreapi.com/auth/login,317,0,0
1775837869814,320,Login - POST /auth/login,526,<none>,Usuarios - Login 1-21,text,false,El servidor no retorno codigo 200,484,227,30,30,https://fakestoreapi.com/auth/login,320,0,0
1775837869813,325,Login - POST /auth/login,526,<none>,Usuarios - Login 1-20,text,false,El servidor no retorno codigo 200,484,226,30,30,https://fakestoreapi.com/auth/login,325,0,0
1775837869853,324,Login - POST /auth/login,526,<none>,Usuarios - Login 1-6,text,false,El servidor no retorno codigo 200,484,225,30,30,https://fakestoreapi.com/auth/login,323,0,0
1775837869859,320,Login - POST /auth/login,526,<none>,Usuarios - Login 1-5,text,false,El servidor no retorno codigo 200,484,226,30,30,https://fakestoreapi.com/auth/login,320,0,0
1775837869861,319,Login - POST /auth/login,526,<none>,Usuarios - Login 1-1,text,false,El servidor no retorno codigo 200,484,231,30,30,https://fakestoreapi.com/auth/login,319,0,0
1775837869863,320,Login - POST /auth/login,526,<none>,Usuarios - Login 1-15,text,false,El servidor no retorno codigo 200,484,225,30,30,https://fakestoreapi.com/auth/login,320,0,0
1775837869863,321,Login - POST /auth/login,526,<none>,Usuarios - Login 1-13,text,false,El servidor no retorno codigo 200,484,227,30,30,https://fakestoreapi.com/auth/login,321,0,0
1775837869869,324,Login - POST /auth/login,526,<none>,Usuarios - Login 1-4,text,false,El servidor no retorno codigo 200,484,225,30,30,https://fakestoreapi.com/auth/login,324,0,0
1775837869889,324,Login - POST /auth/login,526,<none>,Usuarios - Login 1-2,text,false,El servidor no retorno codigo 200,484,225,30,30,https://fakestoreapi.com/auth/login,324,0,0
1775837870111,317,Login - POST /auth/login,526,<none>,Usuarios - Login 1-27,text,false,El servidor no retorno codigo 200,484,226,30,30,https://fakestoreapi.com/auth/login,317,0,0
1775837870162,321,Login - POST /auth/login,526,<none>,Usuarios - Login 1-8,text,false,El servidor no retorno codigo 200,484,227,30,30,https://fakestoreapi.com/auth/login,321,0,0
1775837870252,319,Login - POST /auth/login,526,<none>,Usuarios - Login 1-7,text,false,El servidor no retorno codigo 200,484,225,30,30,https://fakestoreapi.com/auth/login,319,0,0
1775837870261,319,Login - POST /auth/login,526,<none>,Usuarios - Login 1-16,text,false,El servidor no retorno codigo 200,484,231,30,30,https://fakestoreapi.com/auth/login,319,0,0
1775837870264,318,Login - POST /auth/login,526,<none>,Usuarios - Login 1-12,text,false,El servidor no retorno codigo 200,484,225,30,30,https://fakestoreapi.com/auth/login,318,0,0
1775837870362,319,Login - POST /auth/login,526,<none>,Usuarios - Login 1-30,text,false,El servidor no retorno codigo 200,484,226,30,30,https://fakestoreapi.com/auth/login,319,0,0
1775837870410,319,Login - POST /auth/login,526,<none>,Usuarios - Login 1-9,text,false,El servidor no retorno codigo 200,484,225,30,30,https://fakestoreapi.com/auth/login,319,0,0
1775837870411,319,Login - POST /auth/login,526,<none>,Usuarios - Login 1-26,text,false,El servidor no retorno codigo 200,484,227,30,30,https://fakestoreapi.com/auth/login,319,0,0
1775837870810,315,Login - POST /auth/login,526,<none>,Usuarios - Login 1-29,text,false,El servidor no retorno codigo 200,484,225,30,30,https://fakestoreapi.com/auth/login,315,0,0
1775837870713,450,Login - POST /auth/login,526,<none>,Usuarios - Login 1-25,text,false,El servidor no retorno codigo 200,484,231,30,30,https://fakestoreapi.com/auth/login,450,0,126
1775837870964,351,Login - POST /auth/login,526,<none>,Usuarios - Login 1-11,text,false,El servidor no retorno codigo 200,484,227,30,30,https://fakestoreapi.com/auth/login,351,0,0
1775837870964,351,Login - POST /auth/login,526,<none>,Usuarios - Login 1-10,text,false,El servidor no retorno codigo 200,484,226,30,30,https://fakestoreapi.com/auth/login,351,0,0
1775837870961,354,Login - POST /auth/login,526,<none>,Usuarios - Login 1-14,text,false,El servidor no retorno codigo 200,484,225,30,30,https://fakestoreapi.com/auth/login,354,0,0
1775837870963,352,Login - POST /auth/login,526,<none>,Usuarios - Login 1-24,text,false,El servidor no retorno codigo 200,484,225,30,30,https://fakestoreapi.com/auth/login,352,0,0
1775837870962,355,Login - POST /auth/login,526,<none>,Usuarios - Login 1-17,text,false,El servidor no retorno codigo 200,484,231,30,30,https://fakestoreapi.com/auth/login,355,0,0
1775837871110,328,Login - POST /auth/login,526,<none>,Usuarios - Login 1-18,text,false,El servidor no retorno codigo 200,484,226,30,30,https://fakestoreapi.com/auth/login,328,0,0
1775837871113,325,Login - POST /auth/login,526,<none>,Usuarios - Login 1-23,text,false,El servidor no retorno codigo 200,484,225,30,30,https://fakestoreapi.com/auth/login,325,0,0
1775837871154,319,Login - POST /auth/login,526,<none>,Usuarios - Login 1-3,text,false,El servidor no retorno codigo 200,484,227,30,30,https://fakestoreapi.com/auth/login,319,0,0
1775837871213,440,Login - POST /auth/login,526,<none>,Usuarios - Login 1-28,text,false,El servidor no retorno codigo 200,484,231,30,30,https://fakestoreapi.com/auth/login,440,0,0
1775837871312,341,Login - POST /auth/login,526,<none>,Usuarios - Login 1-20,text,false,El servidor no retorno codigo 200,484,225,30,30,https://fakestoreapi.com/auth/login,341,0,0
1775837871260,393,Login - POST /auth/login,526,<none>,Usuarios - Login 1-19,text,false,El servidor no retorno codigo 200,484,226,30,30,https://fakestoreapi.com/auth/login,393,0,0
1775837871262,391,Login - POST /auth/login,526,<none>,Usuarios - Login 1-22,text,false,El servidor no retorno codigo 200,484,225,30,30,https://fakestoreapi.com/auth/login,391,0,0
1775837871314,339,Login - POST /auth/login,526,<none>,Usuarios - Login 1-21,text,false,El servidor no retorno codigo 200,484,227,30,30,https://fakestoreapi.com/auth/login,339,0,0
1775837871355,319,Login - POST /auth/login,526,<none>,Usuarios - Login 1-6,text,false,El servidor no retorno codigo 200,484,231,30,30,https://fakestoreapi.com/auth/login,319,0,0
1775837871362,315,Login - POST /auth/login,526,<none>,Usuarios - Login 1-15,text,false,El servidor no retorno codigo 200,484,227,30,30,https://fakestoreapi.com/auth/login,315,0,0
1775837871357,321,Login - POST /auth/login,526,<none>,Usuarios - Login 1-5,text,false,El servidor no retorno codigo 200,484,225,30,30,https://fakestoreapi.com/auth/login,321,0,0
1775837871358,321,Login - POST /auth/login,526,<none>,Usuarios - Login 1-1,text,false,El servidor no retorno codigo 200,484,226,30,30,https://fakestoreapi.com/auth/login,321,0,0
1775837871362,320,Login - POST /auth/login,526,<none>,Usuarios - Login 1-13,text,false,El servidor no retorno codigo 200,484,225,30,30,https://fakestoreapi.com/auth/login,320,0,0
1775837871388,391,Login - POST /auth/login,526,<none>,Usuarios - Login 1-2,text,false,El servidor no retorno codigo 200,484,225,30,30,https://fakestoreapi.com/auth/login,391,0,0
1775837871368,411,Login - POST /auth/login,526,<none>,Usuarios - Login 1-4,text,false,El servidor no retorno codigo 200,484,231,30,30,https://fakestoreapi.com/auth/login,411,0,0
1775837871612,361,Login - POST /auth/login,526,<none>,Usuarios - Login 1-27,text,false,El servidor no retorno codigo 200,484,226,30,30,https://fakestoreapi.com/auth/login,361,0,0
1775837871660,321,Login - POST /auth/login,526,<none>,Usuarios - Login 1-8,text,false,El servidor no retorno codigo 200,484,227,30,30,https://fakestoreapi.com/auth/login,321,0,0
1775837871751,346,Login - POST /auth/login,526,<none>,Usuarios - Login 1-7,text,false,El servidor no retorno codigo 200,484,225,30,30,https://fakestoreapi.com/auth/login,346,0,0
1775837871761,337,Login - POST /auth/login,526,<none>,Usuarios - Login 1-16,text,false,El servidor no retorno codigo 200,484,231,30,30,https://fakestoreapi.com/auth/login,337,0,0
1775837871763,335,Login - POST /auth/login,526,<none>,Usuarios - Login 1-12,text,false,El servidor no retorno codigo 200,484,225,30,30,https://fakestoreapi.com/auth/login,335,0,0
1775837871862,353,Login - POST /auth/login,526,<none>,Usuarios - Login 1-30,text,false,El servidor no retorno codigo 200,484,226,30,30,https://fakestoreapi.com/auth/login,353,0,0
1775837871908,318,Login - POST /auth/login,526,<none>,Usuarios - Login 1-9,text,false,El servidor no retorno codigo 200,484,227,30,30,https://fakestoreapi.com/auth/login,318,0,0
1775837871911,501,Login - POST /auth/login,526,<none>,Usuarios - Login 1-26,text,false,El servidor no retorno codigo 200,484,225,30,30,https://fakestoreapi.com/auth/login,501,0,180
1775837872212,324,Login - POST /auth/login,526,<none>,Usuarios - Login 1-25,text,false,El servidor no retorno codigo 200,484,225,30,30,https://fakestoreapi.com/auth/login,324,0,0
1775837872311,374,Login - POST /auth/login,526,<none>,Usuarios - Login 1-29,text,false,El servidor no retorno codigo 200,484,231,30,30,https://fakestoreapi.com/auth/login,374,0,0
1775837872463,350,Login - POST /auth/login,526,<none>,Usuarios - Login 1-24,text,false,El servidor no retorno codigo 200,484,225,30,30,https://fakestoreapi.com/auth/login,350,0,0
1775837872463,350,Login - POST /auth/login,526,<none>,Usuarios - Login 1-11,text,false,El servidor no retorno codigo 200,484,226,30,30,https://fakestoreapi.com/auth/login,350,0,0
1775837872463,350,Login - POST /auth/login,526,<none>,Usuarios - Login 1-10,text,false,El servidor no retorno codigo 200,484,227,30,30,https://fakestoreapi.com/auth/login,350,0,0
1775837872462,352,Login - POST /auth/login,526,<none>,Usuarios - Login 1-14,text,false,El servidor no retorno codigo 200,484,231,30,30,https://fakestoreapi.com/auth/login,352,0,0
1775837872463,357,Login - POST /auth/login,526,<none>,Usuarios - Login 1-17,text,false,El servidor no retorno codigo 200,484,225,30,30,https://fakestoreapi.com/auth/login,357,0,0
1775837872612,351,Login - POST /auth/login,526,<none>,Usuarios - Login 1-23,text,false,El servidor no retorno codigo 200,484,227,30,30,https://fakestoreapi.com/auth/login,351,0,0
1775837872611,428,Login - POST /auth/login,526,<none>,Usuarios - Login 1-18,text,false,El servidor no retorno codigo 200,484,226,30,30,https://fakestoreapi.com/auth/login,428,0,0
1775837872654,385,Login - POST /auth/login,526,<none>,Usuarios - Login 1-3,text,false,El servidor no retorno codigo 200,484,225,30,30,https://fakestoreapi.com/auth/login,385,0,0
1775837872762,327,Login - POST /auth/login,526,<none>,Usuarios - Login 1-22,text,false,El servidor no retorno codigo 200,484,226,30,30,https://fakestoreapi.com/auth/login,327,0,0
1775837872760,329,Login - POST /auth/login,526,<none>,Usuarios - Login 1-19,text,false,El servidor no retorno codigo 200,484,231,30,30,https://fakestoreapi.com/auth/login,329,0,0
1775837872712,379,Login - POST /auth/login,526,<none>,Usuarios - Login 1-28,text,false,El servidor no retorno codigo 200,484,225,30,30,https://fakestoreapi.com/auth/login,379,0,0
1775837872814,349,Login - POST /auth/login,526,<none>,Usuarios - Login 1-21,text,false,El servidor no retorno codigo 200,484,225,30,30,https://fakestoreapi.com/auth/login,349,0,0
1775837872812,351,Login - POST /auth/login,526,<none>,Usuarios - Login 1-20,text,false,El servidor no retorno codigo 200,484,227,30,30,https://fakestoreapi.com/auth/login,351,0,0
1775837872868,422,Login - POST /auth/login,526,<none>,Usuarios - Login 1-4,text,false,El servidor no retorno codigo 200,484,225,30,30,https://fakestoreapi.com/auth/login,422,0,0
1775837872859,431,Login - POST /auth/login,526,<none>,Usuarios - Login 1-1,text,false,El servidor no retorno codigo 200,484,227,30,30,https://fakestoreapi.com/auth/login,431,0,0
1775837872859,431,Login - POST /auth/login,526,<none>,Usuarios - Login 1-5,text,false,El servidor no retorno codigo 200,484,226,30,30,https://fakestoreapi.com/auth/login,431,0,0
1775837872889,401,Login - POST /auth/login,526,<none>,Usuarios - Login 1-2,text,false,El servidor no retorno codigo 200,484,231,30,30,https://fakestoreapi.com/auth/login,401,0,0
1775837872862,428,Login - POST /auth/login,526,<none>,Usuarios - Login 1-15,text,false,El servidor no retorno codigo 200,484,225,30,30,https://fakestoreapi.com/auth/login,428,0,0
1775837872854,436,Login - POST /auth/login,526,<none>,Usuarios - Login 1-6,text,false,El servidor no retorno codigo 200,484,231,30,30,https://fakestoreapi.com/auth/login,436,0,0
1775837872862,428,Login - POST /auth/login,526,<none>,Usuarios - Login 1-13,text,false,El servidor no retorno codigo 200,484,225,30,30,https://fakestoreapi.com/auth/login,428,0,0
1775837873160,379,Login - POST /auth/login,526,<none>,Usuarios - Login 1-8,text,false,El servidor no retorno codigo 200,484,227,30,30,https://fakestoreapi.com/auth/login,379,0,0
1775837873262,402,Login - POST /auth/login,526,<none>,Usuarios - Login 1-16,text,false,El servidor no retorno codigo 200,484,231,30,30,https://fakestoreapi.com/auth/login,402,0,0
1775837873263,401,Login - POST /auth/login,526,<none>,Usuarios - Login 1-12,text,false,El servidor no retorno codigo 200,484,225,30,30,https://fakestoreapi.com/auth/login,401,0,0
1775837873252,412,Login - POST /auth/login,526,<none>,Usuarios - Login 1-7,text,false,El servidor no retorno codigo 200,484,225,30,30,https://fakestoreapi.com/auth/login,412,0,0
1775837873411,383,Login - POST /auth/login,526,<none>,Usuarios - Login 1-9,text,false,El servidor no retorno codigo 200,484,227,30,30,https://fakestoreapi.com/auth/login,383,0,0
1775837873411,383,Login - POST /auth/login,526,<none>,Usuarios - Login 1-26,text,false,El servidor no retorno codigo 200,484,225,30,30,https://fakestoreapi.com/auth/login,383,0,0
1775837873362,432,Login - POST /auth/login,526,<none>,Usuarios - Login 1-30,text,false,El servidor no retorno codigo 200,484,226,30,30,https://fakestoreapi.com/auth/login,432,0,0
1775837873111,683,Login - POST /auth/login,526,<none>,Usuarios - Login 1-27,text,false,El servidor no retorno codigo 200,484,226,30,30,https://fakestoreapi.com/auth/login,683,0,303
1775837873712,327,Login - POST /auth/login,526,<none>,Usuarios - Login 1-25,text,false,El servidor no retorno codigo 200,484,231,30,30,https://fakestoreapi.com/auth/login,327,0,0
1775837873810,344,Login - POST /auth/login,526,<none>,Usuarios - Login 1-29,text,false,El servidor no retorno codigo 200,484,225,30,30,https://fakestoreapi.com/auth/login,344,0,0
1775837873962,318,Login - POST /auth/login,526,<none>,Usuarios - Login 1-24,text,false,El servidor no retorno codigo 200,484,226,30,30,https://fakestoreapi.com/auth/login,318,0,0
1775837873962,321,Login - POST /auth/login,526,<none>,Usuarios - Login 1-10,text,false,El servidor no retorno codigo 200,484,225,30,30,https://fakestoreapi.com/auth/login,321,0,0
1775837873962,325,Login - POST /auth/login,526,<none>,Usuarios - Login 1-14,text,false,El servidor no retorno codigo 200,484,231,30,30,https://fakestoreapi.com/auth/login,325,0,0
1775837873964,325,Login - POST /auth/login,526,<none>,Usuarios - Login 1-17,text,false,El servidor no retorno codigo 200,484,225,30,30,https://fakestoreapi.com/auth/login,325,0,0
1775837873964,327,Login - POST /auth/login,526,<none>,Usuarios - Login 1-11,text,false,El servidor no retorno codigo 200,484,227,30,30,https://fakestoreapi.com/auth/login,327,0,0
1775837874111,419,Login - POST /auth/login,526,<none>,Usuarios - Login 1-18,text,false,El servidor no retorno codigo 200,484,225,30,30,https://fakestoreapi.com/auth/login,419,0,0
1775837874113,417,Login - POST /auth/login,526,<none>,Usuarios - Login 1-23,text,false,El servidor no retorno codigo 200,484,226,30,30,https://fakestoreapi.com/auth/login,417,0,0
1775837874153,377,Login - POST /auth/login,526,<none>,Usuarios - Login 1-3,text,false,El servidor no retorno codigo 200,484,227,30,30,https://fakestoreapi.com/auth/login,377,0,0
1775837874311,343,Login - POST /auth/login,526,<none>,Usuarios - Login 1-20,text,false,El servidor no retorno codigo 200,484,225,30,30,https://fakestoreapi.com/auth/login,343,0,0
1775837874261,393,Login - POST /auth/login,526,<none>,Usuarios - Login 1-19,text,false,El servidor no retorno codigo 200,484,225,30,30,https://fakestoreapi.com/auth/login,393,0,0
1775837874313,341,Login - POST /auth/login,526,<none>,Usuarios - Login 1-21,text,false,El servidor no retorno codigo 200,484,227,30,30,https://fakestoreapi.com/auth/login,341,0,0
1775837874262,392,Login - POST /auth/login,526,<none>,Usuarios - Login 1-22,text,false,El servidor no retorno codigo 200,484,231,30,30,https://fakestoreapi.com/auth/login,392,0,0
1775837874368,412,Login - POST /auth/login,526,<none>,Usuarios - Login 1-4,text,false,El servidor no retorno codigo 200,484,225,30,30,https://fakestoreapi.com/auth/login,412,0,0
1775837874362,418,Login - POST /auth/login,526,<none>,Usuarios - Login 1-15,text,false,El servidor no retorno codigo 200,484,226,30,30,https://fakestoreapi.com/auth/login,418,0,0
1775837874359,421,Login - POST /auth/login,526,<none>,Usuarios - Login 1-5,text,false,El servidor no retorno codigo 200,484,227,30,30,https://fakestoreapi.com/auth/login,421,0,0
1775837874352,428,Login - POST /auth/login,526,<none>,Usuarios - Login 1-6,text,false,El servidor no retorno codigo 200,484,225,30,30,https://fakestoreapi.com/auth/login,428,0,0
1775837874361,419,Login - POST /auth/login,526,<none>,Usuarios - Login 1-13,text,false,El servidor no retorno codigo 200,484,225,30,30,https://fakestoreapi.com/auth/login,419,0,0
1775837874389,391,Login - POST /auth/login,526,<none>,Usuarios - Login 1-2,text,false,El servidor no retorno codigo 200,484,231,30,30,https://fakestoreapi.com/auth/login,391,0,0
1775837874359,421,Login - POST /auth/login,526,<none>,Usuarios - Login 1-1,text,false,El servidor no retorno codigo 200,484,231,30,30,https://fakestoreapi.com/auth/login,421,0,0
1775837874211,569,Login - POST /auth/login,526,<none>,Usuarios - Login 1-28,text,false,El servidor no retorno codigo 200,484,226,30,30,https://fakestoreapi.com/auth/login,569,0,198
1775837874660,368,Login - POST /auth/login,526,<none>,Usuarios - Login 1-8,text,false,El servidor no retorno codigo 200,484,226,30,30,https://fakestoreapi.com/auth/login,368,0,0
1775837874612,416,Login - POST /auth/login,526,<none>,Usuarios - Login 1-27,text,false,El servidor no retorno codigo 200,484,225,30,30,https://fakestoreapi.com/auth/login,416,0,0
1775837874764,390,Login - POST /auth/login,526,<none>,Usuarios - Login 1-12,text,false,El servidor no retorno codigo 200,484,225,30,30,https://fakestoreapi.com/auth/login,390,0,0
1775837874763,391,Login - POST /auth/login,526,<none>,Usuarios - Login 1-16,text,false,El servidor no retorno codigo 200,484,227,30,30,https://fakestoreapi.com/auth/login,391,0,0
1775837874754,400,Login - POST /auth/login,526,<none>,Usuarios - Login 1-7,text,false,El servidor no retorno codigo 200,484,231,30,30,https://fakestoreapi.com/auth/login,400,0,0
1775837874910,365,Login - POST /auth/login,526,<none>,Usuarios - Login 1-9,text,false,El servidor no retorno codigo 200,484,225,30,30,https://fakestoreapi.com/auth/login,365,0,0
1775837874912,363,Login - POST /auth/login,526,<none>,Usuarios - Login 1-26,text,false,El servidor no retorno codigo 200,484,226,30,30,https://fakestoreapi.com/auth/login,363,0,0
1775837874864,537,Login - POST /auth/login,526,<none>,Usuarios - Login 1-30,text,false,El servidor no retorno codigo 200,484,227,30,30,https://fakestoreapi.com/auth/login,537,0,165
1775837875212,438,Login - POST /auth/login,526,<none>,Usuarios - Login 1-25,text,false,El servidor no retorno codigo 200,484,231,30,30,https://fakestoreapi.com/auth/login,438,0,0
1775837875311,538,Login - POST /auth/login,526,<none>,Usuarios - Login 1-29,text,false,El servidor no retorno codigo 200,484,225,30,30,https://fakestoreapi.com/auth/login,538,0,149
1775837875461,390,Login - POST /auth/login,526,<none>,Usuarios - Login 1-14,text,false,El servidor no retorno codigo 200,484,225,30,30,https://fakestoreapi.com/auth/login,390,0,0
1775837875464,387,Login - POST /auth/login,526,<none>,Usuarios - Login 1-24,text,false,El servidor no retorno codigo 200,484,226,30,30,https://fakestoreapi.com/auth/login,387,0,0
1775837875462,391,Login - POST /auth/login,526,<none>,Usuarios - Login 1-10,text,false,El servidor no retorno codigo 200,484,227,30,30,https://fakestoreapi.com/auth/login,391,0,0
1775837875462,395,Login - POST /auth/login,526,<none>,Usuarios - Login 1-11,text,false,El servidor no retorno codigo 200,484,225,30,30,https://fakestoreapi.com/auth/login,395,0,0
1775837875462,397,Login - POST /auth/login,526,<none>,Usuarios - Login 1-17,text,false,El servidor no retorno codigo 200,484,231,30,30,https://fakestoreapi.com/auth/login,397,0,0
1775837875613,353,Login - POST /auth/login,526,<none>,Usuarios - Login 1-23,text,false,El servidor no retorno codigo 200,484,225,30,30,https://fakestoreapi.com/auth/login,353,0,0
1775837875612,357,Login - POST /auth/login,526,<none>,Usuarios - Login 1-18,text,false,El servidor no retorno codigo 200,484,226,30,30,https://fakestoreapi.com/auth/login,357,0,0
1775837875653,318,Login - POST /auth/login,526,<none>,Usuarios - Login 1-3,text,false,El servidor no retorno codigo 200,484,227,30,30,https://fakestoreapi.com/auth/login,318,0,0
1775837875712,326,Login - POST /auth/login,526,<none>,Usuarios - Login 1-28,text,false,El servidor no retorno codigo 200,484,225,30,30,https://fakestoreapi.com/auth/login,326,0,0
1775837875762,315,Login - POST /auth/login,526,<none>,Usuarios - Login 1-22,text,false,El servidor no retorno codigo 200,484,227,30,30,https://fakestoreapi.com/auth/login,315,0,0
1775837875761,317,Login - POST /auth/login,526,<none>,Usuarios - Login 1-19,text,false,El servidor no retorno codigo 200,484,231,30,30,https://fakestoreapi.com/auth/login,317,0,0
1775837875813,320,Login - POST /auth/login,526,<none>,Usuarios - Login 1-21,text,false,El servidor no retorno codigo 200,484,226,30,30,https://fakestoreapi.com/auth/login,320,0,0
1775837875811,324,Login - POST /auth/login,526,<none>,Usuarios - Login 1-20,text,false,El servidor no retorno codigo 200,484,225,30,30,https://fakestoreapi.com/auth/login,324,0,0
1775837875853,316,Login - POST /auth/login,526,<none>,Usuarios - Login 1-6,text,false,El servidor no retorno codigo 200,484,227,30,30,https://fakestoreapi.com/auth/login,316,0,0
1775837875858,316,Login - POST /auth/login,526,<none>,Usuarios - Login 1-5,text,false,El servidor no retorno codigo 200,484,225,30,30,https://fakestoreapi.com/auth/login,316,0,0
1775837875858,317,Login - POST /auth/login,526,<none>,Usuarios - Login 1-1,text,false,El servidor no retorno codigo 200,484,231,30,30,https://fakestoreapi.com/auth/login,317,0,0
1775837875861,315,Login - POST /auth/login,526,<none>,Usuarios - Login 1-13,text,false,El servidor no retorno codigo 200,484,225,30,30,https://fakestoreapi.com/auth/login,315,0,0
1775837875861,318,Login - POST /auth/login,526,<none>,Usuarios - Login 1-15,text,false,El servidor no retorno codigo 200,484,225,30,30,https://fakestoreapi.com/auth/login,318,0,0
1775837875867,317,Login - POST /auth/login,526,<none>,Usuarios - Login 1-4,text,false,El servidor no retorno codigo 200,484,231,30,30,https://fakestoreapi.com/auth/login,317,0,0
1775837875889,320,Login - POST /auth/login,526,<none>,Usuarios - Login 1-2,text,false,El servidor no retorno codigo 200,484,226,30,30,https://fakestoreapi.com/auth/login,320,0,0
1775837876112,321,Login - POST /auth/login,526,<none>,Usuarios - Login 1-27,text,false,El servidor no retorno codigo 200,484,227,30,30,https://fakestoreapi.com/auth/login,321,0,0
1775837876161,317,Login - POST /auth/login,526,<none>,Usuarios - Login 1-8,text,false,El servidor no retorno codigo 200,484,226,30,30,https://fakestoreapi.com/auth/login,317,0,0
1775837876251,316,Login - POST /auth/login,526,<none>,Usuarios - Login 1-7,text,false,El servidor no retorno codigo 200,484,225,30,30,https://fakestoreapi.com/auth/login,316,0,0
1775837876261,318,Login - POST /auth/login,526,<none>,Usuarios - Login 1-16,text,false,El servidor no retorno codigo 200,484,231,30,30,https://fakestoreapi.com/auth/login,318,0,0
1775837876262,317,Login - POST /auth/login,526,<none>,Usuarios - Login 1-12,text,false,El servidor no retorno codigo 200,484,225,30,30,https://fakestoreapi.com/auth/login,317,0,0
1775837876362,317,Login - POST /auth/login,526,<none>,Usuarios - Login 1-30,text,false,El servidor no retorno codigo 200,484,225,30,30,https://fakestoreapi.com/auth/login,317,0,0
1775837876409,317,Login - POST /auth/login,526,<none>,Usuarios - Login 1-9,text,false,El servidor no retorno codigo 200,484,227,30,30,https://fakestoreapi.com/auth/login,317,0,0
1775837876411,320,Login - POST /auth/login,526,<none>,Usuarios - Login 1-26,text,false,El servidor no retorno codigo 200,484,226,30,30,https://fakestoreapi.com/auth/login,320,0,0
1775837876713,321,Login - POST /auth/login,526,<none>,Usuarios - Login 1-25,text,false,El servidor no retorno codigo 200,484,231,30,30,https://fakestoreapi.com/auth/login,321,0,0
1775837876811,316,Login - POST /auth/login,526,<none>,Usuarios - Login 1-29,text,false,El servidor no retorno codigo 200,484,225,30,30,https://fakestoreapi.com/auth/login,316,0,0
1775837876962,326,Login - POST /auth/login,526,<none>,Usuarios - Login 1-10,text,false,El servidor no retorno codigo 200,484,225,30,30,https://fakestoreapi.com/auth/login,326,0,0
1775837876964,324,Login - POST /auth/login,526,<none>,Usuarios - Login 1-11,text,false,El servidor no retorno codigo 200,484,231,30,30,https://fakestoreapi.com/auth/login,324,0,0
1775837876964,324,Login - POST /auth/login,526,<none>,Usuarios - Login 1-24,text,false,El servidor no retorno codigo 200,484,226,30,30,https://fakestoreapi.com/auth/login,324,0,0
1775837876963,327,Login - POST /auth/login,526,<none>,Usuarios - Login 1-14,text,false,El servidor no retorno codigo 200,484,227,30,30,https://fakestoreapi.com/auth/login,327,0,0
1775837876964,333,Login - POST /auth/login,526,<none>,Usuarios - Login 1-17,text,false,El servidor no retorno codigo 200,484,225,30,30,https://fakestoreapi.com/auth/login,333,0,0
1775837877114,320,Login - POST /auth/login,526,<none>,Usuarios - Login 1-23,text,false,El servidor no retorno codigo 200,484,226,30,30,https://fakestoreapi.com/auth/login,320,0,0
1775837877112,322,Login - POST /auth/login,526,<none>,Usuarios - Login 1-18,text,false,El servidor no retorno codigo 200,484,227,30,30,https://fakestoreapi.com/auth/login,322,0,0
1775837877153,318,Login - POST /auth/login,526,<none>,Usuarios - Login 1-3,text,false,El servidor no retorno codigo 200,484,225,30,30,https://fakestoreapi.com/auth/login,318,0,0
1775837877212,316,Login - POST /auth/login,526,<none>,Usuarios - Login 1-28,text,false,El servidor no retorno codigo 200,484,231,30,30,https://fakestoreapi.com/auth/login,316,0,0
1775837877261,315,Login - POST /auth/login,526,<none>,Usuarios - Login 1-19,text,false,El servidor no retorno codigo 200,484,226,30,30,https://fakestoreapi.com/auth/login,315,0,0
1775837877262,314,Login - POST /auth/login,526,<none>,Usuarios - Login 1-22,text,false,El servidor no retorno codigo 200,484,225,30,30,https://fakestoreapi.com/auth/login,314,0,0
1775837877314,317,Login - POST /auth/login,526,<none>,Usuarios - Login 1-21,text,false,El servidor no retorno codigo 200,484,227,30,30,https://fakestoreapi.com/auth/login,317,0,0
1775837877314,320,Login - POST /auth/login,526,<none>,Usuarios - Login 1-20,text,false,El servidor no retorno codigo 200,484,225,30,30,https://fakestoreapi.com/auth/login,320,0,0
1775837877352,318,Login - POST /auth/login,526,<none>,Usuarios - Login 1-6,text,false,El servidor no retorno codigo 200,484,231,30,30,https://fakestoreapi.com/auth/login,318,0,0
1775837877359,316,Login - POST /auth/login,526,<none>,Usuarios - Login 1-1,text,false,El servidor no retorno codigo 200,484,226,30,30,https://fakestoreapi.com/auth/login,316,0,0
1775837877359,318,Login - POST /auth/login,526,<none>,Usuarios - Login 1-5,text,false,El servidor no retorno codigo 200,484,225,30,30,https://fakestoreapi.com/auth/login,318,0,0
1775837877362,315,Login - POST /auth/login,526,<none>,Usuarios - Login 1-13,text,false,El servidor no retorno codigo 200,484,227,30,30,https://fakestoreapi.com/auth/login,315,0,0
1775837877362,321,Login - POST /auth/login,526,<none>,Usuarios - Login 1-15,text,false,El servidor no retorno codigo 200,484,225,30,30,https://fakestoreapi.com/auth/login,321,0,0
1775837877368,323,Login - POST /auth/login,526,<none>,Usuarios - Login 1-4,text,false,El servidor no retorno codigo 200,484,231,30,30,https://fakestoreapi.com/auth/login,323,0,0
1775837877389,320,Login - POST /auth/login,526,<none>,Usuarios - Login 1-2,text,false,El servidor no retorno codigo 200,484,225,30,30,https://fakestoreapi.com/auth/login,320,0,0
1775837877613,319,Login - POST /auth/login,526,<none>,Usuarios - Login 1-27,text,false,El servidor no retorno codigo 200,484,226,30,30,https://fakestoreapi.com/auth/login,319,0,0
1775837877661,315,Login - POST /auth/login,526,<none>,Usuarios - Login 1-8,text,false,El servidor no retorno codigo 200,484,227,30,30,https://fakestoreapi.com/auth/login,315,0,0
1775837877751,315,Login - POST /auth/login,526,<none>,Usuarios - Login 1-7,text,false,El servidor no retorno codigo 200,484,225,30,30,https://fakestoreapi.com/auth/login,315,0,0
1775837877762,321,Login - POST /auth/login,526,<none>,Usuarios - Login 1-16,text,false,El servidor no retorno codigo 200,484,225,30,30,https://fakestoreapi.com/auth/login,321,0,0
1775837877763,320,Login - POST /auth/login,526,<none>,Usuarios - Login 1-12,text,false,El servidor no retorno codigo 200,484,231,30,30,https://fakestoreapi.com/auth/login,320,0,0
1775837877861,319,Login - POST /auth/login,526,<none>,Usuarios - Login 1-30,text,false,El servidor no retorno codigo 200,484,226,30,30,https://fakestoreapi.com/auth/login,319,0,0
1775837877908,321,Login - POST /auth/login,526,<none>,Usuarios - Login 1-9,text,false,El servidor no retorno codigo 200,484,227,30,30,https://fakestoreapi.com/auth/login,321,0,0
1775837877911,318,Login - POST /auth/login,526,<none>,Usuarios - Login 1-26,text,false,El servidor no retorno codigo 200,484,225,30,30,https://fakestoreapi.com/auth/login,318,0,0
1775837878213,319,Login - POST /auth/login,526,<none>,Usuarios - Login 1-25,text,false,El servidor no retorno codigo 200,484,231,30,30,https://fakestoreapi.com/auth/login,319,0,0
1775837878313,317,Login - POST /auth/login,526,<none>,Usuarios - Login 1-29,text,false,El servidor no retorno codigo 200,484,225,30,30,https://fakestoreapi.com/auth/login,317,0,0
1775837878464,316,Login - POST /auth/login,526,<none>,Usuarios - Login 1-10,text,false,El servidor no retorno codigo 200,484,225,30,30,https://fakestoreapi.com/auth/login,316,0,0
1775837878465,317,Login - POST /auth/login,526,<none>,Usuarios - Login 1-14,text,false,El servidor no retorno codigo 200,484,231,30,30,https://fakestoreapi.com/auth/login,317,0,0
1775837878465,323,Login - POST /auth/login,526,<none>,Usuarios - Login 1-24,text,false,El servidor no retorno codigo 200,484,226,30,30,https://fakestoreapi.com/auth/login,323,0,0
1775837878464,324,Login - POST /auth/login,526,<none>,Usuarios - Login 1-17,text,false,El servidor no retorno codigo 200,484,225,30,30,https://fakestoreapi.com/auth/login,324,0,0
1775837878465,323,Login - POST /auth/login,526,<none>,Usuarios - Login 1-11,text,false,El servidor no retorno codigo 200,484,227,30,30,https://fakestoreapi.com/auth/login,323,0,0
1775837878611,319,Login - POST /auth/login,526,<none>,Usuarios - Login 1-18,text,false,El servidor no retorno codigo 200,484,227,30,30,https://fakestoreapi.com/auth/login,319,0,0
1775837878613,319,Login - POST /auth/login,526,<none>,Usuarios - Login 1-23,text,false,El servidor no retorno codigo 200,484,226,30,30,https://fakestoreapi.com/auth/login,319,0,0
1775837878655,319,Login - POST /auth/login,526,<none>,Usuarios - Login 1-3,text,false,El servidor no retorno codigo 200,484,225,30,30,https://fakestoreapi.com/auth/login,319,0,0
1775837878712,321,Login - POST /auth/login,526,<none>,Usuarios - Login 1-28,text,false,El servidor no retorno codigo 200,484,231,30,30,https://fakestoreapi.com/auth/login,321,0,0
1775837878764,317,Login - POST /auth/login,526,<none>,Usuarios - Login 1-22,text,false,El servidor no retorno codigo 200,484,226,30,30,https://fakestoreapi.com/auth/login,317,0,0
1775837878763,318,Login - POST /auth/login,526,<none>,Usuarios - Login 1-19,text,false,El servidor no retorno codigo 200,484,225,30,30,https://fakestoreapi.com/auth/login,318,0,0
1775837878812,322,Login - POST /auth/login,526,<none>,Usuarios - Login 1-20,text,false,El servidor no retorno codigo 200,484,225,30,30,https://fakestoreapi.com/auth/login,322,0,0
1775837878816,322,Login - POST /auth/login,526,<none>,Usuarios - Login 1-21,text,false,El servidor no retorno codigo 200,484,227,30,30,https://fakestoreapi.com/auth/login,322,0,0
1775837878854,318,Login - POST /auth/login,526,<none>,Usuarios - Login 1-6,text,false,El servidor no retorno codigo 200,484,231,30,30,https://fakestoreapi.com/auth/login,318,0,0
1775837878859,316,Login - POST /auth/login,526,<none>,Usuarios - Login 1-5,text,false,El servidor no retorno codigo 200,484,226,30,30,https://fakestoreapi.com/auth/login,316,0,0
1775837878859,317,Login - POST /auth/login,526,<none>,Usuarios - Login 1-1,text,false,El servidor no retorno codigo 200,484,225,30,30,https://fakestoreapi.com/auth/login,317,0,0
1775837878862,315,Login - POST /auth/login,526,<none>,Usuarios - Login 1-13,text,false,El servidor no retorno codigo 200,484,227,30,30,https://fakestoreapi.com/auth/login,315,0,0
1775837878864,318,Login - POST /auth/login,526,<none>,Usuarios - Login 1-15,text,false,El servidor no retorno codigo 200,484,225,30,30,https://fakestoreapi.com/auth/login,318,0,0
1775837878869,313,Login - POST /auth/login,526,<none>,Usuarios - Login 1-4,text,false,El servidor no retorno codigo 200,484,231,30,30,https://fakestoreapi.com/auth/login,313,0,0
1775837878889,322,Login - POST /auth/login,526,<none>,Usuarios - Login 1-2,text,false,El servidor no retorno codigo 200,484,225,30,30,https://fakestoreapi.com/auth/login,322,0,0
1775837879114,318,Login - POST /auth/login,526,<none>,Usuarios - Login 1-27,text,false,El servidor no retorno codigo 200,484,226,30,30,https://fakestoreapi.com/auth/login,318,0,0
1775837879162,319,Login - POST /auth/login,526,<none>,Usuarios - Login 1-8,text,false,El servidor no retorno codigo 200,484,227,30,30,https://fakestoreapi.com/auth/login,319,0,0
1775837879253,316,Login - POST /auth/login,526,<none>,Usuarios - Login 1-7,text,false,El servidor no retorno codigo 200,484,225,30,30,https://fakestoreapi.com/auth/login,316,0,0
1775837879264,317,Login - POST /auth/login,526,<none>,Usuarios - Login 1-12,text,false,El servidor no retorno codigo 200,484,225,30,30,https://fakestoreapi.com/auth/login,317,0,0
1775837879263,320,Login - POST /auth/login,526,<none>,Usuarios - Login 1-16,text,false,El servidor no retorno codigo 200,484,231,30,30,https://fakestoreapi.com/auth/login,320,0,0
1775837879362,316,Login - POST /auth/login,526,<none>,Usuarios - Login 1-30,text,false,El servidor no retorno codigo 200,484,226,30,30,https://fakestoreapi.com/auth/login,316,0,0
1775837879410,320,Login - POST /auth/login,526,<none>,Usuarios - Login 1-9,text,false,El servidor no retorno codigo 200,484,225,30,30,https://fakestoreapi.com/auth/login,320,0,0
1775837879413,317,Login - POST /auth/login,526,<none>,Usuarios - Login 1-26,text,false,El servidor no retorno codigo 200,484,227,30,30,https://fakestoreapi.com/auth/login,317,0,0
1775837879712,323,Login - POST /auth/login,526,<none>,Usuarios - Login 1-25,text,false,El servidor no retorno codigo 200,484,231,30,30,https://fakestoreapi.com/auth/login,323,0,0
1775837879812,319,Login - POST /auth/login,526,<none>,Usuarios - Login 1-29,text,false,El servidor no retorno codigo 200,484,225,30,30,https://fakestoreapi.com/auth/login,319,0,0
1775837879964,316,Login - POST /auth/login,526,<none>,Usuarios - Login 1-10,text,false,El servidor no retorno codigo 200,484,226,30,30,https://fakestoreapi.com/auth/login,316,0,0
1775837879963,321,Login - POST /auth/login,526,<none>,Usuarios - Login 1-14,text,false,El servidor no retorno codigo 200,484,227,30,30,https://fakestoreapi.com/auth/login,321,0,0
1775837879964,321,Login - POST /auth/login,526,<none>,Usuarios - Login 1-11,text,false,El servidor no retorno codigo 200,484,231,30,30,https://fakestoreapi.com/auth/login,321,0,0
1775837879964,321,Login - POST /auth/login,526,<none>,Usuarios - Login 1-24,text,false,El servidor no retorno codigo 200,484,225,30,30,https://fakestoreapi.com/auth/login,321,0,0
1775837879964,325,Login - POST /auth/login,526,<none>,Usuarios - Login 1-17,text,false,El servidor no retorno codigo 200,484,225,30,30,https://fakestoreapi.com/auth/login,325,0,0
1775837880114,318,Login - POST /auth/login,526,<none>,Usuarios - Login 1-23,text,false,El servidor no retorno codigo 200,484,227,30,30,https://fakestoreapi.com/auth/login,318,0,0
1775837880112,323,Login - POST /auth/login,526,<none>,Usuarios - Login 1-18,text,false,El servidor no retorno codigo 200,484,226,30,30,https://fakestoreapi.com/auth/login,323,0,0
1775837880154,320,Login - POST /auth/login,526,<none>,Usuarios - Login 1-3,text,false,El servidor no retorno codigo 200,484,225,30,30,https://fakestoreapi.com/auth/login,319,0,0
1775837880215,317,Login - POST /auth/login,526,<none>,Usuarios - Login 1-28,text,false,El servidor no retorno codigo 200,484,231,30,30,https://fakestoreapi.com/auth/login,317,0,0
1775837880262,316,Login - POST /auth/login,526,<none>,Usuarios - Login 1-19,text,false,El servidor no retorno codigo 200,484,226,30,30,https://fakestoreapi.com/auth/login,316,0,0
1775837880263,317,Login - POST /auth/login,526,<none>,Usuarios - Login 1-22,text,false,El servidor no retorno codigo 200,484,225,30,30,https://fakestoreapi.com/auth/login,317,0,0
1775837880313,317,Login - POST /auth/login,526,<none>,Usuarios - Login 1-20,text,false,El servidor no retorno codigo 200,484,227,30,30,https://fakestoreapi.com/auth/login,317,0,0
1775837880316,316,Login - POST /auth/login,526,<none>,Usuarios - Login 1-21,text,false,El servidor no retorno codigo 200,484,225,30,30,https://fakestoreapi.com/auth/login,316,0,0
1775837880353,318,Login - POST /auth/login,526,<none>,Usuarios - Login 1-6,text,false,El servidor no retorno codigo 200,484,231,30,30,https://fakestoreapi.com/auth/login,318,0,0
1775837880360,314,Login - POST /auth/login,526,<none>,Usuarios - Login 1-5,text,false,El servidor no retorno codigo 200,484,225,30,30,https://fakestoreapi.com/auth/login,314,0,0
1775837880360,315,Login - POST /auth/login,526,<none>,Usuarios - Login 1-1,text,false,El servidor no retorno codigo 200,484,226,30,30,https://fakestoreapi.com/auth/login,315,0,0
1775837880363,319,Login - POST /auth/login,526,<none>,Usuarios - Login 1-15,text,false,El servidor no retorno codigo 200,484,225,30,30,https://fakestoreapi.com/auth/login,319,0,0
1775837880363,320,Login - POST /auth/login,526,<none>,Usuarios - Login 1-13,text,false,El servidor no retorno codigo 200,484,227,30,30,https://fakestoreapi.com/auth/login,320,0,0
1775837880368,316,Login - POST /auth/login,526,<none>,Usuarios - Login 1-4,text,false,El servidor no retorno codigo 200,484,231,30,30,https://fakestoreapi.com/auth/login,316,0,0
1775837880391,322,Login - POST /auth/login,526,<none>,Usuarios - Login 1-2,text,false,El servidor no retorno codigo 200,484,225,30,30,https://fakestoreapi.com/auth/login,322,0,0
1775837880613,325,Login - POST /auth/login,526,<none>,Usuarios - Login 1-27,text,false,El servidor no retorno codigo 200,484,226,30,30,https://fakestoreapi.com/auth/login,325,0,0
1775837880661,317,Login - POST /auth/login,526,<none>,Usuarios - Login 1-8,text,false,El servidor no retorno codigo 200,484,227,30,30,https://fakestoreapi.com/auth/login,317,0,0
1775837880755,314,Login - POST /auth/login,526,<none>,Usuarios - Login 1-7,text,false,El servidor no retorno codigo 200,484,225,30,30,https://fakestoreapi.com/auth/login,314,0,0
1775837880763,317,Login - POST /auth/login,526,<none>,Usuarios - Login 1-12,text,false,El servidor no retorno codigo 200,484,231,30,30,https://fakestoreapi.com/auth/login,317,0,0
1775837880763,320,Login - POST /auth/login,526,<none>,Usuarios - Login 1-16,text,false,El servidor no retorno codigo 200,484,225,30,30,https://fakestoreapi.com/auth/login,320,0,0
1775837880863,317,Login - POST /auth/login,526,<none>,Usuarios - Login 1-30,text,false,El servidor no retorno codigo 200,484,226,30,30,https://fakestoreapi.com/auth/login,317,0,0
1775837880912,317,Login - POST /auth/login,526,<none>,Usuarios - Login 1-26,text,false,El servidor no retorno codigo 200,484,225,30,30,https://fakestoreapi.com/auth/login,317,0,0
1775837880910,319,Login - POST /auth/login,526,<none>,Usuarios - Login 1-9,text,false,El servidor no retorno codigo 200,484,227,30,30,https://fakestoreapi.com/auth/login,319,0,0
1775837881213,322,Login - POST /auth/login,526,<none>,Usuarios - Login 1-25,text,false,El servidor no retorno codigo 200,484,231,30,30,https://fakestoreapi.com/auth/login,322,0,0
1775837881311,319,Login - POST /auth/login,526,<none>,Usuarios - Login 1-29,text,false,El servidor no retorno codigo 200,484,225,30,30,https://fakestoreapi.com/auth/login,319,0,0
1775837881462,220,Login - POST /auth/login,526,<none>,Usuarios - Login 1-24,text,false,El servidor no retorno codigo 200,484,231,30,30,https://fakestoreapi.com/auth/login,220,0,0
1775837881464,320,Login - POST /auth/login,526,<none>,Usuarios - Login 1-11,text,false,El servidor no retorno codigo 200,484,225,30,30,https://fakestoreapi.com/auth/login,320,0,0
1775837881464,320,Login - POST /auth/login,526,<none>,Usuarios - Login 1-10,text,false,El servidor no retorno codigo 200,484,226,30,30,https://fakestoreapi.com/auth/login,320,0,0
1775837881462,322,Login - POST /auth/login,526,<none>,Usuarios - Login 1-14,text,false,El servidor no retorno codigo 200,484,227,30,30,https://fakestoreapi.com/auth/login,322,0,0
1775837881464,320,Login - POST /auth/login,526,<none>,Usuarios - Login 1-17,text,false,El servidor no retorno codigo 200,484,225,30,30,https://fakestoreapi.com/auth/login,320,0,0
1775837881612,322,Login - POST /auth/login,526,<none>,Usuarios - Login 1-18,text,false,El servidor no retorno codigo 200,484,227,30,30,https://fakestoreapi.com/auth/login,322,0,0
1775837881614,323,Login - POST /auth/login,526,<none>,Usuarios - Login 1-23,text,false,El servidor no retorno codigo 200,484,226,30,30,https://fakestoreapi.com/auth/login,323,0,0
1775837881653,325,Login - POST /auth/login,526,<none>,Usuarios - Login 1-3,text,false,El servidor no retorno codigo 200,484,225,30,30,https://fakestoreapi.com/auth/login,325,0,0
1775837881713,322,Login - POST /auth/login,526,<none>,Usuarios - Login 1-28,text,false,El servidor no retorno codigo 200,484,231,30,30,https://fakestoreapi.com/auth/login,322,0,0
1775837881812,345,Login - POST /auth/login,526,<none>,Usuarios - Login 1-20,text,false,El servidor no retorno codigo 200,484,227,30,30,https://fakestoreapi.com/auth/login,345,0,0
1775837881763,394,Login - POST /auth/login,526,<none>,Usuarios - Login 1-22,text,false,El servidor no retorno codigo 200,484,226,30,30,https://fakestoreapi.com/auth/login,394,0,0
1775837881814,343,Login - POST /auth/login,526,<none>,Usuarios - Login 1-21,text,false,El servidor no retorno codigo 200,484,225,30,30,https://fakestoreapi.com/auth/login,343,0,0
1775837881761,396,Login - POST /auth/login,526,<none>,Usuarios - Login 1-19,text,false,El servidor no retorno codigo 200,484,225,30,30,https://fakestoreapi.com/auth/login,396,0,0
1775837881854,321,Login - POST /auth/login,526,<none>,Usuarios - Login 1-6,text,false,El servidor no retorno codigo 200,484,231,30,30,https://fakestoreapi.com/auth/login,321,0,0
1775837881859,316,Login - POST /auth/login,526,<none>,Usuarios - Login 1-1,text,false,El servidor no retorno codigo 200,484,226,30,30,https://fakestoreapi.com/auth/login,316,0,0
1775837881861,318,Login - POST /auth/login,526,<none>,Usuarios - Login 1-5,text,false,El servidor no retorno codigo 200,484,225,30,30,https://fakestoreapi.com/auth/login,318,0,0
1775837881863,316,Login - POST /auth/login,526,<none>,Usuarios - Login 1-15,text,false,El servidor no retorno codigo 200,484,227,30,30,https://fakestoreapi.com/auth/login,316,0,0
1775837881863,319,Login - POST /auth/login,526,<none>,Usuarios - Login 1-13,text,false,El servidor no retorno codigo 200,484,225,30,30,https://fakestoreapi.com/auth/login,319,0,0
1775837881869,320,Login - POST /auth/login,526,<none>,Usuarios - Login 1-4,text,false,El servidor no retorno codigo 200,484,231,30,30,https://fakestoreapi.com/auth/login,320,0,0
1775837881889,395,Login - POST /auth/login,526,<none>,Usuarios - Login 1-2,text,false,El servidor no retorno codigo 200,484,225,30,30,https://fakestoreapi.com/auth/login,395,0,0
1775837882114,385,Login - POST /auth/login,526,<none>,Usuarios - Login 1-27,text,false,El servidor no retorno codigo 200,484,226,30,30,https://fakestoreapi.com/auth/login,385,0,0
1775837882162,337,Login - POST /auth/login,526,<none>,Usuarios - Login 1-8,text,false,El servidor no retorno codigo 200,484,227,30,30,https://fakestoreapi.com/auth/login,337,0,0
1775837882253,369,Login - POST /auth/login,526,<none>,Usuarios - Login 1-7,text,false,El servidor no retorno codigo 200,484,225,30,30,https://fakestoreapi.com/auth/login,369,0,0
1775837882263,359,Login - POST /auth/login,526,<none>,Usuarios - Login 1-12,text,false,El servidor no retorno codigo 200,484,231,30,30,https://fakestoreapi.com/auth/login,359,0,0
1775837882261,361,Login - POST /auth/login,526,<none>,Usuarios - Login 1-16,text,false,El servidor no retorno codigo 200,484,225,30,30,https://fakestoreapi.com/auth/login,361,0,0
1775837882363,370,Login - POST /auth/login,526,<none>,Usuarios - Login 1-30,text,false,El servidor no retorno codigo 200,484,226,30,30,https://fakestoreapi.com/auth/login,370,0,0
1775837882410,324,Login - POST /auth/login,526,<none>,Usuarios - Login 1-9,text,false,El servidor no retorno codigo 200,484,225,30,30,https://fakestoreapi.com/auth/login,324,0,0
1775837882411,329,Login - POST /auth/login,526,<none>,Usuarios - Login 1-26,text,false,El servidor no retorno codigo 200,484,227,30,30,https://fakestoreapi.com/auth/login,329,0,0
1775837882713,346,Login - POST /auth/login,526,<none>,Usuarios - Login 1-25,text,false,El servidor no retorno codigo 200,484,231,30,30,https://fakestoreapi.com/auth/login,346,0,0
1775837882813,373,Login - POST /auth/login,526,<none>,Usuarios - Login 1-29,text,false,El servidor no retorno codigo 200,484,225,30,30,https://fakestoreapi.com/auth/login,373,0,0
1775837882964,380,Login - POST /auth/login,526,<none>,Usuarios - Login 1-17,text,false,El servidor no retorno codigo 200,484,225,30,30,https://fakestoreapi.com/auth/login,380,0,0
1775837882962,382,Login - POST /auth/login,526,<none>,Usuarios - Login 1-14,text,false,El servidor no retorno codigo 200,484,231,30,30,https://fakestoreapi.com/auth/login,382,0,0
1775837882962,382,Login - POST /auth/login,526,<none>,Usuarios - Login 1-24,text,false,El servidor no retorno codigo 200,484,226,30,30,https://fakestoreapi.com/auth/login,382,0,0
1775837882964,380,Login - POST /auth/login,526,<none>,Usuarios - Login 1-10,text,false,El servidor no retorno codigo 200,484,227,30,30,https://fakestoreapi.com/auth/login,380,0,0
1775837882964,380,Login - POST /auth/login,526,<none>,Usuarios - Login 1-11,text,false,El servidor no retorno codigo 200,484,225,30,30,https://fakestoreapi.com/auth/login,380,0,0
1775837883110,388,Login - POST /auth/login,526,<none>,Usuarios - Login 1-18,text,false,El servidor no retorno codigo 200,484,226,30,30,https://fakestoreapi.com/auth/login,388,0,0
1775837883113,386,Login - POST /auth/login,526,<none>,Usuarios - Login 1-23,text,false,El servidor no retorno codigo 200,484,227,30,30,https://fakestoreapi.com/auth/login,386,0,0
1775837883153,347,Login - POST /auth/login,526,<none>,Usuarios - Login 1-3,text,false,El servidor no retorno codigo 200,484,225,30,30,https://fakestoreapi.com/auth/login,347,0,0
1775837883211,317,Login - POST /auth/login,526,<none>,Usuarios - Login 1-28,text,false,El servidor no retorno codigo 200,484,231,30,30,https://fakestoreapi.com/auth/login,317,0,0
1775837883263,395,Login - POST /auth/login,526,<none>,Usuarios - Login 1-22,text,false,El servidor no retorno codigo 200,484,225,30,30,https://fakestoreapi.com/auth/login,395,0,0
1775837883260,398,Login - POST /auth/login,526,<none>,Usuarios - Login 1-19,text,false,El servidor no retorno codigo 200,484,226,30,30,https://fakestoreapi.com/auth/login,398,0,0
1775837883313,346,Login - POST /auth/login,526,<none>,Usuarios - Login 1-21,text,false,El servidor no retorno codigo 200,484,227,30,30,https://fakestoreapi.com/auth/login,346,0,0
1775837883311,349,Login - POST /auth/login,526,<none>,Usuarios - Login 1-20,text,false,El servidor no retorno codigo 200,484,225,30,30,https://fakestoreapi.com/auth/login,349,0,0
1775837883353,318,Login - POST /auth/login,526,<none>,Usuarios - Login 1-6,text,false,El servidor no retorno codigo 200,484,225,30,30,https://fakestoreapi.com/auth/login,318,0,0
1775837883359,315,Login - POST /auth/login,526,<none>,Usuarios - Login 1-1,text,false,El servidor no retorno codigo 200,484,231,30,30,https://fakestoreapi.com/auth/login,315,0,0
1775837883359,403,Login - POST /auth/login,526,<none>,Usuarios - Login 1-5,text,false,El servidor no retorno codigo 200,484,226,30,30,https://fakestoreapi.com/auth/login,403,0,0
1775837883362,400,Login - POST /auth/login,526,<none>,Usuarios - Login 1-15,text,false,El servidor no retorno codigo 200,484,227,30,30,https://fakestoreapi.com/auth/login,400,0,0
1775837883362,400,Login - POST /auth/login,526,<none>,Usuarios - Login 1-13,text,false,El servidor no retorno codigo 200,484,225,30,30,https://fakestoreapi.com/auth/login,400,0,0
1775837883368,394,Login - POST /auth/login,526,<none>,Usuarios - Login 1-4,text,false,El servidor no retorno codigo 200,484,231,30,30,https://fakestoreapi.com/auth/login,394,0,0
1775837883389,373,Login - POST /auth/login,526,<none>,Usuarios - Login 1-2,text,false,El servidor no retorno codigo 200,484,225,30,30,https://fakestoreapi.com/auth/login,373,0,0
1775837883611,400,Login - POST /auth/login,526,<none>,Usuarios - Login 1-27,text,false,El servidor no retorno codigo 200,484,227,30,30,https://fakestoreapi.com/auth/login,400,0,0
1775837883660,351,Login - POST /auth/login,526,<none>,Usuarios - Login 1-8,text,false,El servidor no retorno codigo 200,484,226,30,30,https://fakestoreapi.com/auth/login,351,0,0
1775837883762,374,Login - POST /auth/login,526,<none>,Usuarios - Login 1-12,text,false,El servidor no retorno codigo 200,484,225,30,30,https://fakestoreapi.com/auth/login,374,0,0
1775837883751,385,Login - POST /auth/login,526,<none>,Usuarios - Login 1-7,text,false,El servidor no retorno codigo 200,484,225,30,30,https://fakestoreapi.com/auth/login,385,0,0
1775837883761,375,Login - POST /auth/login,526,<none>,Usuarios - Login 1-16,text,false,El servidor no retorno codigo 200,484,231,30,30,https://fakestoreapi.com/auth/login,375,0,0
1775837883864,396,Login - POST /auth/login,526,<none>,Usuarios - Login 1-30,text,false,El servidor no retorno codigo 200,484,226,30,30,https://fakestoreapi.com/auth/login,396,0,0
1775837883912,348,Login - POST /auth/login,526,<none>,Usuarios - Login 1-26,text,false,El servidor no retorno codigo 200,484,225,30,30,https://fakestoreapi.com/auth/login,348,0,0
1775837883910,350,Login - POST /auth/login,526,<none>,Usuarios - Login 1-9,text,false,El servidor no retorno codigo 200,484,227,30,30,https://fakestoreapi.com/auth/login,350,0,0
1775837884211,424,Login - POST /auth/login,526,<none>,Usuarios - Login 1-25,text,false,El servidor no retorno codigo 200,484,231,30,30,https://fakestoreapi.com/auth/login,424,0,0
1775837884310,451,Login - POST /auth/login,526,<none>,Usuarios - Login 1-29,text,false,El servidor no retorno codigo 200,484,225,30,30,https://fakestoreapi.com/auth/login,451,0,0
1775837884464,423,Login - POST /auth/login,526,<none>,Usuarios - Login 1-24,text,false,El servidor no retorno codigo 200,484,225,30,30,https://fakestoreapi.com/auth/login,423,0,0
1775837884463,424,Login - POST /auth/login,526,<none>,Usuarios - Login 1-14,text,false,El servidor no retorno codigo 200,484,226,30,30,https://fakestoreapi.com/auth/login,424,0,0
1775837884464,423,Login - POST /auth/login,526,<none>,Usuarios - Login 1-11,text,false,El servidor no retorno codigo 200,484,225,30,30,https://fakestoreapi.com/auth/login,423,0,0
1775837884464,423,Login - POST /auth/login,526,<none>,Usuarios - Login 1-10,text,false,El servidor no retorno codigo 200,484,231,30,30,https://fakestoreapi.com/auth/login,423,0,0
1775837884464,423,Login - POST /auth/login,526,<none>,Usuarios - Login 1-17,text,false,El servidor no retorno codigo 200,484,227,30,30,https://fakestoreapi.com/auth/login,423,0,0
1775837884612,411,Login - POST /auth/login,526,<none>,Usuarios - Login 1-18,text,false,El servidor no retorno codigo 200,484,226,30,30,https://fakestoreapi.com/auth/login,411,0,0
1775837884613,410,Login - POST /auth/login,526,<none>,Usuarios - Login 1-23,text,false,El servidor no retorno codigo 200,484,227,30,30,https://fakestoreapi.com/auth/login,410,0,0
1775837884652,371,Login - POST /auth/login,526,<none>,Usuarios - Login 1-3,text,false,El servidor no retorno codigo 200,484,225,30,30,https://fakestoreapi.com/auth/login,371,0,0
1775837884712,432,Login - POST /auth/login,526,<none>,Usuarios - Login 1-28,text,false,El servidor no retorno codigo 200,484,231,30,30,https://fakestoreapi.com/auth/login,432,0,0
1775837884761,383,Login - POST /auth/login,526,<none>,Usuarios - Login 1-19,text,false,El servidor no retorno codigo 200,484,226,30,30,https://fakestoreapi.com/auth/login,383,0,0
1775837884763,381,Login - POST /auth/login,526,<none>,Usuarios - Login 1-22,text,false,El servidor no retorno codigo 200,484,225,30,30,https://fakestoreapi.com/auth/login,381,0,0
1775837884862,420,Login - POST /auth/login,526,<none>,Usuarios - Login 1-15,text,false,El servidor no retorno codigo 200,484,227,30,30,https://fakestoreapi.com/auth/login,420,0,0
1775837884889,393,Login - POST /auth/login,526,<none>,Usuarios - Login 1-2,text,false,El servidor no retorno codigo 200,484,225,30,30,https://fakestoreapi.com/auth/login,393,0,0
1775837884814,468,Login - POST /auth/login,526,<none>,Usuarios - Login 1-21,text,false,El servidor no retorno codigo 200,484,227,30,30,https://fakestoreapi.com/auth/login,468,0,0
1775837884859,423,Login - POST /auth/login,526,<none>,Usuarios - Login 1-5,text,false,El servidor no retorno codigo 200,484,226,30,30,https://fakestoreapi.com/auth/login,423,0,0
1775837884868,414,Login - POST /auth/login,526,<none>,Usuarios - Login 1-4,text,false,El servidor no retorno codigo 200,484,231,30,30,https://fakestoreapi.com/auth/login,414,0,0
1775837884860,422,Login - POST /auth/login,526,<none>,Usuarios - Login 1-1,text,false,El servidor no retorno codigo 200,484,225,30,30,https://fakestoreapi.com/auth/login,422,0,0
1775837884852,430,Login - POST /auth/login,526,<none>,Usuarios - Login 1-6,text,false,El servidor no retorno codigo 200,484,231,30,30,https://fakestoreapi.com/auth/login,430,0,0
1775837884862,420,Login - POST /auth/login,526,<none>,Usuarios - Login 1-13,text,false,El servidor no retorno codigo 200,484,225,30,30,https://fakestoreapi.com/auth/login,420,0,0
1775837884812,470,Login - POST /auth/login,526,<none>,Usuarios - Login 1-20,text,false,El servidor no retorno codigo 200,484,225,30,30,https://fakestoreapi.com/auth/login,470,0,0
1775837885111,352,Login - POST /auth/login,526,<none>,Usuarios - Login 1-27,text,false,El servidor no retorno codigo 200,484,226,30,30,https://fakestoreapi.com/auth/login,352,0,0
1775837885160,374,Login - POST /auth/login,526,<none>,Usuarios - Login 1-8,text,false,El servidor no retorno codigo 200,484,227,30,30,https://fakestoreapi.com/auth/login,374,0,0
1775837885251,405,Login - POST /auth/login,526,<none>,Usuarios - Login 1-7,text,false,El servidor no retorno codigo 200,484,225,30,30,https://fakestoreapi.com/auth/login,405,0,0
1775837885262,396,Login - POST /auth/login,526,<none>,Usuarios - Login 1-12,text,false,El servidor no retorno codigo 200,484,231,30,30,https://fakestoreapi.com/auth/login,396,0,0
1775837885261,397,Login - POST /auth/login,526,<none>,Usuarios - Login 1-16,text,false,El servidor no retorno codigo 200,484,225,30,30,https://fakestoreapi.com/auth/login,397,0,0
1775837885410,374,Login - POST /auth/login,526,<none>,Usuarios - Login 1-9,text,false,El servidor no retorno codigo 200,484,225,30,30,https://fakestoreapi.com/auth/login,374,0,0
1775837885362,422,Login - POST /auth/login,526,<none>,Usuarios - Login 1-30,text,false,El servidor no retorno codigo 200,484,226,30,30,https://fakestoreapi.com/auth/login,422,0,0
1775837885411,373,Login - POST /auth/login,526,<none>,Usuarios - Login 1-26,text,false,El servidor no retorno codigo 200,484,227,30,30,https://fakestoreapi.com/auth/login,373,0,0
1775837885711,321,Login - POST /auth/login,526,<none>,Usuarios - Login 1-25,text,false,El servidor no retorno codigo 200,484,231,30,30,https://fakestoreapi.com/auth/login,321,0,0
1775837885811,334,Login - POST /auth/login,526,<none>,Usuarios - Login 1-29,text,false,El servidor no retorno codigo 200,484,225,30,30,https://fakestoreapi.com/auth/login,334,0,0
1775837885964,322,Login - POST /auth/login,526,<none>,Usuarios - Login 1-24,text,false,El servidor no retorno codigo 200,484,227,30,30,https://fakestoreapi.com/auth/login,322,0,0
1775837885962,324,Login - POST /auth/login,526,<none>,Usuarios - Login 1-11,text,false,El servidor no retorno codigo 200,484,225,30,30,https://fakestoreapi.com/auth/login,324,0,0
1775837885961,325,Login - POST /auth/login,526,<none>,Usuarios - Login 1-14,text,false,El servidor no retorno codigo 200,484,225,30,30,https://fakestoreapi.com/auth/login,325,0,0
1775837885962,324,Login - POST /auth/login,526,<none>,Usuarios - Login 1-10,text,false,El servidor no retorno codigo 200,484,231,30,30,https://fakestoreapi.com/auth/login,324,0,0
1775837885964,328,Login - POST /auth/login,526,<none>,Usuarios - Login 1-17,text,false,El servidor no retorno codigo 200,484,226,30,30,https://fakestoreapi.com/auth/login,328,0,0
1775837886112,349,Login - POST /auth/login,526,<none>,Usuarios - Login 1-23,text,false,El servidor no retorno codigo 200,484,225,30,30,https://fakestoreapi.com/auth/login,348,0,0
1775837886110,353,Login - POST /auth/login,526,<none>,Usuarios - Login 1-18,text,false,El servidor no retorno codigo 200,484,227,30,30,https://fakestoreapi.com/auth/login,353,0,0
1775837886153,317,Login - POST /auth/login,526,<none>,Usuarios - Login 1-3,text,false,El servidor no retorno codigo 200,484,226,30,30,https://fakestoreapi.com/auth/login,317,0,0
1775837886261,346,Login - POST /auth/login,526,<none>,Usuarios - Login 1-22,text,false,El servidor no retorno codigo 200,484,226,30,30,https://fakestoreapi.com/auth/login,346,0,0
1775837886262,345,Login - POST /auth/login,526,<none>,Usuarios - Login 1-19,text,false,El servidor no retorno codigo 200,484,231,30,30,https://fakestoreapi.com/auth/login,345,0,0
1775837886213,394,Login - POST /auth/login,526,<none>,Usuarios - Login 1-28,text,false,El servidor no retorno codigo 200,484,225,30,30,https://fakestoreapi.com/auth/login,394,0,0
1775837886311,320,Login - POST /auth/login,526,<none>,Usuarios - Login 1-20,text,false,El servidor no retorno codigo 200,484,231,30,30,https://fakestoreapi.com/auth/login,320,0,0
1775837886314,317,Login - POST /auth/login,526,<none>,Usuarios - Login 1-21,text,false,El servidor no retorno codigo 200,484,225,30,30,https://fakestoreapi.com/auth/login,317,0,0
1775837886360,369,Login - POST /auth/login,526,<none>,Usuarios - Login 1-5,text,false,El servidor no retorno codigo 200,484,225,30,30,https://fakestoreapi.com/auth/login,369,0,0
1775837886360,369,Login - POST /auth/login,526,<none>,Usuarios - Login 1-1,text,false,El servidor no retorno codigo 200,484,227,30,30,https://fakestoreapi.com/auth/login,369,0,0
1775837886369,361,Login - POST /auth/login,526,<none>,Usuarios - Login 1-4,text,false,El servidor no retorno codigo 200,484,226,30,30,https://fakestoreapi.com/auth/login,361,0,0
1775837886361,369,Login - POST /auth/login,526,<none>,Usuarios - Login 1-13,text,false,El servidor no retorno codigo 200,484,225,30,30,https://fakestoreapi.com/auth/login,369,0,0
1775837886390,346,Login - POST /auth/login,526,<none>,Usuarios - Login 1-2,text,false,El servidor no retorno codigo 200,484,227,30,30,https://fakestoreapi.com/auth/login,346,0,0
1775837886362,377,Login - POST /auth/login,526,<none>,Usuarios - Login 1-15,text,false,El servidor no retorno codigo 200,484,231,30,30,https://fakestoreapi.com/auth/login,377,0,0
1775837886353,386,Login - POST /auth/login,526,<none>,Usuarios - Login 1-6,text,false,El servidor no retorno codigo 200,484,225,30,30,https://fakestoreapi.com/auth/login,386,0,0
1775837886612,320,Login - POST /auth/login,526,<none>,Usuarios - Login 1-27,text,false,El servidor no retorno codigo 200,484,226,30,30,https://fakestoreapi.com/auth/login,320,0,0
1775837886660,316,Login - POST /auth/login,526,<none>,Usuarios - Login 1-8,text,false,El servidor no retorno codigo 200,484,227,30,30,https://fakestoreapi.com/auth/login,316,0,0
1775837886752,315,Login - POST /auth/login,526,<none>,Usuarios - Login 1-7,text,false,El servidor no retorno codigo 200,484,225,30,30,https://fakestoreapi.com/auth/login,315,0,0
1775837886761,319,Login - POST /auth/login,526,<none>,Usuarios - Login 1-16,text,false,El servidor no retorno codigo 200,484,231,30,30,https://fakestoreapi.com/auth/login,319,0,0
1775837886762,318,Login - POST /auth/login,526,<none>,Usuarios - Login 1-12,text,false,El servidor no retorno codigo 200,484,225,30,30,https://fakestoreapi.com/auth/login,318,0,0
1775837886862,317,Login - POST /auth/login,526,<none>,Usuarios - Login 1-30,text,false,El servidor no retorno codigo 200,484,226,30,30,https://fakestoreapi.com/auth/login,317,0,0
1775837886911,317,Login - POST /auth/login,526,<none>,Usuarios - Login 1-26,text,false,El servidor no retorno codigo 200,484,225,30,30,https://fakestoreapi.com/auth/login,317,0,0
1775837886909,322,Login - POST /auth/login,526,<none>,Usuarios - Login 1-9,text,false,El servidor no retorno codigo 200,484,227,30,30,https://fakestoreapi.com/auth/login,322,0,0
1775837887211,318,Login - POST /auth/login,526,<none>,Usuarios - Login 1-25,text,false,El servidor no retorno codigo 200,484,231,30,30,https://fakestoreapi.com/auth/login,318,0,0
1775837887310,316,Login - POST /auth/login,526,<none>,Usuarios - Login 1-29,text,false,El servidor no retorno codigo 200,484,225,30,30,https://fakestoreapi.com/auth/login,316,0,0
1775837887461,316,Login - POST /auth/login,526,<none>,Usuarios - Login 1-14,text,false,El servidor no retorno codigo 200,484,231,30,30,https://fakestoreapi.com/auth/login,316,0,0
1775837887463,317,Login - POST /auth/login,526,<none>,Usuarios - Login 1-24,text,false,El servidor no retorno codigo 200,484,227,30,30,https://fakestoreapi.com/auth/login,317,0,0
1775837887462,320,Login - POST /auth/login,526,<none>,Usuarios - Login 1-10,text,false,El servidor no retorno codigo 200,484,225,30,30,https://fakestoreapi.com/auth/login,320,0,0
1775837887463,321,Login - POST /auth/login,526,<none>,Usuarios - Login 1-11,text,false,El servidor no retorno codigo 200,484,226,30,30,https://fakestoreapi.com/auth/login,321,0,0
1775837887463,323,Login - POST /auth/login,526,<none>,Usuarios - Login 1-17,text,false,El servidor no retorno codigo 200,484,225,30,30,https://fakestoreapi.com/auth/login,323,0,0
1775837887612,315,Login - POST /auth/login,526,<none>,Usuarios - Login 1-23,text,false,El servidor no retorno codigo 200,484,226,30,30,https://fakestoreapi.com/auth/login,315,0,0
1775837887611,321,Login - POST /auth/login,526,<none>,Usuarios - Login 1-18,text,false,El servidor no retorno codigo 200,484,227,30,30,https://fakestoreapi.com/auth/login,321,0,0
1775837887653,318,Login - POST /auth/login,526,<none>,Usuarios - Login 1-3,text,false,El servidor no retorno codigo 200,484,225,30,30,https://fakestoreapi.com/auth/login,318,0,0
1775837887713,319,Login - POST /auth/login,526,<none>,Usuarios - Login 1-28,text,false,El servidor no retorno codigo 200,484,225,30,30,https://fakestoreapi.com/auth/login,319,0,0
1775837887761,318,Login - POST /auth/login,526,<none>,Usuarios - Login 1-19,text,false,El servidor no retorno codigo 200,484,226,30,30,https://fakestoreapi.com/auth/login,318,0,0
1775837887762,317,Login - POST /auth/login,526,<none>,Usuarios - Login 1-22,text,false,El servidor no retorno codigo 200,484,231,30,30,https://fakestoreapi.com/auth/login,317,0,0
1775837887812,317,Login - POST /auth/login,526,<none>,Usuarios - Login 1-20,text,false,El servidor no retorno codigo 200,484,225,30,30,https://fakestoreapi.com/auth/login,317,0,0
1775837887814,320,Login - POST /auth/login,526,<none>,Usuarios - Login 1-21,text,false,El servidor no retorno codigo 200,484,227,30,30,https://fakestoreapi.com/auth/login,320,0,0
1775837887852,322,Login - POST /auth/login,526,<none>,Usuarios - Login 1-6,text,false,El servidor no retorno codigo 200,484,225,30,30,https://fakestoreapi.com/auth/login,322,0,0
1775837887858,316,Login - POST /auth/login,526,<none>,Usuarios - Login 1-5,text,false,El servidor no retorno codigo 200,484,225,30,30,https://fakestoreapi.com/auth/login,316,0,0
1775837887858,316,Login - POST /auth/login,526,<none>,Usuarios - Login 1-1,text,false,El servidor no retorno codigo 200,484,231,30,30,https://fakestoreapi.com/auth/login,316,0,0
1775837887861,317,Login - POST /auth/login,526,<none>,Usuarios - Login 1-13,text,false,El servidor no retorno codigo 200,484,227,30,30,https://fakestoreapi.com/auth/login,317,0,0
1775837887861,321,Login - POST /auth/login,526,<none>,Usuarios - Login 1-15,text,false,El servidor no retorno codigo 200,484,231,30,30,https://fakestoreapi.com/auth/login,321,0,0
1775837887868,314,Login - POST /auth/login,526,<none>,Usuarios - Login 1-4,text,false,El servidor no retorno codigo 200,484,226,30,30,https://fakestoreapi.com/auth/login,314,0,0
1775837887889,321,Login - POST /auth/login,526,<none>,Usuarios - Login 1-2,text,false,El servidor no retorno codigo 200,484,225,30,30,https://fakestoreapi.com/auth/login,320,0,0
1775837888111,324,Login - POST /auth/login,526,<none>,Usuarios - Login 1-27,text,false,El servidor no retorno codigo 200,484,226,30,30,https://fakestoreapi.com/auth/login,324,0,0
1775837888160,317,Login - POST /auth/login,526,<none>,Usuarios - Login 1-8,text,false,El servidor no retorno codigo 200,484,227,30,30,https://fakestoreapi.com/auth/login,317,0,0
1775837888253,314,Login - POST /auth/login,526,<none>,Usuarios - Login 1-7,text,false,El servidor no retorno codigo 200,484,225,30,30,https://fakestoreapi.com/auth/login,314,0,0
1775837888263,316,Login - POST /auth/login,526,<none>,Usuarios - Login 1-12,text,false,El servidor no retorno codigo 200,484,225,30,30,https://fakestoreapi.com/auth/login,316,0,0
1775837888262,319,Login - POST /auth/login,526,<none>,Usuarios - Login 1-16,text,false,El servidor no retorno codigo 200,484,231,30,30,https://fakestoreapi.com/auth/login,319,0,0
1775837888363,315,Login - POST /auth/login,526,<none>,Usuarios - Login 1-30,text,false,El servidor no retorno codigo 200,484,226,30,30,https://fakestoreapi.com/auth/login,315,0,0
1775837888411,324,Login - POST /auth/login,526,<none>,Usuarios - Login 1-26,text,false,El servidor no retorno codigo 200,484,225,30,30,https://fakestoreapi.com/auth/login,324,0,0
1775837888408,328,Login - POST /auth/login,526,<none>,Usuarios - Login 1-9,text,false,El servidor no retorno codigo 200,484,227,30,30,https://fakestoreapi.com/auth/login,328,0,0
1775837888713,318,Login - POST /auth/login,526,<none>,Usuarios - Login 1-25,text,false,El servidor no retorno codigo 200,484,231,30,30,https://fakestoreapi.com/auth/login,318,0,0
1775837888812,316,Login - POST /auth/login,526,<none>,Usuarios - Login 1-29,text,false,El servidor no retorno codigo 200,484,225,30,30,https://fakestoreapi.com/auth/login,316,0,0
1775837888962,316,Login - POST /auth/login,526,<none>,Usuarios - Login 1-24,text,false,El servidor no retorno codigo 200,484,227,30,30,https://fakestoreapi.com/auth/login,316,0,0
1775837888963,316,Login - POST /auth/login,526,<none>,Usuarios - Login 1-14,text,false,El servidor no retorno codigo 200,484,226,30,30,https://fakestoreapi.com/auth/login,316,0,0
1775837888962,318,Login - POST /auth/login,526,<none>,Usuarios - Login 1-10,text,false,El servidor no retorno codigo 200,484,225,30,30,https://fakestoreapi.com/auth/login,318,0,0
1775837888963,318,Login - POST /auth/login,526,<none>,Usuarios - Login 1-11,text,false,El servidor no retorno codigo 200,484,231,30,30,https://fakestoreapi.com/auth/login,318,0,0
1775837888962,325,Login - POST /auth/login,526,<none>,Usuarios - Login 1-17,text,false,El servidor no retorno codigo 200,484,225,30,30,https://fakestoreapi.com/auth/login,325,0,0
1775837889112,315,Login - POST /auth/login,526,<none>,Usuarios - Login 1-23,text,false,El servidor no retorno codigo 200,484,226,30,30,https://fakestoreapi.com/auth/login,315,0,0
1775837889111,320,Login - POST /auth/login,526,<none>,Usuarios - Login 1-18,text,false,El servidor no retorno codigo 200,484,227,30,30,https://fakestoreapi.com/auth/login,320,0,0
1775837889153,319,Login - POST /auth/login,526,<none>,Usuarios - Login 1-3,text,false,El servidor no retorno codigo 200,484,225,30,30,https://fakestoreapi.com/auth/login,319,0,0
1775837889212,317,Login - POST /auth/login,526,<none>,Usuarios - Login 1-28,text,false,El servidor no retorno codigo 200,484,231,30,30,https://fakestoreapi.com/auth/login,317,0,0
1775837889261,315,Login - POST /auth/login,526,<none>,Usuarios - Login 1-19,text,false,El servidor no retorno codigo 200,484,225,30,30,https://fakestoreapi.com/auth/login,315,0,0
1775837889261,315,Login - POST /auth/login,526,<none>,Usuarios - Login 1-22,text,false,El servidor no retorno codigo 200,484,226,30,30,https://fakestoreapi.com/auth/login,315,0,0
1775837889313,321,Login - POST /auth/login,526,<none>,Usuarios - Login 1-21,text,false,El servidor no retorno codigo 200,484,225,30,30,https://fakestoreapi.com/auth/login,321,0,0
1775837889312,325,Login - POST /auth/login,526,<none>,Usuarios - Login 1-20,text,false,El servidor no retorno codigo 200,484,227,30,30,https://fakestoreapi.com/auth/login,325,0,0
1775837889353,317,Login - POST /auth/login,526,<none>,Usuarios - Login 1-6,text,false,El servidor no retorno codigo 200,484,226,30,30,https://fakestoreapi.com/auth/login,317,0,0
1775837889360,316,Login - POST /auth/login,526,<none>,Usuarios - Login 1-5,text,false,El servidor no retorno codigo 200,484,225,30,30,https://fakestoreapi.com/auth/login,316,0,0
1775837889360,318,Login - POST /auth/login,526,<none>,Usuarios - Login 1-1,text,false,El servidor no retorno codigo 200,484,231,30,30,https://fakestoreapi.com/auth/login,318,0,0
1775837889362,316,Login - POST /auth/login,526,<none>,Usuarios - Login 1-15,text,false,El servidor no retorno codigo 200,484,225,30,30,https://fakestoreapi.com/auth/login,316,0,0
1775837889363,318,Login - POST /auth/login,526,<none>,Usuarios - Login 1-13,text,false,El servidor no retorno codigo 200,484,227,30,30,https://fakestoreapi.com/auth/login,318,0,0
1775837889368,317,Login - POST /auth/login,526,<none>,Usuarios - Login 1-4,text,false,El servidor no retorno codigo 200,484,231,30,30,https://fakestoreapi.com/auth/login,317,0,0
1775837889389,319,Login - POST /auth/login,526,<none>,Usuarios - Login 1-2,text,false,El servidor no retorno codigo 200,484,225,30,30,https://fakestoreapi.com/auth/login,319,0,0
1775837889612,325,Login - POST /auth/login,526,<none>,Usuarios - Login 1-27,text,false,El servidor no retorno codigo 200,484,226,30,30,https://fakestoreapi.com/auth/login,325,0,0
1775837889661,315,Login - POST /auth/login,526,<none>,Usuarios - Login 1-8,text,false,El servidor no retorno codigo 200,484,227,30,30,https://fakestoreapi.com/auth/login,315,0,0
1775837889754,316,Login - POST /auth/login,526,<none>,Usuarios - Login 1-7,text,false,El servidor no retorno codigo 200,484,225,30,30,https://fakestoreapi.com/auth/login,316,0,0
1775837889761,318,Login - POST /auth/login,526,<none>,Usuarios - Login 1-16,text,false,El servidor no retorno codigo 200,484,225,30,30,https://fakestoreapi.com/auth/login,318,0,0
1775837889763,317,Login - POST /auth/login,526,<none>,Usuarios - Login 1-12,text,false,El servidor no retorno codigo 200,484,231,30,30,https://fakestoreapi.com/auth/login,317,0,0
1775837889861,320,Login - POST /auth/login,526,<none>,Usuarios - Login 1-30,text,false,El servidor no retorno codigo 200,484,226,30,30,https://fakestoreapi.com/auth/login,320,0,0
1775837889908,318,Login - POST /auth/login,526,<none>,Usuarios - Login 1-9,text,false,El servidor no retorno codigo 200,484,225,30,30,https://fakestoreapi.com/auth/login,318,0,0
1775837889911,319,Login - POST /auth/login,526,<none>,Usuarios - Login 1-26,text,false,El servidor no retorno codigo 200,484,227,30,30,https://fakestoreapi.com/auth/login,319,0,0
1775837890212,320,Login - POST /auth/login,526,<none>,Usuarios - Login 1-25,text,false,El servidor no retorno codigo 200,484,231,30,30,https://fakestoreapi.com/auth/login,320,0,0
1775837890311,320,Login - POST /auth/login,526,<none>,Usuarios - Login 1-29,text,false,El servidor no retorno codigo 200,484,225,30,30,https://fakestoreapi.com/auth/login,320,0,0
1775837890462,318,Login - POST /auth/login,526,<none>,Usuarios - Login 1-14,text,false,El servidor no retorno codigo 200,484,227,30,30,https://fakestoreapi.com/auth/login,318,0,0
1775837890463,317,Login - POST /auth/login,526,<none>,Usuarios - Login 1-24,text,false,El servidor no retorno codigo 200,484,226,30,30,https://fakestoreapi.com/auth/login,317,0,0
1775837890462,318,Login - POST /auth/login,526,<none>,Usuarios - Login 1-10,text,false,El servidor no retorno codigo 200,484,225,30,30,https://fakestoreapi.com/auth/login,318,0,0
1775837890463,322,Login - POST /auth/login,526,<none>,Usuarios - Login 1-11,text,false,El servidor no retorno codigo 200,484,231,30,30,https://fakestoreapi.com/auth/login,322,0,0
1775837890463,326,Login - POST /auth/login,526,<none>,Usuarios - Login 1-17,text,false,El servidor no retorno codigo 200,484,225,30,30,https://fakestoreapi.com/auth/login,326,0,0
1775837890610,317,Login - POST /auth/login,526,<none>,Usuarios - Login 1-18,text,false,El servidor no retorno codigo 200,484,227,30,30,https://fakestoreapi.com/auth/login,317,0,0
1775837890613,317,Login - POST /auth/login,526,<none>,Usuarios - Login 1-23,text,false,El servidor no retorno codigo 200,484,226,30,30,https://fakestoreapi.com/auth/login,317,0,0
1775837890653,318,Login - POST /auth/login,526,<none>,Usuarios - Login 1-3,text,false,El servidor no retorno codigo 200,484,225,30,30,https://fakestoreapi.com/auth/login,318,0,0
1775837890712,319,Login - POST /auth/login,526,<none>,Usuarios - Login 1-28,text,false,El servidor no retorno codigo 200,484,231,30,30,https://fakestoreapi.com/auth/login,319,0,0
1775837890762,315,Login - POST /auth/login,526,<none>,Usuarios - Login 1-19,text,false,El servidor no retorno codigo 200,484,226,30,30,https://fakestoreapi.com/auth/login,315,0,0
1775837890764,316,Login - POST /auth/login,526,<none>,Usuarios - Login 1-22,text,false,El servidor no retorno codigo 200,484,225,30,30,https://fakestoreapi.com/auth/login,316,0,0
1775837890811,321,Login - POST /auth/login,526,<none>,Usuarios - Login 1-20,text,false,El servidor no retorno codigo 200,484,225,30,30,https://fakestoreapi.com/auth/login,321,0,0
1775837890814,319,Login - POST /auth/login,526,<none>,Usuarios - Login 1-21,text,false,El servidor no retorno codigo 200,484,227,30,30,https://fakestoreapi.com/auth/login,319,0,0
1775837890858,317,Login - POST /auth/login,526,<none>,Usuarios - Login 1-1,text,false,El servidor no retorno codigo 200,484,226,30,30,https://fakestoreapi.com/auth/login,317,0,0
1775837890852,325,Login - POST /auth/login,526,<none>,Usuarios - Login 1-6,text,false,El servidor no retorno codigo 200,484,231,30,30,https://fakestoreapi.com/auth/login,325,0,0
1775837890858,319,Login - POST /auth/login,526,<none>,Usuarios - Login 1-5,text,false,El servidor no retorno codigo 200,484,225,30,30,https://fakestoreapi.com/auth/login,319,0,0
1775837890862,319,Login - POST /auth/login,526,<none>,Usuarios - Login 1-15,text,false,El servidor no retorno codigo 200,484,227,30,30,https://fakestoreapi.com/auth/login,319,0,0
1775837890869,317,Login - POST /auth/login,526,<none>,Usuarios - Login 1-4,text,false,El servidor no retorno codigo 200,484,231,30,30,https://fakestoreapi.com/auth/login,317,0,0
1775837890862,324,Login - POST /auth/login,526,<none>,Usuarios - Login 1-13,text,false,El servidor no retorno codigo 200,484,225,30,30,https://fakestoreapi.com/auth/login,324,0,0
1775837890889,320,Login - POST /auth/login,526,<none>,Usuarios - Login 1-2,text,false,El servidor no retorno codigo 200,484,225,30,30,https://fakestoreapi.com/auth/login,320,0,0
1775837891112,323,Login - POST /auth/login,526,<none>,Usuarios - Login 1-27,text,false,El servidor no retorno codigo 200,484,226,30,30,https://fakestoreapi.com/auth/login,323,0,0
1775837891160,316,Login - POST /auth/login,526,<none>,Usuarios - Login 1-8,text,false,El servidor no retorno codigo 200,484,227,30,30,https://fakestoreapi.com/auth/login,316,0,0
1775837891251,315,Login - POST /auth/login,526,<none>,Usuarios - Login 1-7,text,false,El servidor no retorno codigo 200,484,225,30,30,https://fakestoreapi.com/auth/login,315,0,0
1775837891263,318,Login - POST /auth/login,526,<none>,Usuarios - Login 1-16,text,false,El servidor no retorno codigo 200,484,231,30,30,https://fakestoreapi.com/auth/login,318,0,0
1775837891264,317,Login - POST /auth/login,526,<none>,Usuarios - Login 1-12,text,false,El servidor no retorno codigo 200,484,225,30,30,https://fakestoreapi.com/auth/login,317,0,0
1775837891362,314,Login - POST /auth/login,526,<none>,Usuarios - Login 1-30,text,false,El servidor no retorno codigo 200,484,226,30,30,https://fakestoreapi.com/auth/login,314,0,0
1775837891409,324,Login - POST /auth/login,526,<none>,Usuarios - Login 1-9,text,false,El servidor no retorno codigo 200,484,225,30,30,https://fakestoreapi.com/auth/login,324,0,0
1775837891411,322,Login - POST /auth/login,526,<none>,Usuarios - Login 1-26,text,false,El servidor no retorno codigo 200,484,227,30,30,https://fakestoreapi.com/auth/login,322,0,0
1775837891714,322,Login - POST /auth/login,526,<none>,Usuarios - Login 1-25,text,false,El servidor no retorno codigo 200,484,231,30,30,https://fakestoreapi.com/auth/login,322,0,0
1775837891811,314,Login - POST /auth/login,526,<none>,Usuarios - Login 1-29,text,false,El servidor no retorno codigo 200,484,225,30,30,https://fakestoreapi.com/auth/login,314,0,0
1775837891963,316,Login - POST /auth/login,526,<none>,Usuarios - Login 1-24,text,false,El servidor no retorno codigo 200,484,227,30,30,https://fakestoreapi.com/auth/login,316,0,0
1775837891962,321,Login - POST /auth/login,526,<none>,Usuarios - Login 1-14,text,false,El servidor no retorno codigo 200,484,226,30,30,https://fakestoreapi.com/auth/login,321,0,0
1775837891965,321,Login - POST /auth/login,526,<none>,Usuarios - Login 1-10,text,false,El servidor no retorno codigo 200,484,225,30,30,https://fakestoreapi.com/auth/login,321,0,0
1775837891965,322,Login - POST /auth/login,526,<none>,Usuarios - Login 1-11,text,false,El servidor no retorno codigo 200,484,231,30,30,https://fakestoreapi.com/auth/login,322,0,0
1775837891965,323,Login - POST /auth/login,526,<none>,Usuarios - Login 1-17,text,false,El servidor no retorno codigo 200,484,225,30,30,https://fakestoreapi.com/auth/login,323,0,0
1775837892114,315,Login - POST /auth/login,526,<none>,Usuarios - Login 1-23,text,false,El servidor no retorno codigo 200,484,227,30,30,https://fakestoreapi.com/auth/login,315,0,0
1775837892111,323,Login - POST /auth/login,526,<none>,Usuarios - Login 1-18,text,false,El servidor no retorno codigo 200,484,226,30,30,https://fakestoreapi.com/auth/login,323,0,0
1775837892153,318,Login - POST /auth/login,526,<none>,Usuarios - Login 1-3,text,false,El servidor no retorno codigo 200,484,225,30,30,https://fakestoreapi.com/auth/login,318,0,0
1775837892211,319,Login - POST /auth/login,526,<none>,Usuarios - Login 1-28,text,false,El servidor no retorno codigo 200,484,231,30,30,https://fakestoreapi.com/auth/login,319,0,0
1775837892261,315,Login - POST /auth/login,526,<none>,Usuarios - Login 1-19,text,false,El servidor no retorno codigo 200,484,225,30,30,https://fakestoreapi.com/auth/login,315,0,0
1775837892262,320,Login - POST /auth/login,526,<none>,Usuarios - Login 1-22,text,false,El servidor no retorno codigo 200,484,226,30,30,https://fakestoreapi.com/auth/login,320,0,0
1775837892314,317,Login - POST /auth/login,526,<none>,Usuarios - Login 1-21,text,false,El servidor no retorno codigo 200,484,225,30,30,https://fakestoreapi.com/auth/login,317,0,0
1775837892313,321,Login - POST /auth/login,526,<none>,Usuarios - Login 1-20,text,false,El servidor no retorno codigo 200,484,227,30,30,https://fakestoreapi.com/auth/login,321,0,0
1775837892354,317,Login - POST /auth/login,526,<none>,Usuarios - Login 1-6,text,false,El servidor no retorno codigo 200,484,225,30,30,https://fakestoreapi.com/auth/login,317,0,0
1775837892359,315,Login - POST /auth/login,526,<none>,Usuarios - Login 1-1,text,false,El servidor no retorno codigo 200,484,231,30,30,https://fakestoreapi.com/auth/login,315,0,0
1775837892361,314,Login - POST /auth/login,526,<none>,Usuarios - Login 1-5,text,false,El servidor no retorno codigo 200,484,226,30,30,https://fakestoreapi.com/auth/login,314,0,0
1775837892362,316,Login - POST /auth/login,526,<none>,Usuarios - Login 1-15,text,false,El servidor no retorno codigo 200,484,227,30,30,https://fakestoreapi.com/auth/login,316,0,0
1775837892362,319,Login - POST /auth/login,526,<none>,Usuarios - Login 1-13,text,false,El servidor no retorno codigo 200,484,231,30,30,https://fakestoreapi.com/auth/login,319,0,0
1775837892368,314,Login - POST /auth/login,526,<none>,Usuarios - Login 1-4,text,false,El servidor no retorno codigo 200,484,225,30,30,https://fakestoreapi.com/auth/login,314,0,0
1775837892389,320,Login - POST /auth/login,526,<none>,Usuarios - Login 1-2,text,false,El servidor no retorno codigo 200,484,225,30,30,https://fakestoreapi.com/auth/login,320,0,0
1775837892661,362,Login - POST /auth/login,526,<none>,Usuarios - Login 1-8,text,false,El servidor no retorno codigo 200,484,227,30,30,https://fakestoreapi.com/auth/login,362,0,0
1775837892612,411,Login - POST /auth/login,526,<none>,Usuarios - Login 1-27,text,false,El servidor no retorno codigo 200,484,226,30,30,https://fakestoreapi.com/auth/login,411,0,0
1775837892752,314,Login - POST /auth/login,526,<none>,Usuarios - Login 1-7,text,false,El servidor no retorno codigo 200,484,225,30,30,https://fakestoreapi.com/auth/login,314,0,0
1775837892764,383,Login - POST /auth/login,526,<none>,Usuarios - Login 1-12,text,false,El servidor no retorno codigo 200,484,225,30,30,https://fakestoreapi.com/auth/login,383,0,0
1775837892761,386,Login - POST /auth/login,526,<none>,Usuarios - Login 1-16,text,false,El servidor no retorno codigo 200,484,231,30,30,https://fakestoreapi.com/auth/login,386,0,0
1775837892862,317,Login - POST /auth/login,526,<none>,Usuarios - Login 1-30,text,false,El servidor no retorno codigo 200,484,226,30,30,https://fakestoreapi.com/auth/login,317,0,0
1775837892911,429,Login - POST /auth/login,526,<none>,Usuarios - Login 1-26,text,false,El servidor no retorno codigo 200,484,225,30,30,https://fakestoreapi.com/auth/login,429,0,0
1775837892909,431,Login - POST /auth/login,526,<none>,Usuarios - Login 1-9,text,false,El servidor no retorno codigo 200,484,227,30,30,https://fakestoreapi.com/auth/login,431,0,0
1775837893213,355,Login - POST /auth/login,526,<none>,Usuarios - Login 1-25,text,false,El servidor no retorno codigo 200,484,231,30,30,https://fakestoreapi.com/auth/login,355,0,0
1775837893311,348,Login - POST /auth/login,526,<none>,Usuarios - Login 1-29,text,false,El servidor no retorno codigo 200,484,225,30,30,https://fakestoreapi.com/auth/login,347,0,0
1775837893462,320,Login - POST /auth/login,526,<none>,Usuarios - Login 1-14,text,false,El servidor no retorno codigo 200,484,227,30,30,https://fakestoreapi.com/auth/login,320,0,0
1775837893463,320,Login - POST /auth/login,526,<none>,Usuarios - Login 1-10,text,false,El servidor no retorno codigo 200,484,225,30,30,https://fakestoreapi.com/auth/login,320,0,0
1775837893463,322,Login - POST /auth/login,526,<none>,Usuarios - Login 1-11,text,false,El servidor no retorno codigo 200,484,231,30,30,https://fakestoreapi.com/auth/login,322,0,0
1775837893463,325,Login - POST /auth/login,526,<none>,Usuarios - Login 1-17,text,false,El servidor no retorno codigo 200,484,225,30,30,https://fakestoreapi.com/auth/login,325,0,0
1775837893463,327,Login - POST /auth/login,526,<none>,Usuarios - Login 1-24,text,false,El servidor no retorno codigo 200,484,226,30,30,https://fakestoreapi.com/auth/login,327,0,0
1775837893653,364,Login - POST /auth/login,526,<none>,Usuarios - Login 1-3,text,false,El servidor no retorno codigo 200,484,225,30,30,https://fakestoreapi.com/auth/login,364,0,0
1775837893612,405,Login - POST /auth/login,526,<none>,Usuarios - Login 1-23,text,false,El servidor no retorno codigo 200,484,226,30,30,https://fakestoreapi.com/auth/login,405,0,0
1775837893611,406,Login - POST /auth/login,526,<none>,Usuarios - Login 1-18,text,false,El servidor no retorno codigo 200,484,227,30,30,https://fakestoreapi.com/auth/login,406,0,0
1775837893711,464,Login - POST /auth/login,526,<none>,Usuarios - Login 1-28,text,false,El servidor no retorno codigo 200,484,231,30,30,https://fakestoreapi.com/auth/login,464,0,0
1775837893762,413,Login - POST /auth/login,526,<none>,Usuarios - Login 1-22,text,false,El servidor no retorno codigo 200,484,226,30,30,https://fakestoreapi.com/auth/login,413,0,0
1775837893761,414,Login - POST /auth/login,526,<none>,Usuarios - Login 1-19,text,false,El servidor no retorno codigo 200,484,225,30,30,https://fakestoreapi.com/auth/login,414,0,0
1775837893814,362,Login - POST /auth/login,526,<none>,Usuarios - Login 1-21,text,false,El servidor no retorno codigo 200,484,227,30,30,https://fakestoreapi.com/auth/login,362,0,0
1775837893811,365,Login - POST /auth/login,526,<none>,Usuarios - Login 1-20,text,false,El servidor no retorno codigo 200,484,225,30,30,https://fakestoreapi.com/auth/login,365,0,0
1775837893862,348,Login - POST /auth/login,526,<none>,Usuarios - Login 1-15,text,false,El servidor no retorno codigo 200,484,227,30,30,https://fakestoreapi.com/auth/login,348,0,0
1775837893862,348,Login - POST /auth/login,526,<none>,Usuarios - Login 1-13,text,false,El servidor no retorno codigo 200,484,225,30,30,https://fakestoreapi.com/auth/login,348,0,0
1775837893859,351,Login - POST /auth/login,526,<none>,Usuarios - Login 1-5,text,false,El servidor no retorno codigo 200,484,226,30,30,https://fakestoreapi.com/auth/login,351,0,0
1775837893861,353,Login - POST /auth/login,526,<none>,Usuarios - Login 1-1,text,false,El servidor no retorno codigo 200,484,225,30,30,https://fakestoreapi.com/auth/login,353,0,0
1775837893889,329,Login - POST /auth/login,526,<none>,Usuarios - Login 1-2,text,false,El servidor no retorno codigo 200,484,225,30,30,https://fakestoreapi.com/auth/login,329,0,0
1775837893869,350,Login - POST /auth/login,526,<none>,Usuarios - Login 1-4,text,false,El servidor no retorno codigo 200,484,231,30,30,https://fakestoreapi.com/auth/login,350,0,0
1775837893853,366,Login - POST /auth/login,526,<none>,Usuarios - Login 1-6,text,false,El servidor no retorno codigo 200,484,231,30,30,https://fakestoreapi.com/auth/login,366,0,0
1775837894161,328,Login - POST /auth/login,526,<none>,Usuarios - Login 1-8,text,false,El servidor no retorno codigo 200,484,226,30,30,https://fakestoreapi.com/auth/login,328,0,0
1775837894112,380,Login - POST /auth/login,526,<none>,Usuarios - Login 1-27,text,false,El servidor no retorno codigo 200,484,227,30,30,https://fakestoreapi.com/auth/login,380,0,0
1775837894251,453,Login - POST /auth/login,526,<none>,Usuarios - Login 1-7,text,false,El servidor no retorno codigo 200,484,225,30,30,https://fakestoreapi.com/auth/login,453,0,0
1775837894262,445,Login - POST /auth/login,526,<none>,Usuarios - Login 1-16,text,false,El servidor no retorno codigo 200,484,225,30,30,https://fakestoreapi.com/auth/login,445,0,0
1775837894363,344,Login - POST /auth/login,526,<none>,Usuarios - Login 1-30,text,false,El servidor no retorno codigo 200,484,226,30,30,https://fakestoreapi.com/auth/login,344,0,0
1775837894263,444,Login - POST /auth/login,526,<none>,Usuarios - Login 1-12,text,false,El servidor no retorno codigo 200,484,231,30,30,https://fakestoreapi.com/auth/login,444,0,0
1775837894410,417,Login - POST /auth/login,526,<none>,Usuarios - Login 1-9,text,false,El servidor no retorno codigo 200,484,225,30,30,https://fakestoreapi.com/auth/login,417,0,0
1775837894410,417,Login - POST /auth/login,526,<none>,Usuarios - Login 1-26,text,false,El servidor no retorno codigo 200,484,227,30,30,https://fakestoreapi.com/auth/login,417,0,0
1775837894712,371,Login - POST /auth/login,526,<none>,Usuarios - Login 1-25,text,false,El servidor no retorno codigo 200,484,231,30,30,https://fakestoreapi.com/auth/login,371,0,0
1775837894813,389,Login - POST /auth/login,526,<none>,Usuarios - Login 1-29,text,false,El servidor no retorno codigo 200,484,225,30,30,https://fakestoreapi.com/auth/login,389,0,0
1775837894964,363,Login - POST /auth/login,526,<none>,Usuarios - Login 1-24,text,false,El servidor no retorno codigo 200,484,225,30,30,https://fakestoreapi.com/auth/login,363,0,0
1775837894964,363,Login - POST /auth/login,526,<none>,Usuarios - Login 1-10,text,false,El servidor no retorno codigo 200,484,227,30,30,https://fakestoreapi.com/auth/login,363,0,0
1775837894962,365,Login - POST /auth/login,526,<none>,Usuarios - Login 1-14,text,false,El servidor no retorno codigo 200,484,226,30,30,https://fakestoreapi.com/auth/login,365,0,0
1775837894965,362,Login - POST /auth/login,526,<none>,Usuarios - Login 1-11,text,false,El servidor no retorno codigo 200,484,225,30,30,https://fakestoreapi.com/auth/login,362,0,0
1775837894964,363,Login - POST /auth/login,526,<none>,Usuarios - Login 1-17,text,false,El servidor no retorno codigo 200,484,231,30,30,https://fakestoreapi.com/auth/login,363,0,0
1775837895114,339,Login - POST /auth/login,526,<none>,Usuarios - Login 1-23,text,false,El servidor no retorno codigo 200,484,225,30,30,https://fakestoreapi.com/auth/login,339,0,0
1775837895111,342,Login - POST /auth/login,526,<none>,Usuarios - Login 1-18,text,false,El servidor no retorno codigo 200,484,227,30,30,https://fakestoreapi.com/auth/login,342,0,0
1775837895152,424,Login - POST /auth/login,526,<none>,Usuarios - Login 1-3,text,false,El servidor no retorno codigo 200,484,226,30,30,https://fakestoreapi.com/auth/login,424,0,0
1775837895212,364,Login - POST /auth/login,526,<none>,Usuarios - Login 1-28,text,false,El servidor no retorno codigo 200,484,225,30,30,https://fakestoreapi.com/auth/login,364,0,0
1775837895261,446,Login - POST /auth/login,526,<none>,Usuarios - Login 1-19,text,false,El servidor no retorno codigo 200,484,226,30,30,https://fakestoreapi.com/auth/login,446,0,0
1775837895314,393,Login - POST /auth/login,526,<none>,Usuarios - Login 1-21,text,false,El servidor no retorno codigo 200,484,227,30,30,https://fakestoreapi.com/auth/login,393,0,0
1775837895262,445,Login - POST /auth/login,526,<none>,Usuarios - Login 1-22,text,false,El servidor no retorno codigo 200,484,231,30,30,https://fakestoreapi.com/auth/login,445,0,0
1775837895310,397,Login - POST /auth/login,526,<none>,Usuarios - Login 1-20,text,false,El servidor no retorno codigo 200,484,225,30,30,https://fakestoreapi.com/auth/login,397,0,0
1775837895352,355,Login - POST /auth/login,526,<none>,Usuarios - Login 1-6,text,false,El servidor no retorno codigo 200,484,225,30,30,https://fakestoreapi.com/auth/login,355,0,0
1775837895358,349,Login - POST /auth/login,526,<none>,Usuarios - Login 1-1,text,false,El servidor no retorno codigo 200,484,227,30,30,https://fakestoreapi.com/auth/login,349,0,0
1775837895359,348,Login - POST /auth/login,526,<none>,Usuarios - Login 1-5,text,false,El servidor no retorno codigo 200,484,226,30,30,https://fakestoreapi.com/auth/login,348,0,0
1775837895364,343,Login - POST /auth/login,526,<none>,Usuarios - Login 1-13,text,false,El servidor no retorno codigo 200,484,225,30,30,https://fakestoreapi.com/auth/login,343,0,0
1775837895368,340,Login - POST /auth/login,526,<none>,Usuarios - Login 1-4,text,false,El servidor no retorno codigo 200,484,231,30,30,https://fakestoreapi.com/auth/login,340,0,0
1775837895364,344,Login - POST /auth/login,526,<none>,Usuarios - Login 1-15,text,false,El servidor no retorno codigo 200,484,231,30,30,https://fakestoreapi.com/auth/login,344,0,0
1775837895388,447,Login - POST /auth/login,526,<none>,Usuarios - Login 1-2,text,false,El servidor no retorno codigo 200,484,225,30,30,https://fakestoreapi.com/auth/login,447,0,0
1775837895612,345,Login - POST /auth/login,526,<none>,Usuarios - Login 1-27,text,false,El servidor no retorno codigo 200,484,227,30,30,https://fakestoreapi.com/auth/login,345,0,0
1775837895752,333,Login - POST /auth/login,526,<none>,Usuarios - Login 1-7,text,false,El servidor no retorno codigo 200,484,225,30,30,https://fakestoreapi.com/auth/login,333,0,0
1775837895661,424,Login - POST /auth/login,526,<none>,Usuarios - Login 1-8,text,false,El servidor no retorno codigo 200,484,226,30,30,https://fakestoreapi.com/auth/login,424,0,0
1775837895762,445,Login - POST /auth/login,526,<none>,Usuarios - Login 1-12,text,false,El servidor no retorno codigo 200,484,226,30,30,https://fakestoreapi.com/auth/login,445,0,0
1775837895861,346,Login - POST /auth/login,526,<none>,Usuarios - Login 1-30,text,false,El servidor no retorno codigo 200,484,225,30,30,https://fakestoreapi.com/auth/login,346,0,0
1775837895761,446,Login - POST /auth/login,526,<none>,Usuarios - Login 1-16,text,false,El servidor no retorno codigo 200,484,231,30,30,https://fakestoreapi.com/auth/login,446,0,0
1775837895909,441,Login - POST /auth/login,526,<none>,Usuarios - Login 1-9,text,false,El servidor no retorno codigo 200,484,227,30,30,https://fakestoreapi.com/auth/login,441,0,0
1775837895910,440,Login - POST /auth/login,526,<none>,Usuarios - Login 1-26,text,false,El servidor no retorno codigo 200,484,225,30,30,https://fakestoreapi.com/auth/login,440,0,0
1775837896212,318,Login - POST /auth/login,526,<none>,Usuarios - Login 1-25,text,false,El servidor no retorno codigo 200,484,231,30,30,https://fakestoreapi.com/auth/login,318,0,0
1775837896311,355,Login - POST /auth/login,526,<none>,Usuarios - Login 1-29,text,false,El servidor no retorno codigo 200,484,225,30,30,https://fakestoreapi.com/auth/login,355,0,0
1775837896461,405,Login - POST /auth/login,526,<none>,Usuarios - Login 1-14,text,false,El servidor no retorno codigo 200,484,225,30,30,https://fakestoreapi.com/auth/login,405,0,0
1775837896462,404,Login - POST /auth/login,526,<none>,Usuarios - Login 1-17,text,false,El servidor no retorno codigo 200,484,225,30,30,https://fakestoreapi.com/auth/login,404,0,0
1775837896462,404,Login - POST /auth/login,526,<none>,Usuarios - Login 1-11,text,false,El servidor no retorno codigo 200,484,231,30,30,https://fakestoreapi.com/auth/login,404,0,0
1775837896464,402,Login - POST /auth/login,526,<none>,Usuarios - Login 1-24,text,false,El servidor no retorno codigo 200,484,226,30,30,https://fakestoreapi.com/auth/login,402,0,0
1775837896464,402,Login - POST /auth/login,526,<none>,Usuarios - Login 1-10,text,false,El servidor no retorno codigo 200,484,227,30,30,https://fakestoreapi.com/auth/login,402,0,0
1775837896612,392,Login - POST /auth/login,526,<none>,Usuarios - Login 1-23,text,false,El servidor no retorno codigo 200,484,226,30,30,https://fakestoreapi.com/auth/login,392,0,0
1775837896610,394,Login - POST /auth/login,526,<none>,Usuarios - Login 1-18,text,false,El servidor no retorno codigo 200,484,227,30,30,https://fakestoreapi.com/auth/login,394,0,0
1775837896654,350,Login - POST /auth/login,526,<none>,Usuarios - Login 1-3,text,false,El servidor no retorno codigo 200,484,231,30,30,https://fakestoreapi.com/auth/login,350,0,0
1775837896713,348,Login - POST /auth/login,526,<none>,Usuarios - Login 1-28,text,false,El servidor no retorno codigo 200,484,225,30,30,https://fakestoreapi.com/auth/login,348,0,0
1775837896761,367,Login - POST /auth/login,526,<none>,Usuarios - Login 1-19,text,false,El servidor no retorno codigo 200,484,227,30,30,https://fakestoreapi.com/auth/login,367,0,0
1775837896762,366,Login - POST /auth/login,526,<none>,Usuarios - Login 1-22,text,false,El servidor no retorno codigo 200,484,225,30,30,https://fakestoreapi.com/auth/login,366,0,0
1775837896862,318,Login - POST /auth/login,526,<none>,Usuarios - Login 1-15,text,false,El servidor no retorno codigo 200,484,231,30,30,https://fakestoreapi.com/auth/login,318,0,0
1775837896863,318,Login - POST /auth/login,526,<none>,Usuarios - Login 1-13,text,false,El servidor no retorno codigo 200,484,227,30,30,https://fakestoreapi.com/auth/login,318,0,0
1775837896859,322,Login - POST /auth/login,526,<none>,Usuarios - Login 1-5,text,false,El servidor no retorno codigo 200,484,226,30,30,https://fakestoreapi.com/auth/login,322,0,0
1775837896814,368,Login - POST /auth/login,526,<none>,Usuarios - Login 1-21,text,false,El servidor no retorno codigo 200,484,226,30,30,https://fakestoreapi.com/auth/login,368,0,0
1775837896814,375,Login - POST /auth/login,526,<none>,Usuarios - Login 1-20,text,false,El servidor no retorno codigo 200,484,225,30,30,https://fakestoreapi.com/auth/login,375,0,0
1775837896859,330,Login - POST /auth/login,526,<none>,Usuarios - Login 1-1,text,false,El servidor no retorno codigo 200,484,225,30,30,https://fakestoreapi.com/auth/login,330,0,0
1775837896868,321,Login - POST /auth/login,526,<none>,Usuarios - Login 1-4,text,false,El servidor no retorno codigo 200,484,225,30,30,https://fakestoreapi.com/auth/login,321,0,0
1775837896855,398,Login - POST /auth/login,526,<none>,Usuarios - Login 1-6,text,false,El servidor no retorno codigo 200,484,231,30,30,https://fakestoreapi.com/auth/login,398,0,0
1775837896889,364,Login - POST /auth/login,526,<none>,Usuarios - Login 1-2,text,false,El servidor no retorno codigo 200,484,225,30,30,https://fakestoreapi.com/auth/login,364,0,0
1775837897111,339,Login - POST /auth/login,526,<none>,Usuarios - Login 1-27,text,false,El servidor no retorno codigo 200,484,226,30,30,https://fakestoreapi.com/auth/login,339,0,0
1775837897161,314,Login - POST /auth/login,526,<none>,Usuarios - Login 1-8,text,false,El servidor no retorno codigo 200,484,225,30,30,https://fakestoreapi.com/auth/login,314,0,0
1775837897251,315,Login - POST /auth/login,526,<none>,Usuarios - Login 1-7,text,false,El servidor no retorno codigo 200,484,227,30,30,https://fakestoreapi.com/auth/login,315,0,0
1775837897263,318,Login - POST /auth/login,526,<none>,Usuarios - Login 1-12,text,false,El servidor no retorno codigo 200,484,231,30,30,https://fakestoreapi.com/auth/login,318,0,0
1775837897262,321,Login - POST /auth/login,526,<none>,Usuarios - Login 1-16,text,false,El servidor no retorno codigo 200,484,225,30,30,https://fakestoreapi.com/auth/login,321,0,0
1775837897362,334,Login - POST /auth/login,526,<none>,Usuarios - Login 1-30,text,false,El servidor no retorno codigo 200,484,226,30,30,https://fakestoreapi.com/auth/login,334,0,0
1775837897409,323,Login - POST /auth/login,526,<none>,Usuarios - Login 1-9,text,false,El servidor no retorno codigo 200,484,225,30,30,https://fakestoreapi.com/auth/login,323,0,0
1775837897410,323,Login - POST /auth/login,526,<none>,Usuarios - Login 1-26,text,false,El servidor no retorno codigo 200,484,227,30,30,https://fakestoreapi.com/auth/login,323,0,0
1775837897712,318,Login - POST /auth/login,526,<none>,Usuarios - Login 1-25,text,false,El servidor no retorno codigo 200,484,231,30,30,https://fakestoreapi.com/auth/login,318,0,0
1775837897811,315,Login - POST /auth/login,526,<none>,Usuarios - Login 1-29,text,false,El servidor no retorno codigo 200,484,225,30,30,https://fakestoreapi.com/auth/login,315,0,0
1775837897964,316,Login - POST /auth/login,526,<none>,Usuarios - Login 1-24,text,false,El servidor no retorno codigo 200,484,225,30,30,https://fakestoreapi.com/auth/login,316,0,0
1775837897963,317,Login - POST /auth/login,526,<none>,Usuarios - Login 1-10,text,false,El servidor no retorno codigo 200,484,231,30,30,https://fakestoreapi.com/auth/login,317,0,0
1775837897963,318,Login - POST /auth/login,526,<none>,Usuarios - Login 1-14,text,false,El servidor no retorno codigo 200,484,226,30,30,https://fakestoreapi.com/auth/login,318,0,0
1775837897964,317,Login - POST /auth/login,526,<none>,Usuarios - Login 1-11,text,false,El servidor no retorno codigo 200,484,225,30,30,https://fakestoreapi.com/auth/login,317,0,0
1775837897964,325,Login - POST /auth/login,526,<none>,Usuarios - Login 1-17,text,false,El servidor no retorno codigo 200,484,227,30,30,https://fakestoreapi.com/auth/login,325,0,0
1775837898111,330,Login - POST /auth/login,526,<none>,Usuarios - Login 1-18,text,false,El servidor no retorno codigo 200,484,227,30,30,https://fakestoreapi.com/auth/login,330,0,0
1775837898114,327,Login - POST /auth/login,526,<none>,Usuarios - Login 1-23,text,false,El servidor no retorno codigo 200,484,226,30,30,https://fakestoreapi.com/auth/login,327,0,0
1775837898155,332,Login - POST /auth/login,526,<none>,Usuarios - Login 1-3,text,false,El servidor no retorno codigo 200,484,225,30,30,https://fakestoreapi.com/auth/login,332,0,0
1775837898214,319,Login - POST /auth/login,526,<none>,Usuarios - Login 1-28,text,false,El servidor no retorno codigo 200,484,231,30,30,https://fakestoreapi.com/auth/login,319,0,0
1775837898263,323,Login - POST /auth/login,526,<none>,Usuarios - Login 1-22,text,false,El servidor no retorno codigo 200,484,226,30,30,https://fakestoreapi.com/auth/login,323,0,0
1775837898262,324,Login - POST /auth/login,526,<none>,Usuarios - Login 1-19,text,false,El servidor no retorno codigo 200,484,225,30,30,https://fakestoreapi.com/auth/login,324,0,0
1775837898315,316,Login - POST /auth/login,526,<none>,Usuarios - Login 1-21,text,false,El servidor no retorno codigo 200,484,225,30,30,https://fakestoreapi.com/auth/login,316,0,0
1775837898314,320,Login - POST /auth/login,526,<none>,Usuarios - Login 1-20,text,false,El servidor no retorno codigo 200,484,226,30,30,https://fakestoreapi.com/auth/login,320,0,0
1775837898353,319,Login - POST /auth/login,526,<none>,Usuarios - Login 1-6,text,false,El servidor no retorno codigo 200,484,231,30,30,https://fakestoreapi.com/auth/login,319,0,0
1775837898361,315,Login - POST /auth/login,526,<none>,Usuarios - Login 1-5,text,false,El servidor no retorno codigo 200,484,225,30,30,https://fakestoreapi.com/auth/login,315,0,0
1775837898359,320,Login - POST /auth/login,526,<none>,Usuarios - Login 1-1,text,false,El servidor no retorno codigo 200,484,227,30,30,https://fakestoreapi.com/auth/login,320,0,0
1775837898363,322,Login - POST /auth/login,526,<none>,Usuarios - Login 1-15,text,false,El servidor no retorno codigo 200,484,227,30,30,https://fakestoreapi.com/auth/login,322,0,0
1775837898363,322,Login - POST /auth/login,526,<none>,Usuarios - Login 1-13,text,false,El servidor no retorno codigo 200,484,231,30,30,https://fakestoreapi.com/auth/login,322,0,0
1775837898369,316,Login - POST /auth/login,526,<none>,Usuarios - Login 1-4,text,false,El servidor no retorno codigo 200,484,225,30,30,https://fakestoreapi.com/auth/login,316,0,0
1775837898389,335,Login - POST /auth/login,526,<none>,Usuarios - Login 1-2,text,false,El servidor no retorno codigo 200,484,225,30,30,https://fakestoreapi.com/auth/login,335,0,0
1775837898663,326,Login - POST /auth/login,526,<none>,Usuarios - Login 1-8,text,false,El servidor no retorno codigo 200,484,227,30,30,https://fakestoreapi.com/auth/login,326,0,0
1775837898613,376,Login - POST /auth/login,526,<none>,Usuarios - Login 1-27,text,false,El servidor no retorno codigo 200,484,226,30,30,https://fakestoreapi.com/auth/login,376,0,0
1775837898763,414,Login - POST /auth/login,526,<none>,Usuarios - Login 1-16,text,false,El servidor no retorno codigo 200,484,225,30,30,https://fakestoreapi.com/auth/login,414,0,0
1775837898763,414,Login - POST /auth/login,526,<none>,Usuarios - Login 1-12,text,false,El servidor no retorno codigo 200,484,231,30,30,https://fakestoreapi.com/auth/login,414,0,0
1775837898753,424,Login - POST /auth/login,526,<none>,Usuarios - Login 1-7,text,false,El servidor no retorno codigo 200,484,225,30,30,https://fakestoreapi.com/auth/login,424,0,0
1775837898863,335,Login - POST /auth/login,526,<none>,Usuarios - Login 1-30,text,false,El servidor no retorno codigo 200,484,226,30,30,https://fakestoreapi.com/auth/login,335,0,0
1775837898909,330,Login - POST /auth/login,526,<none>,Usuarios - Login 1-9,text,false,El servidor no retorno codigo 200,484,227,30,30,https://fakestoreapi.com/auth/login,330,0,0
1775837898912,327,Login - POST /auth/login,526,<none>,Usuarios - Login 1-26,text,false,El servidor no retorno codigo 200,484,225,30,30,https://fakestoreapi.com/auth/login,327,0,0
1775837899214,377,Login - POST /auth/login,526,<none>,Usuarios - Login 1-25,text,false,El servidor no retorno codigo 200,484,231,30,30,https://fakestoreapi.com/auth/login,377,0,0
1775837899312,317,Login - POST /auth/login,526,<none>,Usuarios - Login 1-29,text,false,El servidor no retorno codigo 200,484,225,30,30,https://fakestoreapi.com/auth/login,317,0,0
1775837899464,356,Login - POST /auth/login,526,<none>,Usuarios - Login 1-10,text,false,El servidor no retorno codigo 200,484,227,30,30,https://fakestoreapi.com/auth/login,356,0,0
1775837899464,356,Login - POST /auth/login,526,<none>,Usuarios - Login 1-24,text,false,El servidor no retorno codigo 200,484,226,30,30,https://fakestoreapi.com/auth/login,356,0,0
1775837899464,356,Login - POST /auth/login,526,<none>,Usuarios - Login 1-14,text,false,El servidor no retorno codigo 200,484,225,30,30,https://fakestoreapi.com/auth/login,356,0,0
1775837899465,355,Login - POST /auth/login,526,<none>,Usuarios - Login 1-11,text,false,El servidor no retorno codigo 200,484,231,30,30,https://fakestoreapi.com/auth/login,355,0,0
1775837899464,356,Login - POST /auth/login,526,<none>,Usuarios - Login 1-17,text,false,El servidor no retorno codigo 200,484,225,30,30,https://fakestoreapi.com/auth/login,356,0,0
1775837899614,387,Login - POST /auth/login,526,<none>,Usuarios - Login 1-23,text,false,El servidor no retorno codigo 200,484,226,30,30,https://fakestoreapi.com/auth/login,387,0,0
1775837899611,390,Login - POST /auth/login,526,<none>,Usuarios - Login 1-18,text,false,El servidor no retorno codigo 200,484,227,30,30,https://fakestoreapi.com/auth/login,390,0,0
1775837899654,347,Login - POST /auth/login,526,<none>,Usuarios - Login 1-3,text,false,El servidor no retorno codigo 200,484,225,30,30,https://fakestoreapi.com/auth/login,347,0,0
1775837899712,351,Login - POST /auth/login,526,<none>,Usuarios - Login 1-28,text,false,El servidor no retorno codigo 200,484,231,30,30,https://fakestoreapi.com/auth/login,351,0,0
1775837899764,339,Login - POST /auth/login,526,<none>,Usuarios - Login 1-19,text,false,El servidor no retorno codigo 200,484,226,30,30,https://fakestoreapi.com/auth/login,339,0,0
1775837899765,338,Login - POST /auth/login,526,<none>,Usuarios - Login 1-22,text,false,El servidor no retorno codigo 200,484,225,30,30,https://fakestoreapi.com/auth/login,338,0,0
1775837899813,342,Login - POST /auth/login,526,<none>,Usuarios - Login 1-20,text,false,El servidor no retorno codigo 200,484,225,30,30,https://fakestoreapi.com/auth/login,342,0,0
1775837899816,339,Login - POST /auth/login,526,<none>,Usuarios - Login 1-21,text,false,El servidor no retorno codigo 200,484,227,30,30,https://fakestoreapi.com/auth/login,339,0,0
1775837899863,316,Login - POST /auth/login,526,<none>,Usuarios - Login 1-15,text,false,El servidor no retorno codigo 200,484,227,30,30,https://fakestoreapi.com/auth/login,316,0,0
1775837899860,319,Login - POST /auth/login,526,<none>,Usuarios - Login 1-1,text,false,El servidor no retorno codigo 200,484,226,30,30,https://fakestoreapi.com/auth/login,319,0,0
1775837899860,320,Login - POST /auth/login,526,<none>,Usuarios - Login 1-5,text,false,El servidor no retorno codigo 200,484,225,30,30,https://fakestoreapi.com/auth/login,320,0,0
1775837899863,319,Login - POST /auth/login,526,<none>,Usuarios - Login 1-13,text,false,El servidor no retorno codigo 200,484,225,30,30,https://fakestoreapi.com/auth/login,319,0,0
1775837899854,331,Login - POST /auth/login,526,<none>,Usuarios - Login 1-6,text,false,El servidor no retorno codigo 200,484,231,30,30,https://fakestoreapi.com/auth/login,331,0,0
1775837899870,322,Login - POST /auth/login,526,<none>,Usuarios - Login 1-4,text,false,El servidor no retorno codigo 200,484,231,30,30,https://fakestoreapi.com/auth/login,322,0,0
1775837899891,342,Login - POST /auth/login,526,<none>,Usuarios - Login 1-2,text,false,El servidor no retorno codigo 200,484,225,30,30,https://fakestoreapi.com/auth/login,342,0,0
1775837900113,349,Login - POST /auth/login,526,<none>,Usuarios - Login 1-27,text,false,El servidor no retorno codigo 200,484,226,30,30,https://fakestoreapi.com/auth/login,349,0,0
1775837900162,317,Login - POST /auth/login,526,<none>,Usuarios - Login 1-8,text,false,El servidor no retorno codigo 200,484,227,30,30,https://fakestoreapi.com/auth/login,317,0,0
1775837900252,319,Login - POST /auth/login,526,<none>,Usuarios - Login 1-7,text,false,El servidor no retorno codigo 200,484,231,30,30,https://fakestoreapi.com/auth/login,319,0,0
1775837900263,319,Login - POST /auth/login,526,<none>,Usuarios - Login 1-12,text,false,El servidor no retorno codigo 200,484,225,30,30,https://fakestoreapi.com/auth/login,319,0,0
1775837900262,321,Login - POST /auth/login,526,<none>,Usuarios - Login 1-16,text,false,El servidor no retorno codigo 200,484,225,30,30,https://fakestoreapi.com/auth/login,321,0,0
1775837900363,323,Login - POST /auth/login,526,<none>,Usuarios - Login 1-30,text,false,El servidor no retorno codigo 200,484,226,30,30,https://fakestoreapi.com/auth/login,323,0,0
1775837900412,324,Login - POST /auth/login,526,<none>,Usuarios - Login 1-9,text,false,El servidor no retorno codigo 200,484,227,30,30,https://fakestoreapi.com/auth/login,324,0,0
1775837900411,468,Login - POST /auth/login,526,<none>,Usuarios - Login 1-26,text,false,El servidor no retorno codigo 200,484,225,30,30,https://fakestoreapi.com/auth/login,468,0,0
1775837900714,319,Login - POST /auth/login,526,<none>,Usuarios - Login 1-25,text,false,El servidor no retorno codigo 200,484,231,30,30,https://fakestoreapi.com/auth/login,319,0,0
1775837900812,316,Login - POST /auth/login,526,<none>,Usuarios - Login 1-29,text,false,El servidor no retorno codigo 200,484,225,30,30,https://fakestoreapi.com/auth/login,316,0,0
1775837900963,318,Login - POST /auth/login,526,<none>,Usuarios - Login 1-24,text,false,El servidor no retorno codigo 200,484,225,30,30,https://fakestoreapi.com/auth/login,318,0,0
1775837900962,321,Login - POST /auth/login,526,<none>,Usuarios - Login 1-14,text,false,El servidor no retorno codigo 200,484,227,30,30,https://fakestoreapi.com/auth/login,321,0,0
1775837900963,321,Login - POST /auth/login,526,<none>,Usuarios - Login 1-17,text,false,El servidor no retorno codigo 200,484,231,30,30,https://fakestoreapi.com/auth/login,321,0,0
1775837900963,323,Login - POST /auth/login,526,<none>,Usuarios - Login 1-10,text,false,El servidor no retorno codigo 200,484,226,30,30,https://fakestoreapi.com/auth/login,322,0,0
1775837900963,327,Login - POST /auth/login,526,<none>,Usuarios - Login 1-11,text,false,El servidor no retorno codigo 200,484,225,30,30,https://fakestoreapi.com/auth/login,327,0,0
1775837901114,318,Login - POST /auth/login,526,<none>,Usuarios - Login 1-23,text,false,El servidor no retorno codigo 200,484,225,30,30,https://fakestoreapi.com/auth/login,318,0,0
1775837901111,322,Login - POST /auth/login,526,<none>,Usuarios - Login 1-18,text,false,El servidor no retorno codigo 200,484,227,30,30,https://fakestoreapi.com/auth/login,322,0,0
1775837901153,323,Login - POST /auth/login,526,<none>,Usuarios - Login 1-3,text,false,El servidor no retorno codigo 200,484,226,30,30,https://fakestoreapi.com/auth/login,323,0,0
1775837901212,318,Login - POST /auth/login,526,<none>,Usuarios - Login 1-28,text,false,El servidor no retorno codigo 200,484,231,30,30,https://fakestoreapi.com/auth/login,318,0,0
1775837901263,314,Login - POST /auth/login,526,<none>,Usuarios - Login 1-22,text,false,El servidor no retorno codigo 200,484,226,30,30,https://fakestoreapi.com/auth/login,314,0,0
1775837901262,315,Login - POST /auth/login,526,<none>,Usuarios - Login 1-19,text,false,El servidor no retorno codigo 200,484,225,30,30,https://fakestoreapi.com/auth/login,315,0,0
1775837901315,318,Login - POST /auth/login,526,<none>,Usuarios - Login 1-21,text,false,El servidor no retorno codigo 200,484,225,30,30,https://fakestoreapi.com/auth/login,318,0,0
1775837901314,320,Login - POST /auth/login,526,<none>,Usuarios - Login 1-20,text,false,El servidor no retorno codigo 200,484,227,30,30,https://fakestoreapi.com/auth/login,320,0,0
1775837901353,317,Login - POST /auth/login,526,<none>,Usuarios - Login 1-6,text,false,El servidor no retorno codigo 200,484,225,30,30,https://fakestoreapi.com/auth/login,317,0,0
1775837901360,317,Login - POST /auth/login,526,<none>,Usuarios - Login 1-1,text,false,El servidor no retorno codigo 200,484,231,30,30,https://fakestoreapi.com/auth/login,317,0,0
1775837901362,315,Login - POST /auth/login,526,<none>,Usuarios - Login 1-13,text,false,El servidor no retorno codigo 200,484,227,30,30,https://fakestoreapi.com/auth/login,315,0,0
1775837901359,319,Login - POST /auth/login,526,<none>,Usuarios - Login 1-5,text,false,El servidor no retorno codigo 200,484,226,30,30,https://fakestoreapi.com/auth/login,319,0,0
1775837901363,317,Login - POST /auth/login,526,<none>,Usuarios - Login 1-15,text,false,El servidor no retorno codigo 200,484,225,30,30,https://fakestoreapi.com/auth/login,317,0,0
1775837901370,316,Login - POST /auth/login,526,<none>,Usuarios - Login 1-4,text,false,El servidor no retorno codigo 200,484,231,30,30,https://fakestoreapi.com/auth/login,316,0,0
1775837901390,321,Login - POST /auth/login,526,<none>,Usuarios - Login 1-2,text,false,El servidor no retorno codigo 200,484,225,30,30,https://fakestoreapi.com/auth/login,321,0,0
1775837901612,320,Login - POST /auth/login,526,<none>,Usuarios - Login 1-27,text,false,El servidor no retorno codigo 200,484,226,30,30,https://fakestoreapi.com/auth/login,320,0,0
1775837901663,315,Login - POST /auth/login,526,<none>,Usuarios - Login 1-8,text,false,El servidor no retorno codigo 200,484,227,30,30,https://fakestoreapi.com/auth/login,315,0,0
1775837901753,314,Login - POST /auth/login,526,<none>,Usuarios - Login 1-7,text,false,El servidor no retorno codigo 200,484,225,30,30,https://fakestoreapi.com/auth/login,314,0,0
1775837901764,318,Login - POST /auth/login,526,<none>,Usuarios - Login 1-12,text,false,El servidor no retorno codigo 200,484,231,30,30,https://fakestoreapi.com/auth/login,318,0,0
1775837901765,320,Login - POST /auth/login,526,<none>,Usuarios - Login 1-16,text,false,El servidor no retorno codigo 200,484,225,30,30,https://fakestoreapi.com/auth/login,320,0,0
1775837901863,323,Login - POST /auth/login,526,<none>,Usuarios - Login 1-30,text,false,El servidor no retorno codigo 200,484,226,30,30,https://fakestoreapi.com/auth/login,323,0,0
1775837901909,320,Login - POST /auth/login,526,<none>,Usuarios - Login 1-9,text,false,El servidor no retorno codigo 200,484,227,30,30,https://fakestoreapi.com/auth/login,320,0,0
1775837901912,318,Login - POST /auth/login,526,<none>,Usuarios - Login 1-26,text,false,El servidor no retorno codigo 200,484,225,30,30,https://fakestoreapi.com/auth/login,318,0,0
1775837902214,318,Login - POST /auth/login,526,<none>,Usuarios - Login 1-25,text,false,El servidor no retorno codigo 200,484,231,30,30,https://fakestoreapi.com/auth/login,318,0,0
1775837902312,316,Login - POST /auth/login,526,<none>,Usuarios - Login 1-29,text,false,El servidor no retorno codigo 200,484,225,30,30,https://fakestoreapi.com/auth/login,316,0,0
1775837902463,316,Login - POST /auth/login,526,<none>,Usuarios - Login 1-14,text,false,El servidor no retorno codigo 200,484,227,30,30,https://fakestoreapi.com/auth/login,316,0,0
1775837902464,316,Login - POST /auth/login,526,<none>,Usuarios - Login 1-24,text,false,El servidor no retorno codigo 200,484,226,30,30,https://fakestoreapi.com/auth/login,316,0,0
1775837902464,317,Login - POST /auth/login,526,<none>,Usuarios - Login 1-10,text,false,El servidor no retorno codigo 200,484,231,30,30,https://fakestoreapi.com/auth/login,317,0,0
1775837902464,323,Login - POST /auth/login,526,<none>,Usuarios - Login 1-11,text,false,El servidor no retorno codigo 200,484,225,30,30,https://fakestoreapi.com/auth/login,323,0,0
1775837902464,323,Login - POST /auth/login,526,<none>,Usuarios - Login 1-17,text,false,El servidor no retorno codigo 200,484,225,30,30,https://fakestoreapi.com/auth/login,323,0,0
1775837902613,318,Login - POST /auth/login,526,<none>,Usuarios - Login 1-18,text,false,El servidor no retorno codigo 200,484,227,30,30,https://fakestoreapi.com/auth/login,318,0,0
1775837902616,315,Login - POST /auth/login,526,<none>,Usuarios - Login 1-23,text,false,El servidor no retorno codigo 200,484,226,30,30,https://fakestoreapi.com/auth/login,315,0,0
1775837902653,325,Login - POST /auth/login,526,<none>,Usuarios - Login 1-3,text,false,El servidor no retorno codigo 200,484,225,30,30,https://fakestoreapi.com/auth/login,325,0,0
1775837902713,319,Login - POST /auth/login,526,<none>,Usuarios - Login 1-28,text,false,El servidor no retorno codigo 200,484,231,30,30,https://fakestoreapi.com/auth/login,319,0,0
1775837902762,314,Login - POST /auth/login,526,<none>,Usuarios - Login 1-19,text,false,El servidor no retorno codigo 200,484,226,30,30,https://fakestoreapi.com/auth/login,314,0,0
1775837902763,316,Login - POST /auth/login,526,<none>,Usuarios - Login 1-22,text,false,El servidor no retorno codigo 200,484,225,30,30,https://fakestoreapi.com/auth/login,316,0,0
1775837902813,321,Login - POST /auth/login,526,<none>,Usuarios - Login 1-20,text,false,El servidor no retorno codigo 200,484,225,30,30,https://fakestoreapi.com/auth/login,321,0,0
1775837902815,321,Login - POST /auth/login,526,<none>,Usuarios - Login 1-21,text,false,El servidor no retorno codigo 200,484,227,30,30,https://fakestoreapi.com/auth/login,321,0,0
1775837902855,315,Login - POST /auth/login,526,<none>,Usuarios - Login 1-6,text,false,El servidor no retorno codigo 200,484,231,30,30,https://fakestoreapi.com/auth/login,315,0,0
1775837902859,315,Login - POST /auth/login,526,<none>,Usuarios - Login 1-1,text,false,El servidor no retorno codigo 200,484,225,30,30,https://fakestoreapi.com/auth/login,315,0,0
1775837902860,318,Login - POST /auth/login,526,<none>,Usuarios - Login 1-5,text,false,El servidor no retorno codigo 200,484,227,30,30,https://fakestoreapi.com/auth/login,318,0,0
1775837902863,316,Login - POST /auth/login,526,<none>,Usuarios - Login 1-13,text,false,El servidor no retorno codigo 200,484,226,30,30,https://fakestoreapi.com/auth/login,316,0,0
1775837902863,317,Login - POST /auth/login,526,<none>,Usuarios - Login 1-15,text,false,El servidor no retorno codigo 200,484,225,30,30,https://fakestoreapi.com/auth/login,317,0,0
1775837902869,318,Login - POST /auth/login,526,<none>,Usuarios - Login 1-4,text,false,El servidor no retorno codigo 200,484,231,30,30,https://fakestoreapi.com/auth/login,318,0,0
1775837902890,320,Login - POST /auth/login,526,<none>,Usuarios - Login 1-2,text,false,El servidor no retorno codigo 200,484,225,30,30,https://fakestoreapi.com/auth/login,320,0,0
1775837903112,323,Login - POST /auth/login,526,<none>,Usuarios - Login 1-27,text,false,El servidor no retorno codigo 200,484,226,30,30,https://fakestoreapi.com/auth/login,323,0,0
1775837903163,314,Login - POST /auth/login,526,<none>,Usuarios - Login 1-8,text,false,El servidor no retorno codigo 200,484,227,30,30,https://fakestoreapi.com/auth/login,314,0,0
1775837903254,315,Login - POST /auth/login,526,<none>,Usuarios - Login 1-7,text,false,El servidor no retorno codigo 200,484,225,30,30,https://fakestoreapi.com/auth/login,315,0,0
1775837903264,316,Login - POST /auth/login,526,<none>,Usuarios - Login 1-12,text,false,El servidor no retorno codigo 200,484,231,30,30,https://fakestoreapi.com/auth/login,316,0,0
1775837903263,318,Login - POST /auth/login,526,<none>,Usuarios - Login 1-16,text,false,El servidor no retorno codigo 200,484,225,30,30,https://fakestoreapi.com/auth/login,318,0,0
1775837903364,316,Login - POST /auth/login,526,<none>,Usuarios - Login 1-30,text,false,El servidor no retorno codigo 200,484,226,30,30,https://fakestoreapi.com/auth/login,316,0,0
1775837903412,423,Login - POST /auth/login,526,<none>,Usuarios - Login 1-26,text,false,El servidor no retorno codigo 200,484,225,30,30,https://fakestoreapi.com/auth/login,423,0,0
1775837903410,425,Login - POST /auth/login,526,<none>,Usuarios - Login 1-9,text,false,El servidor no retorno codigo 200,484,227,30,30,https://fakestoreapi.com/auth/login,425,0,0
1775837903811,341,Login - POST /auth/login,526,<none>,Usuarios - Login 1-29,text,false,El servidor no retorno codigo 200,484,225,30,30,https://fakestoreapi.com/auth/login,341,0,0
1775837903713,441,Login - POST /auth/login,526,<none>,Usuarios - Login 1-25,text,false,El servidor no retorno codigo 200,484,231,30,30,https://fakestoreapi.com/auth/login,441,0,0
1775837903963,316,Login - POST /auth/login,526,<none>,Usuarios - Login 1-24,text,false,El servidor no retorno codigo 200,484,227,30,30,https://fakestoreapi.com/auth/login,316,0,0
1775837903965,316,Login - POST /auth/login,526,<none>,Usuarios - Login 1-10,text,false,El servidor no retorno codigo 200,484,225,30,30,https://fakestoreapi.com/auth/login,316,0,0
1775837903963,320,Login - POST /auth/login,526,<none>,Usuarios - Login 1-14,text,false,El servidor no retorno codigo 200,484,226,30,30,https://fakestoreapi.com/auth/login,320,0,0
1775837903966,317,Login - POST /auth/login,526,<none>,Usuarios - Login 1-11,text,false,El servidor no retorno codigo 200,484,231,30,30,https://fakestoreapi.com/auth/login,317,0,0
1775837903965,323,Login - POST /auth/login,526,<none>,Usuarios - Login 1-17,text,false,El servidor no retorno codigo 200,484,225,30,30,https://fakestoreapi.com/auth/login,323,0,0
1775837904113,354,Login - POST /auth/login,526,<none>,Usuarios - Login 1-23,text,false,El servidor no retorno codigo 200,484,227,30,30,https://fakestoreapi.com/auth/login,354,0,0
1775837904112,359,Login - POST /auth/login,526,<none>,Usuarios - Login 1-18,text,false,El servidor no retorno codigo 200,484,226,30,30,https://fakestoreapi.com/auth/login,359,0,0
1775837904155,321,Login - POST /auth/login,526,<none>,Usuarios - Login 1-3,text,false,El servidor no retorno codigo 200,484,225,30,30,https://fakestoreapi.com/auth/login,321,0,0
1775837904213,407,Login - POST /auth/login,526,<none>,Usuarios - Login 1-28,text,false,El servidor no retorno codigo 200,484,231,30,30,https://fakestoreapi.com/auth/login,407,0,0
1775837904262,358,Login - POST /auth/login,526,<none>,Usuarios - Login 1-19,text,false,El servidor no retorno codigo 200,484,225,30,30,https://fakestoreapi.com/auth/login,358,0,0
1775837904262,358,Login - POST /auth/login,526,<none>,Usuarios - Login 1-22,text,false,El servidor no retorno codigo 200,484,226,30,30,https://fakestoreapi.com/auth/login,358,0,0
1775837904314,317,Login - POST /auth/login,526,<none>,Usuarios - Login 1-21,text,false,El servidor no retorno codigo 200,484,225,30,30,https://fakestoreapi.com/auth/login,317,0,0
1775837904312,324,Login - POST /auth/login,526,<none>,Usuarios - Login 1-20,text,false,El servidor no retorno codigo 200,484,227,30,30,https://fakestoreapi.com/auth/login,324,0,0
1775837904362,383,Login - POST /auth/login,526,<none>,Usuarios - Login 1-13,text,false,El servidor no retorno codigo 200,484,227,30,30,https://fakestoreapi.com/auth/login,383,0,0
1775837904369,376,Login - POST /auth/login,526,<none>,Usuarios - Login 1-4,text,false,El servidor no retorno codigo 200,484,231,30,30,https://fakestoreapi.com/auth/login,376,0,0
1775837904360,385,Login - POST /auth/login,526,<none>,Usuarios - Login 1-1,text,false,El servidor no retorno codigo 200,484,225,30,30,https://fakestoreapi.com/auth/login,385,0,0
1775837904360,385,Login - POST /auth/login,526,<none>,Usuarios - Login 1-5,text,false,El servidor no retorno codigo 200,484,226,30,30,https://fakestoreapi.com/auth/login,385,0,0
1775837904354,391,Login - POST /auth/login,526,<none>,Usuarios - Login 1-6,text,false,El servidor no retorno codigo 200,484,231,30,30,https://fakestoreapi.com/auth/login,391,0,0
1775837904362,383,Login - POST /auth/login,526,<none>,Usuarios - Login 1-15,text,false,El servidor no retorno codigo 200,484,225,30,30,https://fakestoreapi.com/auth/login,383,0,0
1775837904390,355,Login - POST /auth/login,526,<none>,Usuarios - Login 1-2,text,false,El servidor no retorno codigo 200,484,225,30,30,https://fakestoreapi.com/auth/login,355,0,0
1775837904614,412,Login - POST /auth/login,526,<none>,Usuarios - Login 1-27,text,false,El servidor no retorno codigo 200,484,226,28,28,https://fakestoreapi.com/auth/login,412,0,0
1775837904662,364,Login - POST /auth/login,526,<none>,Usuarios - Login 1-8,text,false,El servidor no retorno codigo 200,484,227,28,28,https://fakestoreapi.com/auth/login,364,0,0
1775837904753,318,Login - POST /auth/login,526,<none>,Usuarios - Login 1-7,text,false,El servidor no retorno codigo 200,484,225,26,26,https://fakestoreapi.com/auth/login,318,0,0
1775837904765,417,Login - POST /auth/login,526,<none>,Usuarios - Login 1-12,text,false,El servidor no retorno codigo 200,484,231,25,25,https://fakestoreapi.com/auth/login,417,0,0
1775837904763,420,Login - POST /auth/login,526,<none>,Usuarios - Login 1-16,text,false,El servidor no retorno codigo 200,484,225,25,25,https://fakestoreapi.com/auth/login,419,0,0
1775837904864,319,Login - POST /auth/login,526,<none>,Usuarios - Login 1-30,text,false,El servidor no retorno codigo 200,484,226,25,25,https://fakestoreapi.com/auth/login,319,0,0
1775837904910,319,Login - POST /auth/login,526,<none>,Usuarios - Login 1-9,text,false,El servidor no retorno codigo 200,484,225,22,22,https://fakestoreapi.com/auth/login,319,0,0
1775837904911,319,Login - POST /auth/login,526,<none>,Usuarios - Login 1-26,text,false,El servidor no retorno codigo 200,484,227,21,21,https://fakestoreapi.com/auth/login,319,0,0
1775837905212,343,Login - POST /auth/login,526,<none>,Usuarios - Login 1-25,text,false,El servidor no retorno codigo 200,484,225,20,20,https://fakestoreapi.com/auth/login,343,0,0
1775837905311,370,Login - POST /auth/login,526,<none>,Usuarios - Login 1-29,text,false,El servidor no retorno codigo 200,484,231,19,19,https://fakestoreapi.com/auth/login,370,0,0
1775837905465,342,Login - POST /auth/login,526,<none>,Usuarios - Login 1-11,text,false,El servidor no retorno codigo 200,484,231,18,18,https://fakestoreapi.com/auth/login,342,0,0
1775837905464,343,Login - POST /auth/login,526,<none>,Usuarios - Login 1-14,text,false,El servidor no retorno codigo 200,484,225,18,18,https://fakestoreapi.com/auth/login,343,0,0
1775837905463,344,Login - POST /auth/login,526,<none>,Usuarios - Login 1-17,text,false,El servidor no retorno codigo 200,484,225,18,18,https://fakestoreapi.com/auth/login,344,0,0
1775837905465,342,Login - POST /auth/login,526,<none>,Usuarios - Login 1-24,text,false,El servidor no retorno codigo 200,484,226,18,18,https://fakestoreapi.com/auth/login,342,0,0
1775837905465,342,Login - POST /auth/login,526,<none>,Usuarios - Login 1-10,text,false,El servidor no retorno codigo 200,484,227,18,18,https://fakestoreapi.com/auth/login,342,0,0
1775837905615,441,Login - POST /auth/login,526,<none>,Usuarios - Login 1-23,text,false,El servidor no retorno codigo 200,484,226,13,13,https://fakestoreapi.com/auth/login,441,0,0
1775837905655,401,Login - POST /auth/login,526,<none>,Usuarios - Login 1-3,text,false,El servidor no retorno codigo 200,484,225,13,13,https://fakestoreapi.com/auth/login,401,0,0
1775837905613,443,Login - POST /auth/login,526,<none>,Usuarios - Login 1-18,text,false,El servidor no retorno codigo 200,484,227,13,13,https://fakestoreapi.com/auth/login,443,0,0
1775837905712,344,Login - POST /auth/login,526,<none>,Usuarios - Login 1-28,text,false,El servidor no retorno codigo 200,484,226,13,13,https://fakestoreapi.com/auth/login,344,0,0
1775837905762,419,Login - POST /auth/login,526,<none>,Usuarios - Login 1-22,text,false,El servidor no retorno codigo 200,484,225,9,9,https://fakestoreapi.com/auth/login,419,0,0
1775837905761,420,Login - POST /auth/login,526,<none>,Usuarios - Login 1-19,text,false,El servidor no retorno codigo 200,484,231,9,9,https://fakestoreapi.com/auth/login,420,0,0
1775837905815,366,Login - POST /auth/login,526,<none>,Usuarios - Login 1-21,text,false,El servidor no retorno codigo 200,484,227,9,9,https://fakestoreapi.com/auth/login,366,0,0
1775837905854,327,Login - POST /auth/login,526,<none>,Usuarios - Login 1-6,text,false,El servidor no retorno codigo 200,484,231,9,9,https://fakestoreapi.com/auth/login,327,0,0
1775837905813,368,Login - POST /auth/login,526,<none>,Usuarios - Login 1-20,text,false,El servidor no retorno codigo 200,484,225,9,9,https://fakestoreapi.com/auth/login,368,0,0
1775837905863,440,Login - POST /auth/login,526,<none>,Usuarios - Login 1-13,text,false,El servidor no retorno codigo 200,484,231,4,4,https://fakestoreapi.com/auth/login,440,0,0
1775837905860,443,Login - POST /auth/login,526,<none>,Usuarios - Login 1-1,text,false,El servidor no retorno codigo 200,484,226,4,4,https://fakestoreapi.com/auth/login,443,0,0
1775837905863,440,Login - POST /auth/login,526,<none>,Usuarios - Login 1-15,text,false,El servidor no retorno codigo 200,484,226,4,4,https://fakestoreapi.com/auth/login,440,0,0
1775837905860,443,Login - POST /auth/login,526,<none>,Usuarios - Login 1-5,text,false,El servidor no retorno codigo 200,484,225,4,4,https://fakestoreapi.com/auth/login,443,0,0
1775843369466,11,Login - POST /auth/login,200,OK,Usuarios - Login 1-1,text,true,,306,223,1,1,http://localhost:3001/auth/login,10,0,6
1775843369483,1,Login - POST /auth/login,200,OK,Usuarios - Login 1-1,text,true,,310,229,1,1,http://localhost:3001/auth/login,1,0,0
1775843369533,1,Login - POST /auth/login,200,OK,Usuarios - Login 1-1,text,true,,302,223,1,1,http://localhost:3001/auth/login,1,0,0
1775843369584,2,Login - POST /auth/login,200,OK,Usuarios - Login 1-1,text,true,,302,224,1,1,http://localhost:3001/auth/login,1,0,0
1775843369634,1,Login - POST /auth/login,200,OK,Usuarios - Login 1-1,text,true,,306,225,1,1,http://localhost:3001/auth/login,1,0,0
1775843369684,1,Login - POST /auth/login,200,OK,Usuarios - Login 1-1,text,true,,306,223,1,1,http://localhost:3001/auth/login,1,0,0
1775843369733,2,Login - POST /auth/login,200,OK,Usuarios - Login 1-1,text,true,,310,229,1,1,http://localhost:3001/auth/login,2,0,0
1775843369784,1,Login - POST /auth/login,200,OK,Usuarios - Login 1-1,text,true,,302,223,1,1,http://localhost:3001/auth/login,1,0,0
1775843369834,1,Login - POST /auth/login,200,OK,Usuarios - Login 1-1,text,true,,302,224,1,1,http://localhost:3001/auth/login,1,0,0
1775843369884,1,Login - POST /auth/login,200,OK,Usuarios - Login 1-1,text,true,,306,225,1,1,http://localhost:3001/auth/login,1,0,0
1775843369934,1,Login - POST /auth/login,200,OK,Usuarios - Login 1-1,text,true,,306,223,1,1,http://localhost:3001/auth/login,1,0,0
1775843369983,1,Login - POST /auth/login,200,OK,Usuarios - Login 1-1,text,true,,310,229,1,1,http://localhost:3001/auth/login,1,0,0
1775843370035,1,Login - POST /auth/login,200,OK,Usuarios - Login 1-1,text,true,,302,223,1,1,http://localhost:3001/auth/login,1,0,0
1775843370085,1,Login - POST /auth/login,200,OK,Usuarios - Login 1-1,text,true,,302,224,1,1,http://localhost:3001/auth/login,1,0,0
1775843370134,2,Login - POST /auth/login,200,OK,Usuarios - Login 1-1,text,true,,306,225,1,1,http://localhost:3001/auth/login,1,0,0
1775843370184,1,Login - POST /auth/login,200,OK,Usuarios - Login 1-1,text,true,,306,223,1,1,http://localhost:3001/auth/login,1,0,0
1775843370235,1,Login - POST /auth/login,200,OK,Usuarios - Login 1-1,text,true,,310,229,1,1,http://localhost:3001/auth/login,1,0,0
1775843370286,2,Login - POST /auth/login,200,OK,Usuarios - Login 1-1,text,true,,302,223,1,1,http://localhost:3001/auth/login,1,0,0
1775843370334,1,Login - POST /auth/login,200,OK,Usuarios - Login 1-1,text,true,,302,224,1,1,http://localhost:3001/auth/login,1,0,0
1775843370383,1,Login - POST /auth/login,200,OK,Usuarios - Login 1-1,text,true,,306,225,1,1,http://localhost:3001/auth/login,1,0,0
1775843370415,1,Login - POST /auth/login,200,OK,Usuarios - Login 1-2,text,true,,310,229,2,2,http://localhost:3001/auth/login,1,0,0
1775843370435,1,Login - POST /auth/login,200,OK,Usuarios - Login 1-1,text,true,,306,223,2,2,http://localhost:3001/auth/login,1,0,0
1775843370514,2,Login - POST /auth/login,200,OK,Usuarios - Login 1-2,text,true,,302,223,2,2,http://localhost:3001/auth/login,2,0,0
1775843370534,1,Login - POST /auth/login,200,OK,Usuarios - Login 1-1,text,true,,302,224,2,2,http://localhost:3001/auth/login,1,0,0
1775843370615,1,Login - POST /auth/login,200,OK,Usuarios - Login 1-2,text,true,,306,225,2,2,http://localhost:3001/auth/login,1,0,0
1775843370634,1,Login - POST /auth/login,200,OK,Usuarios - Login 1-1,text,true,,306,223,2,2,http://localhost:3001/auth/login,1,0,0
1775843370714,1,Login - POST /auth/login,200,OK,Usuarios - Login 1-2,text,true,,310,229,2,2,http://localhost:3001/auth/login,1,0,0
1775843370734,1,Login - POST /auth/login,200,OK,Usuarios - Login 1-1,text,true,,302,223,2,2,http://localhost:3001/auth/login,1,0,0
1775843370815,2,Login - POST /auth/login,200,OK,Usuarios - Login 1-2,text,true,,302,224,2,2,http://localhost:3001/auth/login,2,0,0
1775843370835,1,Login - POST /auth/login,200,OK,Usuarios - Login 1-1,text,true,,306,225,2,2,http://localhost:3001/auth/login,1,0,0
1775843370916,1,Login - POST /auth/login,200,OK,Usuarios - Login 1-2,text,true,,306,223,2,2,http://localhost:3001/auth/login,1,0,0
1775843370934,1,Login - POST /auth/login,200,OK,Usuarios - Login 1-1,text,true,,310,229,2,2,http://localhost:3001/auth/login,1,0,0
1775843371015,1,Login - POST /auth/login,200,OK,Usuarios - Login 1-2,text,true,,302,223,2,2,http://localhost:3001/auth/login,1,0,0
1775843371034,1,Login - POST /auth/login,200,OK,Usuarios - Login 1-1,text,true,,302,224,2,2,http://localhost:3001/auth/login,1,0,0
1775843371115,1,Login - POST /auth/login,200,OK,Usuarios - Login 1-2,text,true,,306,225,2,2,http://localhost:3001/auth/login,1,0,0
1775843371134,1,Login - POST /auth/login,200,OK,Usuarios - Login 1-1,text,true,,306,223,2,2,http://localhost:3001/auth/login,1,0,0
1775843371214,1,Login - POST /auth/login,200,OK,Usuarios - Login 1-2,text,true,,310,229,2,2,http://localhost:3001/auth/login,1,0,0
1775843371234,2,Login - POST /auth/login,200,OK,Usuarios - Login 1-1,text,true,,302,223,2,2,http://localhost:3001/auth/login,1,0,0
1775843371317,1,Login - POST /auth/login,200,OK,Usuarios - Login 1-2,text,true,,302,224,2,2,http://localhost:3001/auth/login,1,0,0
1775843371333,1,Login - POST /auth/login,200,OK,Usuarios - Login 1-1,text,true,,306,225,2,2,http://localhost:3001/auth/login,1,0,0
1775843371414,1,Login - POST /auth/login,200,OK,Usuarios - Login 1-2,text,true,,306,223,3,3,http://localhost:3001/auth/login,1,0,0
1775843371413,2,Login - POST /auth/login,200,OK,Usuarios - Login 1-3,text,true,,302,223,3,3,http://localhost:3001/auth/login,2,0,2
1775843371434,2,Login - POST /auth/login,200,OK,Usuarios - Login 1-1,text,true,,310,229,3,3,http://localhost:3001/auth/login,1,0,0
1775843371564,1,Login - POST /auth/login,200,OK,Usuarios - Login 1-3,text,true,,306,225,3,3,http://localhost:3001/auth/login,1,0,0
1775843371566,1,Login - POST /auth/login,200,OK,Usuarios - Login 1-2,text,true,,302,224,3,3,http://localhost:3001/auth/login,1,0,0
1775843371584,1,Login - POST /auth/login,200,OK,Usuarios - Login 1-1,text,true,,306,223,3,3,http://localhost:3001/auth/login,1,0,0
1775843371714,1,Login - POST /auth/login,200,OK,Usuarios - Login 1-3,text,true,,310,229,3,3,http://localhost:3001/auth/login,1,0,0
1775843371715,1,Login - POST /auth/login,200,OK,Usuarios - Login 1-2,text,true,,302,223,3,3,http://localhost:3001/auth/login,1,0,0
1775843371735,1,Login - POST /auth/login,200,OK,Usuarios - Login 1-1,text,true,,302,224,3,3,http://localhost:3001/auth/login,1,0,0
1775843371865,1,Login - POST /auth/login,200,OK,Usuarios - Login 1-2,text,true,,306,223,3,3,http://localhost:3001/auth/login,1,0,0
1775843371865,1,Login - POST /auth/login,200,OK,Usuarios - Login 1-3,text,true,,306,225,3,3,http://localhost:3001/auth/login,1,0,0
1775843371884,1,Login - POST /auth/login,200,OK,Usuarios - Login 1-1,text,true,,310,229,3,3,http://localhost:3001/auth/login,1,0,0
1775843372014,2,Login - POST /auth/login,200,OK,Usuarios - Login 1-3,text,true,,302,224,3,3,http://localhost:3001/auth/login,1,0,0
1775843372015,1,Login - POST /auth/login,200,OK,Usuarios - Login 1-2,text,true,,302,223,3,3,http://localhost:3001/auth/login,1,0,0
1775843372036,1,Login - POST /auth/login,200,OK,Usuarios - Login 1-1,text,true,,306,225,3,3,http://localhost:3001/auth/login,1,0,0
1775843372165,1,Login - POST /auth/login,200,OK,Usuarios - Login 1-3,text,true,,306,223,3,3,http://localhost:3001/auth/login,1,0,0
1775843372165,2,Login - POST /auth/login,200,OK,Usuarios - Login 1-2,text,true,,310,229,3,3,http://localhost:3001/auth/login,2,0,0
1775843372185,1,Login - POST /auth/login,200,OK,Usuarios - Login 1-1,text,true,,302,223,3,3,http://localhost:3001/auth/login,1,0,0
1775843372314,1,Login - POST /auth/login,200,OK,Usuarios - Login 1-3,text,true,,302,224,3,3,http://localhost:3001/auth/login,1,0,0
1775843372316,0,Login - POST /auth/login,200,OK,Usuarios - Login 1-2,text,true,,306,225,3,3,http://localhost:3001/auth/login,0,0,0
1775843372335,1,Login - POST /auth/login,200,OK,Usuarios - Login 1-1,text,true,,306,223,3,3,http://localhost:3001/auth/login,1,0,0
1775843372414,2,Login - POST /auth/login,200,OK,Usuarios - Login 1-4,text,true,,306,225,4,4,http://localhost:3001/auth/login,2,0,1
1775843372465,2,Login - POST /auth/login,200,OK,Usuarios - Login 1-3,text,true,,310,229,4,4,http://localhost:3001/auth/login,1,0,0
1775843372465,2,Login - POST /auth/login,200,OK,Usuarios - Login 1-2,text,true,,302,223,4,4,http://localhost:3001/auth/login,2,0,0
1775843372484,1,Login - POST /auth/login,200,OK,Usuarios - Login 1-1,text,true,,302,224,4,4,http://localhost:3001/auth/login,1,0,0
1775843372614,1,Login - POST /auth/login,200,OK,Usuarios - Login 1-4,text,true,,306,223,4,4,http://localhost:3001/auth/login,1,0,0
1775843372664,1,Login - POST /auth/login,200,OK,Usuarios - Login 1-3,text,true,,302,223,4,4,http://localhost:3001/auth/login,1,0,0
1775843372665,0,Login - POST /auth/login,200,OK,Usuarios - Login 1-2,text,true,,310,229,4,4,http://localhost:3001/auth/login,0,0,0
1775843372684,1,Login - POST /auth/login,200,OK,Usuarios - Login 1-1,text,true,,302,224,4,4,http://localhost:3001/auth/login,1,0,0
1775843372815,2,Login - POST /auth/login,200,OK,Usuarios - Login 1-4,text,true,,306,225,4,4,http://localhost:3001/auth/login,1,0,0
1775843372865,1,Login - POST /auth/login,200,OK,Usuarios - Login 1-3,text,true,,306,223,4,4,http://localhost:3001/auth/login,1,0,0
1775843372865,1,Login - POST /auth/login,200,OK,Usuarios - Login 1-2,text,true,,310,229,4,4,http://localhost:3001/auth/login,1,0,0
1775843372885,1,Login - POST /auth/login,200,OK,Usuarios - Login 1-1,text,true,,302,223,4,4,http://localhost:3001/auth/login,1,0,0
1775843373014,1,Login - POST /auth/login,200,OK,Usuarios - Login 1-4,text,true,,302,224,4,4,http://localhost:3001/auth/login,1,0,0
1775843373064,1,Login - POST /auth/login,200,OK,Usuarios - Login 1-3,text,true,,306,225,4,4,http://localhost:3001/auth/login,0,0,0
1775843373065,0,Login - POST /auth/login,200,OK,Usuarios - Login 1-2,text,true,,306,223,4,4,http://localhost:3001/auth/login,0,0,0
1775843373084,1,Login - POST /auth/login,200,OK,Usuarios - Login 1-1,text,true,,310,229,4,4,http://localhost:3001/auth/login,1,0,0
1775843373214,1,Login - POST /auth/login,200,OK,Usuarios - Login 1-4,text,true,,302,223,4,4,http://localhost:3001/auth/login,1,0,0
1775843373263,1,Login - POST /auth/login,200,OK,Usuarios - Login 1-3,text,true,,302,224,4,4,http://localhost:3001/auth/login,1,0,0
1775843373266,1,Login - POST /auth/login,200,OK,Usuarios - Login 1-2,text,true,,306,225,4,4,http://localhost:3001/auth/login,1,0,0
1775843373284,1,Login - POST /auth/login,200,OK,Usuarios - Login 1-1,text,true,,306,223,4,4,http://localhost:3001/auth/login,1,0,0
1775843373414,1,Login - POST /auth/login,200,OK,Usuarios - Login 1-5,text,true,,306,223,5,5,http://localhost:3001/auth/login,1,0,0
1775843373415,1,Login - POST /auth/login,200,OK,Usuarios - Login 1-4,text,true,,310,229,5,5,http://localhost:3001/auth/login,1,0,0
1775843373465,1,Login - POST /auth/login,200,OK,Usuarios - Login 1-3,text,true,,302,223,5,5,http://localhost:3001/auth/login,1,0,0
1775843373466,1,Login - POST /auth/login,200,OK,Usuarios - Login 1-2,text,true,,302,224,5,5,http://localhost:3001/auth/login,1,0,0
1775843373484,1,Login - POST /auth/login,200,OK,Usuarios - Login 1-1,text,true,,306,225,5,5,http://localhost:3001/auth/login,1,0,0
1775843373664,2,Login - POST /auth/login,200,OK,Usuarios - Login 1-4,text,true,,302,223,5,5,http://localhost:3001/auth/login,2,0,0
1775843373664,2,Login - POST /auth/login,200,OK,Usuarios - Login 1-5,text,true,,310,229,5,5,http://localhost:3001/auth/login,2,0,0
1775843373714,1,Login - POST /auth/login,200,OK,Usuarios - Login 1-3,text,true,,302,224,5,5,http://localhost:3001/auth/login,1,0,0
1775843373716,0,Login - POST /auth/login,200,OK,Usuarios - Login 1-2,text,true,,306,225,5,5,http://localhost:3001/auth/login,0,0,0
1775843373735,1,Login - POST /auth/login,200,OK,Usuarios - Login 1-1,text,true,,306,223,5,5,http://localhost:3001/auth/login,1,0,0
1775843373913,1,Login - POST /auth/login,200,OK,Usuarios - Login 1-4,text,true,,310,229,5,5,http://localhost:3001/auth/login,1,0,0
1775843373913,1,Login - POST /auth/login,200,OK,Usuarios - Login 1-5,text,true,,302,223,5,5,http://localhost:3001/auth/login,1,0,0
1775843373964,1,Login - POST /auth/login,200,OK,Usuarios - Login 1-3,text,true,,302,224,5,5,http://localhost:3001/auth/login,1,0,0
1775843373965,1,Login - POST /auth/login,200,OK,Usuarios - Login 1-2,text,true,,306,225,5,5,http://localhost:3001/auth/login,1,0,0
1775843373983,1,Login - POST /auth/login,200,OK,Usuarios - Login 1-1,text,true,,306,223,5,5,http://localhost:3001/auth/login,1,0,0
1775843374164,1,Login - POST /auth/login,200,OK,Usuarios - Login 1-5,text,true,,302,223,5,5,http://localhost:3001/auth/login,1,0,0
1775843374164,1,Login - POST /auth/login,200,OK,Usuarios - Login 1-4,text,true,,310,229,5,5,http://localhost:3001/auth/login,1,0,0
1775843374214,1,Login - POST /auth/login,200,OK,Usuarios - Login 1-3,text,true,,302,224,5,5,http://localhost:3001/auth/login,1,0,0
1775843374215,0,Login - POST /auth/login,200,OK,Usuarios - Login 1-2,text,true,,306,225,5,5,http://localhost:3001/auth/login,0,0,0
1775843374234,1,Login - POST /auth/login,200,OK,Usuarios - Login 1-1,text,true,,306,223,5,5,http://localhost:3001/auth/login,1,0,0
1775843374413,1,Login - POST /auth/login,200,OK,Usuarios - Login 1-5,text,true,,310,229,6,6,http://localhost:3001/auth/login,1,0,0
1775843374413,2,Login - POST /auth/login,200,OK,Usuarios - Login 1-6,text,true,,310,229,6,6,http://localhost:3001/auth/login,2,0,1
1775843374416,1,Login - POST /auth/login,200,OK,Usuarios - Login 1-4,text,true,,302,223,6,6,http://localhost:3001/auth/login,1,0,0
1775843374464,1,Login - POST /auth/login,200,OK,Usuarios - Login 1-3,text,true,,302,224,6,6,http://localhost:3001/auth/login,1,0,0
1775843374465,1,Login - POST /auth/login,200,OK,Usuarios - Login 1-2,text,true,,306,225,6,6,http://localhost:3001/auth/login,1,0,0
1775843374485,1,Login - POST /auth/login,200,OK,Usuarios - Login 1-1,text,true,,306,223,6,6,http://localhost:3001/auth/login,0,0,0
1775843374713,1,Login - POST /auth/login,200,OK,Usuarios - Login 1-5,text,true,,302,223,6,6,http://localhost:3001/auth/login,1,0,0
1775843374713,1,Login - POST /auth/login,200,OK,Usuarios - Login 1-6,text,true,,302,224,6,6,http://localhost:3001/auth/login,1,0,0
1775843374713,1,Login - POST /auth/login,200,OK,Usuarios - Login 1-4,text,true,,306,225,6,6,http://localhost:3001/auth/login,1,0,0
1775843374764,1,Login - POST /auth/login,200,OK,Usuarios - Login 1-3,text,true,,306,223,6,6,http://localhost:3001/auth/login,1,0,0
1775843374764,1,Login - POST /auth/login,200,OK,Usuarios - Login 1-2,text,true,,310,229,6,6,http://localhost:3001/auth/login,1,0,0
1775843374784,1,Login - POST /auth/login,200,OK,Usuarios - Login 1-1,text,true,,302,223,6,6,http://localhost:3001/auth/login,0,0,0
1775843375014,1,Login - POST /auth/login,200,OK,Usuarios - Login 1-4,text,true,,306,223,6,6,http://localhost:3001/auth/login,1,0,0
1775843375014,1,Login - POST /auth/login,200,OK,Usuarios - Login 1-5,text,true,,302,224,6,6,http://localhost:3001/auth/login,1,0,0
1775843375014,1,Login - POST /auth/login,200,OK,Usuarios - Login 1-6,text,true,,306,225,6,6,http://localhost:3001/auth/login,1,0,0
1775843375064,1,Login - POST /auth/login,200,OK,Usuarios - Login 1-3,text,true,,310,229,6,6,http://localhost:3001/auth/login,1,0,0
1775843375065,0,Login - POST /auth/login,200,OK,Usuarios - Login 1-2,text,true,,302,223,6,6,http://localhost:3001/auth/login,0,0,0
1775843375083,1,Login - POST /auth/login,200,OK,Usuarios - Login 1-1,text,true,,302,224,6,6,http://localhost:3001/auth/login,1,0,0
1775843375314,1,Login - POST /auth/login,200,OK,Usuarios - Login 1-5,text,true,,306,223,6,6,http://localhost:3001/auth/login,1,0,0
1775843375314,1,Login - POST /auth/login,200,OK,Usuarios - Login 1-6,text,true,,310,229,6,6,http://localhost:3001/auth/login,1,0,0
1775843375314,2,Login - POST /auth/login,200,OK,Usuarios - Login 1-4,text,true,,306,225,6,6,http://localhost:3001/auth/login,1,0,0
1775843375364,1,Login - POST /auth/login,200,OK,Usuarios - Login 1-3,text,true,,302,223,6,6,http://localhost:3001/auth/login,1,0,0
1775843375365,0,Login - POST /auth/login,200,OK,Usuarios - Login 1-2,text,true,,302,224,6,6,http://localhost:3001/auth/login,0,0,0
1775843375384,1,Login - POST /auth/login,200,OK,Usuarios - Login 1-1,text,true,,306,225,6,6,http://localhost:3001/auth/login,1,0,0
1775843375412,2,Login - POST /auth/login,200,OK,Usuarios - Login 1-7,text,true,,310,229,7,7,http://localhost:3001/auth/login,2,0,1
1775843375614,1,Login - POST /auth/login,200,OK,Usuarios - Login 1-5,text,true,,306,223,7,7,http://localhost:3001/auth/login,1,0,0
1775843375614,1,Login - POST /auth/login,200,OK,Usuarios - Login 1-6,text,true,,310,229,7,7,http://localhost:3001/auth/login,1,0,0
1775843375614,2,Login - POST /auth/login,200,OK,Usuarios - Login 1-4,text,true,,302,223,7,7,http://localhost:3001/auth/login,2,0,0
1775843375663,2,Login - POST /auth/login,200,OK,Usuarios - Login 1-3,text,true,,302,224,7,7,http://localhost:3001/auth/login,2,0,0
1775843375666,1,Login - POST /auth/login,200,OK,Usuarios - Login 1-2,text,true,,306,225,7,7,http://localhost:3001/auth/login,1,0,0
1775843375683,2,Login - POST /auth/login,200,OK,Usuarios - Login 1-1,text,true,,306,223,7,7,http://localhost:3001/auth/login,2,0,0
1775843375762,1,Login - POST /auth/login,200,OK,Usuarios - Login 1-7,text,true,,302,223,7,7,http://localhost:3001/auth/login,1,0,0
1775843375963,1,Login - POST /auth/login,200,OK,Usuarios - Login 1-4,text,true,,306,225,7,7,http://localhost:3001/auth/login,1,0,0
1775843375963,2,Login - POST /auth/login,200,OK,Usuarios - Login 1-6,text,true,,306,223,7,7,http://localhost:3001/auth/login,2,0,0
1775843375963,2,Login - POST /auth/login,200,OK,Usuarios - Login 1-5,text,true,,302,224,7,7,http://localhost:3001/auth/login,2,0,0
1775843376014,1,Login - POST /auth/login,200,OK,Usuarios - Login 1-3,text,true,,310,229,7,7,http://localhost:3001/auth/login,1,0,0
1775843376015,1,Login - POST /auth/login,200,OK,Usuarios - Login 1-2,text,true,,302,223,7,7,http://localhost:3001/auth/login,1,0,0
1775843376034,1,Login - POST /auth/login,200,OK,Usuarios - Login 1-1,text,true,,302,224,7,7,http://localhost:3001/auth/login,1,0,0
1775843376112,1,Login - POST /auth/login,200,OK,Usuarios - Login 1-7,text,true,,306,225,7,7,http://localhost:3001/auth/login,1,0,0
1775843376313,1,Login - POST /auth/login,200,OK,Usuarios - Login 1-5,text,true,,302,223,7,7,http://localhost:3001/auth/login,1,0,0
1775843376314,1,Login - POST /auth/login,200,OK,Usuarios - Login 1-6,text,true,,310,229,7,7,http://localhost:3001/auth/login,1,0,0
1775843376314,1,Login - POST /auth/login,200,OK,Usuarios - Login 1-4,text,true,,306,223,7,7,http://localhost:3001/auth/login,1,0,0
1775843376366,1,Login - POST /auth/login,200,OK,Usuarios - Login 1-3,text,true,,302,224,7,7,http://localhost:3001/auth/login,1,0,0
1775843376367,0,Login - POST /auth/login,200,OK,Usuarios - Login 1-2,text,true,,306,225,7,7,http://localhost:3001/auth/login,0,0,0
1775843376385,1,Login - POST /auth/login,200,OK,Usuarios - Login 1-1,text,true,,306,223,7,7,http://localhost:3001/auth/login,1,0,0
1775843376412,2,Login - POST /auth/login,200,OK,Usuarios - Login 1-8,text,true,,302,224,8,8,http://localhost:3001/auth/login,2,0,1
1775843376462,1,Login - POST /auth/login,200,OK,Usuarios - Login 1-7,text,true,,310,229,8,8,http://localhost:3001/auth/login,1,0,0
1775843376663,1,Login - POST /auth/login,200,OK,Usuarios - Login 1-4,text,true,,306,225,8,8,http://localhost:3001/auth/login,1,0,0
1775843376663,2,Login - POST /auth/login,200,OK,Usuarios - Login 1-6,text,true,,302,224,8,8,http://localhost:3001/auth/login,1,0,0
1775843376664,1,Login - POST /auth/login,200,OK,Usuarios - Login 1-5,text,true,,302,223,8,8,http://localhost:3001/auth/login,1,0,0
1775843376713,1,Login - POST /auth/login,200,OK,Usuarios - Login 1-3,text,true,,306,223,8,8,http://localhost:3001/auth/login,1,0,0
1775843376714,1,Login - POST /auth/login,200,OK,Usuarios - Login 1-2,text,true,,310,229,8,8,http://localhost:3001/auth/login,1,0,0
1775843376733,1,Login - POST /auth/login,200,OK,Usuarios - Login 1-1,text,true,,302,223,8,8,http://localhost:3001/auth/login,1,0,0
1775843376813,1,Login - POST /auth/login,200,OK,Usuarios - Login 1-8,text,true,,306,225,8,8,http://localhost:3001/auth/login,1,0,0
1775843376862,1,Login - POST /auth/login,200,OK,Usuarios - Login 1-7,text,true,,306,223,8,8,http://localhost:3001/auth/login,1,0,0
1775843377065,1,Login - POST /auth/login,200,OK,Usuarios - Login 1-5,text,true,,302,224,8,8,http://localhost:3001/auth/login,1,0,0
1775843377065,2,Login - POST /auth/login,200,OK,Usuarios - Login 1-6,text,true,,302,223,8,8,http://localhost:3001/auth/login,2,0,0
1775843377065,2,Login - POST /auth/login,200,OK,Usuarios - Login 1-4,text,true,,310,229,8,8,http://localhost:3001/auth/login,2,0,0
1775843377114,1,Login - POST /auth/login,200,OK,Usuarios - Login 1-3,text,true,,306,225,8,8,http://localhost:3001/auth/login,1,0,0
1775843377114,1,Login - POST /auth/login,200,OK,Usuarios - Login 1-2,text,true,,306,223,8,8,http://localhost:3001/auth/login,1,0,0
1775843377134,1,Login - POST /auth/login,200,OK,Usuarios - Login 1-1,text,true,,310,229,8,8,http://localhost:3001/auth/login,1,0,0
1775843377211,1,Login - POST /auth/login,200,OK,Usuarios - Login 1-8,text,true,,302,223,8,8,http://localhost:3001/auth/login,1,0,0
1775843377262,1,Login - POST /auth/login,200,OK,Usuarios - Login 1-7,text,true,,302,224,8,8,http://localhost:3001/auth/login,0,0,0
1775843377414,2,Login - POST /auth/login,200,OK,Usuarios - Login 1-9,text,true,,302,223,9,9,http://localhost:3001/auth/login,2,0,1
1775843377464,1,Login - POST /auth/login,200,OK,Usuarios - Login 1-5,text,true,,306,225,9,9,http://localhost:3001/auth/login,1,0,0
1775843377465,1,Login - POST /auth/login,200,OK,Usuarios - Login 1-4,text,true,,310,229,9,9,http://localhost:3001/auth/login,1,0,0
1775843377465,1,Login - POST /auth/login,200,OK,Usuarios - Login 1-6,text,true,,306,223,9,9,http://localhost:3001/auth/login,1,0,0
1775843377515,1,Login - POST /auth/login,200,OK,Usuarios - Login 1-3,text,true,,302,223,9,9,http://localhost:3001/auth/login,1,0,0
1775843377515,1,Login - POST /auth/login,200,OK,Usuarios - Login 1-2,text,true,,302,224,9,9,http://localhost:3001/auth/login,1,0,0
1775843377535,1,Login - POST /auth/login,200,OK,Usuarios - Login 1-1,text,true,,306,225,9,9,http://localhost:3001/auth/login,1,0,0
1775843377614,1,Login - POST /auth/login,200,OK,Usuarios - Login 1-8,text,true,,306,223,9,9,http://localhost:3001/auth/login,1,0,0
1775843377661,1,Login - POST /auth/login,200,OK,Usuarios - Login 1-7,text,true,,310,229,9,9,http://localhost:3001/auth/login,1,0,0
1775843377863,1,Login - POST /auth/login,200,OK,Usuarios - Login 1-9,text,true,,302,224,9,9,http://localhost:3001/auth/login,1,0,0
1775843377914,1,Login - POST /auth/login,200,OK,Usuarios - Login 1-6,text,true,,310,229,9,9,http://localhost:3001/auth/login,1,0,0
1775843377914,1,Login - POST /auth/login,200,OK,Usuarios - Login 1-4,text,true,,306,223,9,9,http://localhost:3001/auth/login,1,0,0
1775843377915,0,Login - POST /auth/login,200,OK,Usuarios - Login 1-5,text,true,,306,225,9,9,http://localhost:3001/auth/login,0,0,0
1775843377963,1,Login - POST /auth/login,200,OK,Usuarios - Login 1-3,text,true,,302,223,9,9,http://localhost:3001/auth/login,1,0,0
1775843377966,1,Login - POST /auth/login,200,OK,Usuarios - Login 1-2,text,true,,302,224,9,9,http://localhost:3001/auth/login,1,0,0
1775843377983,1,Login - POST /auth/login,200,OK,Usuarios - Login 1-1,text,true,,306,225,9,9,http://localhost:3001/auth/login,1,0,0
1775843378063,1,Login - POST /auth/login,200,OK,Usuarios - Login 1-8,text,true,,306,223,9,9,http://localhost:3001/auth/login,1,0,0
1775843378112,1,Login - POST /auth/login,200,OK,Usuarios - Login 1-7,text,true,,310,229,9,9,http://localhost:3001/auth/login,1,0,0
1775843378313,1,Login - POST /auth/login,200,OK,Usuarios - Login 1-9,text,true,,302,223,9,9,http://localhost:3001/auth/login,1,0,0
1775843378364,1,Login - POST /auth/login,200,OK,Usuarios - Login 1-5,text,true,,306,223,9,9,http://localhost:3001/auth/login,1,0,0
1775843378365,1,Login - POST /auth/login,200,OK,Usuarios - Login 1-6,text,true,,306,225,9,9,http://localhost:3001/auth/login,1,0,0
1775843378365,1,Login - POST /auth/login,200,OK,Usuarios - Login 1-4,text,true,,302,224,9,9,http://localhost:3001/auth/login,1,0,0
1775843378414,0,Login - POST /auth/login,200,OK,Usuarios - Login 1-3,text,true,,310,229,10,10,http://localhost:3001/auth/login,0,0,0
1775843378413,2,Login - POST /auth/login,200,OK,Usuarios - Login 1-10,text,true,,306,223,10,10,http://localhost:3001/auth/login,2,0,1
1775843378415,0,Login - POST /auth/login,200,OK,Usuarios - Login 1-2,text,true,,302,223,10,10,http://localhost:3001/auth/login,0,0,0
1775843378435,0,Login - POST /auth/login,200,OK,Usuarios - Login 1-1,text,true,,302,224,10,10,http://localhost:3001/auth/login,0,0,0
1775843378512,1,Login - POST /auth/login,200,OK,Usuarios - Login 1-8,text,true,,306,225,10,10,http://localhost:3001/auth/login,1,0,0
1775843378563,1,Login - POST /auth/login,200,OK,Usuarios - Login 1-7,text,true,,306,223,10,10,http://localhost:3001/auth/login,1,0,0
1775843378765,1,Login - POST /auth/login,200,OK,Usuarios - Login 1-9,text,true,,310,229,10,10,http://localhost:3001/auth/login,1,0,0
1775843378816,1,Login - POST /auth/login,200,OK,Usuarios - Login 1-5,text,true,,302,223,10,10,http://localhost:3001/auth/login,1,0,0
1775843378816,1,Login - POST /auth/login,200,OK,Usuarios - Login 1-6,text,true,,302,224,10,10,http://localhost:3001/auth/login,1,0,0
1775843378816,1,Login - POST /auth/login,200,OK,Usuarios - Login 1-4,text,true,,306,225,10,10,http://localhost:3001/auth/login,1,0,0
1775843378914,1,Login - POST /auth/login,200,OK,Usuarios - Login 1-3,text,true,,310,229,10,10,http://localhost:3001/auth/login,1,0,0
1775843378914,1,Login - POST /auth/login,200,OK,Usuarios - Login 1-10,text,true,,302,223,10,10,http://localhost:3001/auth/login,1,0,0
1775843378914,1,Login - POST /auth/login,200,OK,Usuarios - Login 1-2,text,true,,302,224,10,10,http://localhost:3001/auth/login,1,0,0
1775843378935,0,Login - POST /auth/login,200,OK,Usuarios - Login 1-1,text,true,,306,225,10,10,http://localhost:3001/auth/login,0,0,0
1775843379011,1,Login - POST /auth/login,200,OK,Usuarios - Login 1-8,text,true,,306,223,10,10,http://localhost:3001/auth/login,1,0,0
1775843379062,1,Login - POST /auth/login,200,OK,Usuarios - Login 1-7,text,true,,310,229,10,10,http://localhost:3001/auth/login,1,0,0
1775843379264,1,Login - POST /auth/login,200,OK,Usuarios - Login 1-9,text,true,,302,223,10,10,http://localhost:3001/auth/login,1,0,0
1775843379313,2,Login - POST /auth/login,200,OK,Usuarios - Login 1-5,text,true,,302,224,10,10,http://localhost:3001/auth/login,2,0,0
1775843379313,2,Login - POST /auth/login,200,OK,Usuarios - Login 1-6,text,true,,306,225,10,10,http://localhost:3001/auth/login,2,0,0
1775843379313,2,Login - POST /auth/login,200,OK,Usuarios - Login 1-4,text,true,,306,223,10,10,http://localhost:3001/auth/login,2,0,0
1775843379412,2,Login - POST /auth/login,200,OK,Usuarios - Login 1-11,text,true,,310,229,11,11,http://localhost:3001/auth/login,2,0,1
1775843379414,0,Login - POST /auth/login,200,OK,Usuarios - Login 1-3,text,true,,310,229,11,11,http://localhost:3001/auth/login,0,0,0
1775843379414,1,Login - POST /auth/login,200,OK,Usuarios - Login 1-10,text,true,,302,223,11,11,http://localhost:3001/auth/login,0,0,0
1775843379415,0,Login - POST /auth/login,200,OK,Usuarios - Login 1-2,text,true,,302,224,11,11,http://localhost:3001/auth/login,0,0,0
1775843379433,1,Login - POST /auth/login,200,OK,Usuarios - Login 1-1,text,true,,306,225,11,11,http://localhost:3001/auth/login,1,0,0
1775843379513,1,Login - POST /auth/login,200,OK,Usuarios - Login 1-8,text,true,,306,223,11,11,http://localhost:3001/auth/login,1,0,0
1775843379562,1,Login - POST /auth/login,200,OK,Usuarios - Login 1-7,text,true,,310,229,11,11,http://localhost:3001/auth/login,1,0,0
1775843379765,1,Login - POST /auth/login,200,OK,Usuarios - Login 1-9,text,true,,302,223,11,11,http://localhost:3001/auth/login,1,0,0
1775843379814,1,Login - POST /auth/login,200,OK,Usuarios - Login 1-5,text,true,,306,225,11,11,http://localhost:3001/auth/login,1,0,0
1775843379814,1,Login - POST /auth/login,200,OK,Usuarios - Login 1-6,text,true,,302,224,11,11,http://localhost:3001/auth/login,1,0,0
1775843379814,1,Login - POST /auth/login,200,OK,Usuarios - Login 1-4,text,true,,306,223,11,11,http://localhost:3001/auth/login,1,0,0
1775843379963,1,Login - POST /auth/login,200,OK,Usuarios - Login 1-10,text,true,,306,225,11,11,http://localhost:3001/auth/login,1,0,0
1775843379963,1,Login - POST /auth/login,200,OK,Usuarios - Login 1-11,text,true,,302,223,11,11,http://localhost:3001/auth/login,1,0,0
1775843379965,0,Login - POST /auth/login,200,OK,Usuarios - Login 1-3,text,true,,302,224,11,11,http://localhost:3001/auth/login,0,0,0
1775843379965,0,Login - POST /auth/login,200,OK,Usuarios - Login 1-2,text,true,,306,223,11,11,http://localhost:3001/auth/login,0,0,0
1775843379983,1,Login - POST /auth/login,200,OK,Usuarios - Login 1-1,text,true,,310,229,11,11,http://localhost:3001/auth/login,1,0,0
1775843380062,1,Login - POST /auth/login,200,OK,Usuarios - Login 1-8,text,true,,302,223,11,11,http://localhost:3001/auth/login,1,0,0
1775843380112,0,Login - POST /auth/login,200,OK,Usuarios - Login 1-7,text,true,,302,224,11,11,http://localhost:3001/auth/login,0,0,0
1775843380315,1,Login - POST /auth/login,200,OK,Usuarios - Login 1-9,text,true,,306,225,11,11,http://localhost:3001/auth/login,1,0,0
1775843380364,1,Login - POST /auth/login,200,OK,Usuarios - Login 1-4,text,true,,302,223,11,11,http://localhost:3001/auth/login,1,0,0
1775843380364,1,Login - POST /auth/login,200,OK,Usuarios - Login 1-6,text,true,,310,229,11,11,http://localhost:3001/auth/login,1,0,0
1775843380364,1,Login - POST /auth/login,200,OK,Usuarios - Login 1-5,text,true,,306,223,11,11,http://localhost:3001/auth/login,1,0,0
1775843380412,1,Login - POST /auth/login,200,OK,Usuarios - Login 1-12,text,true,,306,225,12,12,http://localhost:3001/auth/login,1,0,0
1775843380514,1,Login - POST /auth/login,200,OK,Usuarios - Login 1-11,text,true,,306,225,12,12,http://localhost:3001/auth/login,1,0,0
1775843380514,1,Login - POST /auth/login,200,OK,Usuarios - Login 1-3,text,true,,306,223,12,12,http://localhost:3001/auth/login,1,0,0
1775843380515,0,Login - POST /auth/login,200,OK,Usuarios - Login 1-2,text,true,,310,229,12,12,http://localhost:3001/auth/login,0,0,0
1775843380515,0,Login - POST /auth/login,200,OK,Usuarios - Login 1-10,text,true,,302,224,12,12,http://localhost:3001/auth/login,0,0,0
1775843380535,1,Login - POST /auth/login,200,OK,Usuarios - Login 1-1,text,true,,302,223,12,12,http://localhost:3001/auth/login,1,0,0
1775843380613,1,Login - POST /auth/login,200,OK,Usuarios - Login 1-8,text,true,,302,224,12,12,http://localhost:3001/auth/login,1,0,0
1775843380663,1,Login - POST /auth/login,200,OK,Usuarios - Login 1-7,text,true,,306,225,12,12,http://localhost:3001/auth/login,1,0,0
1775843380865,2,Login - POST /auth/login,200,OK,Usuarios - Login 1-9,text,true,,306,223,12,12,http://localhost:3001/auth/login,2,0,0
1775843380913,2,Login - POST /auth/login,200,OK,Usuarios - Login 1-5,text,true,,302,224,12,12,http://localhost:3001/auth/login,2,0,0
1775843380913,2,Login - POST /auth/login,200,OK,Usuarios - Login 1-6,text,true,,302,223,12,12,http://localhost:3001/auth/login,2,0,0
1775843380914,1,Login - POST /auth/login,200,OK,Usuarios - Login 1-4,text,true,,310,229,12,12,http://localhost:3001/auth/login,1,0,0
1775843381012,1,Login - POST /auth/login,200,OK,Usuarios - Login 1-12,text,true,,306,223,12,12,http://localhost:3001/auth/login,1,0,0
1775843381113,1,Login - POST /auth/login,200,OK,Usuarios - Login 1-11,text,true,,310,229,12,12,http://localhost:3001/auth/login,1,0,0
1775843381114,1,Login - POST /auth/login,200,OK,Usuarios - Login 1-10,text,true,,306,225,12,12,http://localhost:3001/auth/login,1,0,0
1775843381114,1,Login - POST /auth/login,200,OK,Usuarios - Login 1-3,text,true,,302,223,12,12,http://localhost:3001/auth/login,1,0,0
1775843381115,1,Login - POST /auth/login,200,OK,Usuarios - Login 1-2,text,true,,302,224,12,12,http://localhost:3001/auth/login,1,0,0
1775843381134,1,Login - POST /auth/login,200,OK,Usuarios - Login 1-1,text,true,,306,223,12,12,http://localhost:3001/auth/login,1,0,0
1775843381212,1,Login - POST /auth/login,200,OK,Usuarios - Login 1-8,text,true,,310,229,12,12,http://localhost:3001/auth/login,1,0,0
1775843381262,1,Login - POST /auth/login,200,OK,Usuarios - Login 1-7,text,true,,302,223,12,12,http://localhost:3001/auth/login,1,0,0
1775843381413,2,Login - POST /auth/login,200,OK,Usuarios - Login 1-13,text,true,,306,223,13,13,http://localhost:3001/auth/login,2,0,1
1775843381464,1,Login - POST /auth/login,200,OK,Usuarios - Login 1-9,text,true,,302,224,13,13,http://localhost:3001/auth/login,1,0,0
1775843381513,1,Login - POST /auth/login,200,OK,Usuarios - Login 1-6,text,true,,306,223,13,13,http://localhost:3001/auth/login,1,0,0
1775843381513,2,Login - POST /auth/login,200,OK,Usuarios - Login 1-4,text,true,,310,229,13,13,http://localhost:3001/auth/login,2,0,0
1775843381515,1,Login - POST /auth/login,200,OK,Usuarios - Login 1-5,text,true,,306,225,13,13,http://localhost:3001/auth/login,1,0,0
1775843381613,0,Login - POST /auth/login,200,OK,Usuarios - Login 1-12,text,true,,302,223,13,13,http://localhost:3001/auth/login,0,0,0
1775843381713,1,Login - POST /auth/login,200,OK,Usuarios - Login 1-11,text,true,,302,224,13,13,http://localhost:3001/auth/login,1,0,0
1775843381714,0,Login - POST /auth/login,200,OK,Usuarios - Login 1-10,text,true,,306,225,13,13,http://localhost:3001/auth/login,0,0,0
1775843381714,1,Login - POST /auth/login,200,OK,Usuarios - Login 1-3,text,true,,306,223,13,13,http://localhost:3001/auth/login,1,0,0
1775843381715,0,Login - POST /auth/login,200,OK,Usuarios - Login 1-2,text,true,,310,229,13,13,http://localhost:3001/auth/login,0,0,0
1775843381734,1,Login - POST /auth/login,200,OK,Usuarios - Login 1-1,text,true,,302,223,13,13,http://localhost:3001/auth/login,1,0,0
1775843381811,2,Login - POST /auth/login,200,OK,Usuarios - Login 1-8,text,true,,302,224,13,13,http://localhost:3001/auth/login,2,0,0
1775843381862,1,Login - POST /auth/login,200,OK,Usuarios - Login 1-7,text,true,,306,225,13,13,http://localhost:3001/auth/login,1,0,0
1775843382064,1,Login - POST /auth/login,200,OK,Usuarios - Login 1-13,text,true,,310,229,13,13,http://localhost:3001/auth/login,1,0,0
1775843382114,1,Login - POST /auth/login,200,OK,Usuarios - Login 1-9,text,true,,302,223,13,13,http://localhost:3001/auth/login,1,0,0
1775843382164,1,Login - POST /auth/login,200,OK,Usuarios - Login 1-5,text,true,,306,223,13,13,http://localhost:3001/auth/login,1,0,0
1775843382164,1,Login - POST /auth/login,200,OK,Usuarios - Login 1-4,text,true,,306,225,13,13,http://localhost:3001/auth/login,1,0,0
1775843382164,1,Login - POST /auth/login,200,OK,Usuarios - Login 1-6,text,true,,302,224,13,13,http://localhost:3001/auth/login,1,0,0
1775843382261,1,Login - POST /auth/login,200,OK,Usuarios - Login 1-12,text,true,,310,229,13,13,http://localhost:3001/auth/login,1,0,0
1775843382363,0,Login - POST /auth/login,200,OK,Usuarios - Login 1-11,text,true,,302,223,13,13,http://localhost:3001/auth/login,0,0,0
1775843382364,0,Login - POST /auth/login,200,OK,Usuarios - Login 1-3,text,true,,306,225,13,13,http://localhost:3001/auth/login,0,0,0
1775843382365,1,Login - POST /auth/login,200,OK,Usuarios - Login 1-10,text,true,,302,224,13,13,http://localhost:3001/auth/login,1,0,0
1775843382365,1,Login - POST /auth/login,200,OK,Usuarios - Login 1-2,text,true,,306,223,13,13,http://localhost:3001/auth/login,1,0,0
1775843382385,1,Login - POST /auth/login,200,OK,Usuarios - Login 1-1,text,true,,310,229,13,13,http://localhost:3001/auth/login,1,0,0
1775843382413,2,Login - POST /auth/login,200,OK,Usuarios - Login 1-14,text,true,,306,223,14,14,http://localhost:3001/auth/login,2,0,1
1775843382462,1,Login - POST /auth/login,200,OK,Usuarios - Login 1-8,text,true,,302,223,14,14,http://localhost:3001/auth/login,1,0,0
1775843382512,0,Login - POST /auth/login,200,OK,Usuarios - Login 1-7,text,true,,302,224,14,14,http://localhost:3001/auth/login,0,0,0
1775843382714,0,Login - POST /auth/login,200,OK,Usuarios - Login 1-13,text,true,,306,225,14,14,http://localhost:3001/auth/login,0,0,0
1775843382765,0,Login - POST /auth/login,200,OK,Usuarios - Login 1-9,text,true,,306,223,14,14,http://localhost:3001/auth/login,0,0,0
1775843382813,1,Login - POST /auth/login,200,OK,Usuarios - Login 1-6,text,true,,302,224,14,14,http://localhost:3001/auth/login,1,0,0
1775843382814,0,Login - POST /auth/login,200,OK,Usuarios - Login 1-4,text,true,,302,223,14,14,http://localhost:3001/auth/login,0,0,0
1775843382814,0,Login - POST /auth/login,200,OK,Usuarios - Login 1-5,text,true,,310,229,14,14,http://localhost:3001/auth/login,0,0,0
1775843382912,1,Login - POST /auth/login,200,OK,Usuarios - Login 1-12,text,true,,306,225,14,14,http://localhost:3001/auth/login,1,0,0
1775843383013,1,Login - POST /auth/login,200,OK,Usuarios - Login 1-11,text,true,,306,223,14,14,http://localhost:3001/auth/login,1,0,0
1775843383014,0,Login - POST /auth/login,200,OK,Usuarios - Login 1-10,text,true,,302,223,14,14,http://localhost:3001/auth/login,0,0,0
1775843383014,1,Login - POST /auth/login,200,OK,Usuarios - Login 1-3,text,true,,310,229,14,14,http://localhost:3001/auth/login,1,0,0
1775843383014,1,Login - POST /auth/login,200,OK,Usuarios - Login 1-2,text,true,,302,224,14,14,http://localhost:3001/auth/login,1,0,0
1775843383033,1,Login - POST /auth/login,200,OK,Usuarios - Login 1-1,text,true,,306,225,14,14,http://localhost:3001/auth/login,1,0,0
1775843383113,1,Login - POST /auth/login,200,OK,Usuarios - Login 1-14,text,true,,310,229,14,14,http://localhost:3001/auth/login,1,0,0
1775843383163,1,Login - POST /auth/login,200,OK,Usuarios - Login 1-8,text,true,,302,223,14,14,http://localhost:3001/auth/login,1,0,0
1775843383212,0,Login - POST /auth/login,200,OK,Usuarios - Login 1-7,text,true,,302,224,14,14,http://localhost:3001/auth/login,0,0,0
1775843383411,2,Login - POST /auth/login,200,OK,Usuarios - Login 1-15,text,true,,302,224,15,15,http://localhost:3001/auth/login,2,0,1
1775843383413,1,Login - POST /auth/login,200,OK,Usuarios - Login 1-13,text,true,,306,225,15,15,http://localhost:3001/auth/login,0,0,0
1775843383464,1,Login - POST /auth/login,200,OK,Usuarios - Login 1-9,text,true,,306,223,15,15,http://localhost:3001/auth/login,1,0,0
1775843383514,1,Login - POST /auth/login,200,OK,Usuarios - Login 1-5,text,true,,302,224,15,15,http://localhost:3001/auth/login,1,0,0
1775843383514,1,Login - POST /auth/login,200,OK,Usuarios - Login 1-4,text,true,,302,223,15,15,http://localhost:3001/auth/login,1,0,0
1775843383514,1,Login - POST /auth/login,200,OK,Usuarios - Login 1-6,text,true,,310,229,15,15,http://localhost:3001/auth/login,1,0,0
1775843383612,1,Login - POST /auth/login,200,OK,Usuarios - Login 1-12,text,true,,306,225,15,15,http://localhost:3001/auth/login,1,0,0
1775843383713,1,Login - POST /auth/login,200,OK,Usuarios - Login 1-11,text,true,,306,223,15,15,http://localhost:3001/auth/login,1,0,0
1775843383713,1,Login - POST /auth/login,200,OK,Usuarios - Login 1-3,text,true,,302,223,15,15,http://localhost:3001/auth/login,1,0,0
1775843383714,0,Login - POST /auth/login,200,OK,Usuarios - Login 1-10,text,true,,310,229,15,15,http://localhost:3001/auth/login,0,0,0
1775843383715,0,Login - POST /auth/login,200,OK,Usuarios - Login 1-2,text,true,,302,224,15,15,http://localhost:3001/auth/login,0,0,0
1775843383733,1,Login - POST /auth/login,200,OK,Usuarios - Login 1-1,text,true,,306,225,15,15,http://localhost:3001/auth/login,1,0,0
1775843383814,1,Login - POST /auth/login,200,OK,Usuarios - Login 1-14,text,true,,306,223,15,15,http://localhost:3001/auth/login,1,0,0
1775843383861,1,Login - POST /auth/login,200,OK,Usuarios - Login 1-8,text,true,,310,229,15,15,http://localhost:3001/auth/login,1,0,0
1775843383911,1,Login - POST /auth/login,200,OK,Usuarios - Login 1-7,text,true,,302,223,15,15,http://localhost:3001/auth/login,1,0,0
1775843384161,0,Login - POST /auth/login,200,OK,Usuarios - Login 1-15,text,true,,306,225,15,15,http://localhost:3001/auth/login,0,0,0
1775843384164,0,Login - POST /auth/login,200,OK,Usuarios - Login 1-13,text,true,,306,223,15,15,http://localhost:3001/auth/login,0,0,0
1775843384215,1,Login - POST /auth/login,200,OK,Usuarios - Login 1-9,text,true,,310,229,15,15,http://localhost:3001/auth/login,1,0,0
1775843384263,1,Login - POST /auth/login,200,OK,Usuarios - Login 1-5,text,true,,302,223,15,15,http://localhost:3001/auth/login,1,0,0
1775843384263,1,Login - POST /auth/login,200,OK,Usuarios - Login 1-4,text,true,,302,224,15,15,http://localhost:3001/auth/login,1,0,0
1775843384264,1,Login - POST /auth/login,200,OK,Usuarios - Login 1-6,text,true,,306,225,15,15,http://localhost:3001/auth/login,1,0,0
1775843384362,1,Login - POST /auth/login,200,OK,Usuarios - Login 1-12,text,true,,306,223,15,15,http://localhost:3001/auth/login,1,0,0
1775843384413,1,Login - POST /auth/login,200,OK,Usuarios - Login 1-16,text,true,,310,229,16,16,http://localhost:3001/auth/login,1,0,1
1775843384463,1,Login - POST /auth/login,200,OK,Usuarios - Login 1-11,text,true,,310,229,16,16,http://localhost:3001/auth/login,1,0,0
1775843384464,0,Login - POST /auth/login,200,OK,Usuarios - Login 1-3,text,true,,302,223,16,16,http://localhost:3001/auth/login,0,0,0
1775843384464,0,Login - POST /auth/login,200,OK,Usuarios - Login 1-10,text,true,,302,224,16,16,http://localhost:3001/auth/login,0,0,0
1775843384465,0,Login - POST /auth/login,200,OK,Usuarios - Login 1-2,text,true,,306,225,16,16,http://localhost:3001/auth/login,0,0,0
1775843384484,1,Login - POST /auth/login,200,OK,Usuarios - Login 1-1,text,true,,306,223,16,16,http://localhost:3001/auth/login,1,0,0
1775843384564,1,Login - POST /auth/login,200,OK,Usuarios - Login 1-14,text,true,,310,229,16,16,http://localhost:3001/auth/login,1,0,0
1775843384612,0,Login - POST /auth/login,200,OK,Usuarios - Login 1-8,text,true,,302,223,16,16,http://localhost:3001/auth/login,0,0,0
1775843384661,1,Login - POST /auth/login,200,OK,Usuarios - Login 1-7,text,true,,302,224,16,16,http://localhost:3001/auth/login,1,0,0
1775843384911,0,Login - POST /auth/login,200,OK,Usuarios - Login 1-15,text,true,,306,225,16,16,http://localhost:3001/auth/login,0,0,0
1775843384914,1,Login - POST /auth/login,200,OK,Usuarios - Login 1-13,text,true,,306,223,16,16,http://localhost:3001/auth/login,1,0,0
1775843384963,1,Login - POST /auth/login,200,OK,Usuarios - Login 1-9,text,true,,310,229,16,16,http://localhost:3001/auth/login,1,0,0
1775843385014,1,Login - POST /auth/login,200,OK,Usuarios - Login 1-5,text,true,,302,223,16,16,http://localhost:3001/auth/login,1,0,0
1775843385014,1,Login - POST /auth/login,200,OK,Usuarios - Login 1-4,text,true,,302,224,16,16,http://localhost:3001/auth/login,1,0,0
1775843385014,1,Login - POST /auth/login,200,OK,Usuarios - Login 1-6,text,true,,306,225,16,16,http://localhost:3001/auth/login,1,0,0
1775843385113,1,Login - POST /auth/login,200,OK,Usuarios - Login 1-12,text,true,,306,223,16,16,http://localhost:3001/auth/login,1,0,0
1775843385213,1,Login - POST /auth/login,200,OK,Usuarios - Login 1-16,text,true,,302,223,16,16,http://localhost:3001/auth/login,1,0,0
1775843385262,1,Login - POST /auth/login,200,OK,Usuarios - Login 1-11,text,true,,302,224,16,16,http://localhost:3001/auth/login,1,0,0
1775843385264,0,Login - POST /auth/login,200,OK,Usuarios - Login 1-10,text,true,,306,223,16,16,http://localhost:3001/auth/login,0,0,0
1775843385264,1,Login - POST /auth/login,200,OK,Usuarios - Login 1-3,text,true,,306,225,16,16,http://localhost:3001/auth/login,1,0,0
1775843385265,1,Login - POST /auth/login,200,OK,Usuarios - Login 1-2,text,true,,310,229,16,16,http://localhost:3001/auth/login,0,0,0
1775843385284,0,Login - POST /auth/login,200,OK,Usuarios - Login 1-1,text,true,,302,223,16,16,http://localhost:3001/auth/login,0,0,0
1775843385364,0,Login - POST /auth/login,200,OK,Usuarios - Login 1-14,text,true,,302,224,16,16,http://localhost:3001/auth/login,0,0,0
1775843385411,0,Login - POST /auth/login,200,OK,Usuarios - Login 1-8,text,true,,306,225,16,16,http://localhost:3001/auth/login,0,0,0
1775843385413,1,Login - POST /auth/login,200,OK,Usuarios - Login 1-17,text,true,,310,229,17,17,http://localhost:3001/auth/login,1,0,0
1775843385463,1,Login - POST /auth/login,200,OK,Usuarios - Login 1-7,text,true,,306,223,17,17,http://localhost:3001/auth/login,1,0,0
1775843385710,1,Login - POST /auth/login,200,OK,Usuarios - Login 1-15,text,true,,310,229,17,17,http://localhost:3001/auth/login,1,0,0
1775843385715,0,Login - POST /auth/login,200,OK,Usuarios - Login 1-13,text,true,,302,223,17,17,http://localhost:3001/auth/login,0,0,0
1775843385764,1,Login - POST /auth/login,200,OK,Usuarios - Login 1-9,text,true,,302,224,17,17,http://localhost:3001/auth/login,1,0,0
1775843385813,1,Login - POST /auth/login,200,OK,Usuarios - Login 1-4,text,true,,306,223,17,17,http://localhost:3001/auth/login,1,0,0
1775843385814,1,Login - POST /auth/login,200,OK,Usuarios - Login 1-5,text,true,,306,225,17,17,http://localhost:3001/auth/login,1,0,0
1775843385814,1,Login - POST /auth/login,200,OK,Usuarios - Login 1-6,text,true,,310,229,17,17,http://localhost:3001/auth/login,1,0,0
1775843385911,1,Login - POST /auth/login,200,OK,Usuarios - Login 1-12,text,true,,302,223,17,17,http://localhost:3001/auth/login,1,0,0
1775843386013,0,Login - POST /auth/login,200,OK,Usuarios - Login 1-16,text,true,,302,224,17,17,http://localhost:3001/auth/login,0,0,0
1775843386063,1,Login - POST /auth/login,200,OK,Usuarios - Login 1-11,text,true,,306,225,17,17,http://localhost:3001/auth/login,1,0,0
1775843386066,0,Login - POST /auth/login,200,OK,Usuarios - Login 1-3,text,true,,310,229,17,17,http://localhost:3001/auth/login,0,0,0
1775843386066,0,Login - POST /auth/login,200,OK,Usuarios - Login 1-2,text,true,,302,223,17,17,http://localhost:3001/auth/login,0,0,0
1775843386066,0,Login - POST /auth/login,200,OK,Usuarios - Login 1-10,text,true,,306,223,17,17,http://localhost:3001/auth/login,0,0,0
1775843386084,1,Login - POST /auth/login,200,OK,Usuarios - Login 1-1,text,true,,302,224,17,17,http://localhost:3001/auth/login,1,0,0
1775843386163,1,Login - POST /auth/login,200,OK,Usuarios - Login 1-14,text,true,,306,225,17,17,http://localhost:3001/auth/login,1,0,0
1775843386213,0,Login - POST /auth/login,200,OK,Usuarios - Login 1-8,text,true,,306,223,17,17,http://localhost:3001/auth/login,0,0,0
1775843386263,0,Login - POST /auth/login,200,OK,Usuarios - Login 1-17,text,true,,302,223,17,17,http://localhost:3001/auth/login,0,0,0
1775843386312,1,Login - POST /auth/login,200,OK,Usuarios - Login 1-7,text,true,,302,224,17,17,http://localhost:3001/auth/login,1,0,0
1775843386411,1,Login - POST /auth/login,200,OK,Usuarios - Login 1-18,text,true,,310,229,18,18,http://localhost:3001/auth/login,1,0,1
1775843386560,1,Login - POST /auth/login,200,OK,Usuarios - Login 1-15,text,true,,306,225,18,18,http://localhost:3001/auth/login,1,0,0
1775843386563,0,Login - POST /auth/login,200,OK,Usuarios - Login 1-13,text,true,,306,223,18,18,http://localhost:3001/auth/login,0,0,0
1775843386613,1,Login - POST /auth/login,200,OK,Usuarios - Login 1-9,text,true,,310,229,18,18,http://localhost:3001/auth/login,1,0,0
1775843386663,1,Login - POST /auth/login,200,OK,Usuarios - Login 1-5,text,true,,302,224,18,18,http://localhost:3001/auth/login,1,0,0
1775843386663,1,Login - POST /auth/login,200,OK,Usuarios - Login 1-4,text,true,,302,223,18,18,http://localhost:3001/auth/login,1,0,0
1775843386664,1,Login - POST /auth/login,200,OK,Usuarios - Login 1-6,text,true,,306,225,18,18,http://localhost:3001/auth/login,1,0,0
1775843386761,1,Login - POST /auth/login,200,OK,Usuarios - Login 1-12,text,true,,306,223,18,18,http://localhost:3001/auth/login,1,0,0
1775843386862,1,Login - POST /auth/login,200,OK,Usuarios - Login 1-16,text,true,,310,229,18,18,http://localhost:3001/auth/login,1,0,0
1775843386913,0,Login - POST /auth/login,200,OK,Usuarios - Login 1-11,text,true,,302,223,18,18,http://localhost:3001/auth/login,0,0,0
1775843386914,0,Login - POST /auth/login,200,OK,Usuarios - Login 1-3,text,true,,302,224,18,18,http://localhost:3001/auth/login,0,0,0
1775843386914,0,Login - POST /auth/login,200,OK,Usuarios - Login 1-10,text,true,,306,223,18,18,http://localhost:3001/auth/login,0,0,0
1775843386914,1,Login - POST /auth/login,200,OK,Usuarios - Login 1-2,text,true,,306,225,18,18,http://localhost:3001/auth/login,1,0,0
1775843386934,1,Login - POST /auth/login,200,OK,Usuarios - Login 1-1,text,true,,310,229,18,18,http://localhost:3001/auth/login,1,0,0
1775843387014,1,Login - POST /auth/login,200,OK,Usuarios - Login 1-14,text,true,,302,223,18,18,http://localhost:3001/auth/login,1,0,0
1775843387061,1,Login - POST /auth/login,200,OK,Usuarios - Login 1-8,text,true,,302,224,18,18,http://localhost:3001/auth/login,0,0,0
1775843387113,1,Login - POST /auth/login,200,OK,Usuarios - Login 1-17,text,true,,306,225,18,18,http://localhost:3001/auth/login,1,0,0
1775843387162,1,Login - POST /auth/login,200,OK,Usuarios - Login 1-7,text,true,,306,223,18,18,http://localhost:3001/auth/login,1,0,0
1775843387312,1,Login - POST /auth/login,200,OK,Usuarios - Login 1-18,text,true,,302,223,18,18,http://localhost:3001/auth/login,1,0,0
1775843387414,1,Login - POST /auth/login,200,OK,Usuarios - Login 1-19,text,true,,310,229,19,19,http://localhost:3001/auth/login,1,0,0
1775843387461,1,Login - POST /auth/login,200,OK,Usuarios - Login 1-15,text,true,,302,224,19,19,http://localhost:3001/auth/login,1,0,0
1775843387464,0,Login - POST /auth/login,200,OK,Usuarios - Login 1-13,text,true,,306,225,19,19,http://localhost:3001/auth/login,0,0,0
1775843387515,0,Login - POST /auth/login,200,OK,Usuarios - Login 1-9,text,true,,306,223,19,19,http://localhost:3001/auth/login,0,0,0
1775843387564,1,Login - POST /auth/login,200,OK,Usuarios - Login 1-4,text,true,,302,223,19,19,http://localhost:3001/auth/login,1,0,0
1775843387564,1,Login - POST /auth/login,200,OK,Usuarios - Login 1-5,text,true,,310,229,19,19,http://localhost:3001/auth/login,1,0,0
1775843387564,1,Login - POST /auth/login,200,OK,Usuarios - Login 1-6,text,true,,302,224,19,19,http://localhost:3001/auth/login,1,0,0
1775843387663,1,Login - POST /auth/login,200,OK,Usuarios - Login 1-12,text,true,,306,225,19,19,http://localhost:3001/auth/login,1,0,0
1775843387764,1,Login - POST /auth/login,200,OK,Usuarios - Login 1-16,text,true,,306,223,19,19,http://localhost:3001/auth/login,1,0,0
1775843387812,1,Login - POST /auth/login,200,OK,Usuarios - Login 1-11,text,true,,310,229,19,19,http://localhost:3001/auth/login,1,0,0
1775843387814,0,Login - POST /auth/login,200,OK,Usuarios - Login 1-10,text,true,,302,224,19,19,http://localhost:3001/auth/login,0,0,0
1775843387814,1,Login - POST /auth/login,200,OK,Usuarios - Login 1-3,text,true,,302,223,19,19,http://localhost:3001/auth/login,1,0,0
1775843387816,0,Login - POST /auth/login,200,OK,Usuarios - Login 1-2,text,true,,306,225,19,19,http://localhost:3001/auth/login,0,0,0
1775843387836,0,Login - POST /auth/login,200,OK,Usuarios - Login 1-1,text,true,,306,223,19,19,http://localhost:3001/auth/login,0,0,0
1775843387915,0,Login - POST /auth/login,200,OK,Usuarios - Login 1-14,text,true,,310,229,19,19,http://localhost:3001/auth/login,0,0,0
1775843387963,1,Login - POST /auth/login,200,OK,Usuarios - Login 1-8,text,true,,302,223,19,19,http://localhost:3001/auth/login,1,0,0
1775843388014,0,Login - POST /auth/login,200,OK,Usuarios - Login 1-17,text,true,,302,224,19,19,http://localhost:3001/auth/login,0,0,0
1775843388064,1,Login - POST /auth/login,200,OK,Usuarios - Login 1-7,text,true,,306,225,19,19,http://localhost:3001/auth/login,1,0,0
1775843388212,1,Login - POST /auth/login,200,OK,Usuarios - Login 1-18,text,true,,306,223,19,19,http://localhost:3001/auth/login,1,0,0
1775843388364,1,Login - POST /auth/login,200,OK,Usuarios - Login 1-19,text,true,,302,223,19,19,http://localhost:3001/auth/login,1,0,0
1775843388412,1,Login - POST /auth/login,200,OK,Usuarios - Login 1-15,text,true,,302,224,19,19,http://localhost:3001/auth/login,1,0,0
1775843388415,1,Login - POST /auth/login,200,OK,Usuarios - Login 1-13,text,true,,306,225,20,20,http://localhost:3001/auth/login,1,0,0
1775843388415,1,Login - POST /auth/login,200,OK,Usuarios - Login 1-20,text,true,,302,224,20,20,http://localhost:3001/auth/login,1,0,1
1775843388465,1,Login - POST /auth/login,200,OK,Usuarios - Login 1-9,text,true,,306,223,20,20,http://localhost:3001/auth/login,1,0,0
1775843388514,1,Login - POST /auth/login,200,OK,Usuarios - Login 1-4,text,true,,310,229,20,20,http://localhost:3001/auth/login,1,0,0
1775843388515,1,Login - POST /auth/login,200,OK,Usuarios - Login 1-5,text,true,,302,223,20,20,http://localhost:3001/auth/login,0,0,0
1775843388515,1,Login - POST /auth/login,200,OK,Usuarios - Login 1-6,text,true,,302,224,20,20,http://localhost:3001/auth/login,1,0,0
1775843388613,0,Login - POST /auth/login,200,OK,Usuarios - Login 1-12,text,true,,306,225,20,20,http://localhost:3001/auth/login,0,0,0
1775843388714,1,Login - POST /auth/login,200,OK,Usuarios - Login 1-16,text,true,,306,223,20,20,http://localhost:3001/auth/login,1,0,0
1775843388766,0,Login - POST /auth/login,200,OK,Usuarios - Login 1-11,text,true,,310,229,20,20,http://localhost:3001/auth/login,0,0,0
1775843388766,1,Login - POST /auth/login,200,OK,Usuarios - Login 1-10,text,true,,302,223,20,20,http://localhost:3001/auth/login,1,0,0
1775843388766,1,Login - POST /auth/login,200,OK,Usuarios - Login 1-3,text,true,,302,224,20,20,http://localhost:3001/auth/login,1,0,0
1775843388766,1,Login - POST /auth/login,200,OK,Usuarios - Login 1-2,text,true,,306,225,20,20,http://localhost:3001/auth/login,1,0,0
1775843388785,0,Login - POST /auth/login,200,OK,Usuarios - Login 1-1,text,true,,306,223,20,20,http://localhost:3001/auth/login,0,0,0
1775843388864,1,Login - POST /auth/login,200,OK,Usuarios - Login 1-14,text,true,,310,229,20,20,http://localhost:3001/auth/login,1,0,0
1775843388912,1,Login - POST /auth/login,200,OK,Usuarios - Login 1-8,text,true,,302,223,20,20,http://localhost:3001/auth/login,1,0,0
1775843388964,1,Login - POST /auth/login,200,OK,Usuarios - Login 1-17,text,true,,302,224,20,20,http://localhost:3001/auth/login,1,0,0
1775843389013,0,Login - POST /auth/login,200,OK,Usuarios - Login 1-7,text,true,,306,225,20,20,http://localhost:3001/auth/login,0,0,0
1775843389161,0,Login - POST /auth/login,200,OK,Usuarios - Login 1-18,text,true,,306,223,20,20,http://localhost:3001/auth/login,0,0,0
1775843389315,1,Login - POST /auth/login,200,OK,Usuarios - Login 1-19,text,true,,310,229,20,20,http://localhost:3001/auth/login,1,0,0
1775843389362,1,Login - POST /auth/login,200,OK,Usuarios - Login 1-15,text,true,,302,223,20,20,http://localhost:3001/auth/login,1,0,0
1775843389416,1,Login - POST /auth/login,200,OK,Usuarios - Login 1-13,text,true,,306,225,21,21,http://localhost:3001/auth/login,1,0,0
1775843389416,1,Login - POST /auth/login,200,OK,Usuarios - Login 1-20,text,true,,306,223,21,21,http://localhost:3001/auth/login,1,0,0
1775843389417,2,Login - POST /auth/login,200,OK,Usuarios - Login 1-21,text,true,,306,225,21,21,http://localhost:3001/auth/login,2,0,1
1775843389466,0,Login - POST /auth/login,200,OK,Usuarios - Login 1-9,text,true,,310,229,21,21,http://localhost:3001/auth/login,0,0,0
1775843389515,1,Login - POST /auth/login,200,OK,Usuarios - Login 1-5,text,true,,302,224,21,21,http://localhost:3001/auth/login,1,0,0
1775843389515,1,Login - POST /auth/login,200,OK,Usuarios - Login 1-4,text,true,,302,223,21,21,http://localhost:3001/auth/login,1,0,0
1775843389515,2,Login - POST /auth/login,200,OK,Usuarios - Login 1-6,text,true,,306,225,21,21,http://localhost:3001/auth/login,2,0,0
1775843389613,1,Login - POST /auth/login,200,OK,Usuarios - Login 1-12,text,true,,306,223,21,21,http://localhost:3001/auth/login,1,0,0
1775843389714,1,Login - POST /auth/login,200,OK,Usuarios - Login 1-16,text,true,,310,229,21,21,http://localhost:3001/auth/login,1,0,0
1775843389764,0,Login - POST /auth/login,200,OK,Usuarios - Login 1-11,text,true,,302,223,21,21,http://localhost:3001/auth/login,0,0,0
1775843389766,1,Login - POST /auth/login,200,OK,Usuarios - Login 1-2,text,true,,306,223,21,21,http://localhost:3001/auth/login,1,0,0
1775843389766,1,Login - POST /auth/login,200,OK,Usuarios - Login 1-3,text,true,,306,225,21,21,http://localhost:3001/auth/login,1,0,0
1775843389766,1,Login - POST /auth/login,200,OK,Usuarios - Login 1-10,text,true,,302,224,21,21,http://localhost:3001/auth/login,1,0,0
1775843389785,1,Login - POST /auth/login,200,OK,Usuarios - Login 1-1,text,true,,310,229,21,21,http://localhost:3001/auth/login,1,0,0
1775843389865,1,Login - POST /auth/login,200,OK,Usuarios - Login 1-14,text,true,,302,223,21,21,http://localhost:3001/auth/login,1,0,0
1775843389913,1,Login - POST /auth/login,200,OK,Usuarios - Login 1-8,text,true,,302,224,21,21,http://localhost:3001/auth/login,1,0,0
1775843389964,1,Login - POST /auth/login,200,OK,Usuarios - Login 1-17,text,true,,306,225,21,21,http://localhost:3001/auth/login,1,0,0
1775843390012,1,Login - POST /auth/login,200,OK,Usuarios - Login 1-7,text,true,,306,223,21,21,http://localhost:3001/auth/login,1,0,0
1775843390161,1,Login - POST /auth/login,200,OK,Usuarios - Login 1-18,text,true,,310,229,21,21,http://localhost:3001/auth/login,1,0,0
1775843390315,1,Login - POST /auth/login,200,OK,Usuarios - Login 1-19,text,true,,302,223,21,21,http://localhost:3001/auth/login,1,0,0
1775843390361,1,Login - POST /auth/login,200,OK,Usuarios - Login 1-15,text,true,,302,224,21,21,http://localhost:3001/auth/login,1,0,0
1775843390416,2,Login - POST /auth/login,200,OK,Usuarios - Login 1-22,text,true,,310,229,22,22,http://localhost:3001/auth/login,2,0,1
1775843390465,1,Login - POST /auth/login,200,OK,Usuarios - Login 1-13,text,true,,306,223,22,22,http://localhost:3001/auth/login,1,0,0
1775843390465,2,Login - POST /auth/login,200,OK,Usuarios - Login 1-20,text,true,,310,229,22,22,http://localhost:3001/auth/login,2,0,0
1775843390468,0,Login - POST /auth/login,200,OK,Usuarios - Login 1-21,text,true,,302,223,22,22,http://localhost:3001/auth/login,0,0,0
1775843390516,1,Login - POST /auth/login,200,OK,Usuarios - Login 1-9,text,true,,302,224,22,22,http://localhost:3001/auth/login,1,0,0
1775843390564,1,Login - POST /auth/login,200,OK,Usuarios - Login 1-6,text,true,,310,229,22,22,http://localhost:3001/auth/login,1,0,0
1775843390564,1,Login - POST /auth/login,200,OK,Usuarios - Login 1-4,text,true,,306,223,22,22,http://localhost:3001/auth/login,1,0,0
1775843390567,0,Login - POST /auth/login,200,OK,Usuarios - Login 1-5,text,true,,306,225,22,22,http://localhost:3001/auth/login,0,0,0
1775843390665,0,Login - POST /auth/login,200,OK,Usuarios - Login 1-12,text,true,,302,223,22,22,http://localhost:3001/auth/login,0,0,0
1775843390763,1,Login - POST /auth/login,200,OK,Usuarios - Login 1-16,text,true,,302,224,22,22,http://localhost:3001/auth/login,1,0,0
1775843390815,0,Login - POST /auth/login,200,OK,Usuarios - Login 1-10,text,true,,302,223,22,22,http://localhost:3001/auth/login,0,0,0
1775843390815,1,Login - POST /auth/login,200,OK,Usuarios - Login 1-3,text,true,,310,229,22,22,http://localhost:3001/auth/login,1,0,0
1775843390815,1,Login - POST /auth/login,200,OK,Usuarios - Login 1-11,text,true,,306,225,22,22,http://localhost:3001/auth/login,1,0,0
1775843390817,0,Login - POST /auth/login,200,OK,Usuarios - Login 1-2,text,true,,306,223,22,22,http://localhost:3001/auth/login,0,0,0
1775843390834,0,Login - POST /auth/login,200,OK,Usuarios - Login 1-1,text,true,,302,224,22,22,http://localhost:3001/auth/login,0,0,0
1775843390915,1,Login - POST /auth/login,200,OK,Usuarios - Login 1-14,text,true,,306,225,22,22,http://localhost:3001/auth/login,1,0,0
1775843390962,1,Login - POST /auth/login,200,OK,Usuarios - Login 1-8,text,true,,306,223,22,22,http://localhost:3001/auth/login,1,0,0
1775843391014,1,Login - POST /auth/login,200,OK,Usuarios - Login 1-17,text,true,,310,229,22,22,http://localhost:3001/auth/login,1,0,0
1775843391063,1,Login - POST /auth/login,200,OK,Usuarios - Login 1-7,text,true,,302,223,22,22,http://localhost:3001/auth/login,1,0,0
1775843391213,0,Login - POST /auth/login,200,OK,Usuarios - Login 1-18,text,true,,302,224,22,22,http://localhost:3001/auth/login,0,0,0
1775843391365,0,Login - POST /auth/login,200,OK,Usuarios - Login 1-19,text,true,,306,225,22,22,http://localhost:3001/auth/login,0,0,0
1775843391411,1,Login - POST /auth/login,200,OK,Usuarios - Login 1-15,text,true,,306,223,22,22,http://localhost:3001/auth/login,1,0,0
1775843391417,1,Login - POST /auth/login,200,OK,Usuarios - Login 1-23,text,true,,306,225,23,23,http://localhost:3001/auth/login,1,0,0
1775843391517,0,Login - POST /auth/login,200,OK,Usuarios - Login 1-22,text,true,,302,223,23,23,http://localhost:3001/auth/login,0,0,0
1775843391566,0,Login - POST /auth/login,200,OK,Usuarios - Login 1-13,text,true,,302,224,23,23,http://localhost:3001/auth/login,0,0,0
1775843391566,1,Login - POST /auth/login,200,OK,Usuarios - Login 1-20,text,true,,306,225,23,23,http://localhost:3001/auth/login,1,0,0
1775843391569,0,Login - POST /auth/login,200,OK,Usuarios - Login 1-21,text,true,,306,223,23,23,http://localhost:3001/auth/login,0,0,0
1775843391615,1,Login - POST /auth/login,200,OK,Usuarios - Login 1-9,text,true,,310,229,23,23,http://localhost:3001/auth/login,1,0,0
1775843391665,1,Login - POST /auth/login,200,OK,Usuarios - Login 1-5,text,true,,306,225,23,23,http://localhost:3001/auth/login,1,0,0
1775843391665,1,Login - POST /auth/login,200,OK,Usuarios - Login 1-4,text,true,,302,224,23,23,http://localhost:3001/auth/login,1,0,0
1775843391666,0,Login - POST /auth/login,200,OK,Usuarios - Login 1-6,text,true,,302,223,23,23,http://localhost:3001/auth/login,0,0,0
1775843391763,0,Login - POST /auth/login,200,OK,Usuarios - Login 1-12,text,true,,306,223,23,23,http://localhost:3001/auth/login,0,0,0
1775843391864,1,Login - POST /auth/login,200,OK,Usuarios - Login 1-16,text,true,,310,229,23,23,http://localhost:3001/auth/login,1,0,0
1775843391913,1,Login - POST /auth/login,200,OK,Usuarios - Login 1-11,text,true,,306,225,23,23,http://localhost:3001/auth/login,1,0,0
1775843391914,1,Login - POST /auth/login,200,OK,Usuarios - Login 1-10,text,true,,302,223,23,23,http://localhost:3001/auth/login,1,0,0
1775843391914,1,Login - POST /auth/login,200,OK,Usuarios - Login 1-3,text,true,,302,224,23,23,http://localhost:3001/auth/login,1,0,0
1775843391917,0,Login - POST /auth/login,200,OK,Usuarios - Login 1-2,text,true,,306,223,23,23,http://localhost:3001/auth/login,0,0,0
1775843391935,1,Login - POST /auth/login,200,OK,Usuarios - Login 1-1,text,true,,310,229,23,23,http://localhost:3001/auth/login,1,0,0
1775843392016,1,Login - POST /auth/login,200,OK,Usuarios - Login 1-14,text,true,,302,223,23,23,http://localhost:3001/auth/login,1,0,0
1775843392062,1,Login - POST /auth/login,200,OK,Usuarios - Login 1-8,text,true,,302,224,23,23,http://localhost:3001/auth/login,0,0,0
1775843392114,1,Login - POST /auth/login,200,OK,Usuarios - Login 1-17,text,true,,306,225,23,23,http://localhost:3001/auth/login,1,0,0
1775843392162,1,Login - POST /auth/login,200,OK,Usuarios - Login 1-7,text,true,,306,223,23,23,http://localhost:3001/auth/login,1,0,0
1775843392311,0,Login - POST /auth/login,200,OK,Usuarios - Login 1-18,text,true,,310,229,23,23,http://localhost:3001/auth/login,0,0,0
1775843392416,2,Login - POST /auth/login,200,OK,Usuarios - Login 1-24,text,true,,310,229,24,24,http://localhost:3001/auth/login,2,0,1
1775843392467,0,Login - POST /auth/login,200,OK,Usuarios - Login 1-19,text,true,,302,223,24,24,http://localhost:3001/auth/login,0,0,0
1775843392512,1,Login - POST /auth/login,200,OK,Usuarios - Login 1-15,text,true,,302,224,24,24,http://localhost:3001/auth/login,1,0,0
1775843392568,1,Login - POST /auth/login,200,OK,Usuarios - Login 1-23,text,true,,306,223,24,24,http://localhost:3001/auth/login,1,0,0
1775843392667,0,Login - POST /auth/login,200,OK,Usuarios - Login 1-22,text,true,,310,229,24,24,http://localhost:3001/auth/login,0,0,0
1775843392715,0,Login - POST /auth/login,200,OK,Usuarios - Login 1-20,text,true,,302,224,24,24,http://localhost:3001/auth/login,0,0,0
1775843392716,0,Login - POST /auth/login,200,OK,Usuarios - Login 1-13,text,true,,302,223,24,24,http://localhost:3001/auth/login,0,0,0
1775843392717,0,Login - POST /auth/login,200,OK,Usuarios - Login 1-21,text,true,,306,225,24,24,http://localhost:3001/auth/login,0,0,0
1775843392765,1,Login - POST /auth/login,200,OK,Usuarios - Login 1-9,text,true,,306,223,24,24,http://localhost:3001/auth/login,1,0,0
1775843392814,1,Login - POST /auth/login,200,OK,Usuarios - Login 1-4,text,true,,302,223,24,24,http://localhost:3001/auth/login,1,0,0
1775843392814,1,Login - POST /auth/login,200,OK,Usuarios - Login 1-5,text,true,,310,229,24,24,http://localhost:3001/auth/login,1,0,0
1775843392815,1,Login - POST /auth/login,200,OK,Usuarios - Login 1-6,text,true,,302,224,24,24,http://localhost:3001/auth/login,1,0,0
1775843392912,1,Login - POST /auth/login,200,OK,Usuarios - Login 1-12,text,true,,306,225,24,24,http://localhost:3001/auth/login,1,0,0
1775843393013,0,Login - POST /auth/login,200,OK,Usuarios - Login 1-16,text,true,,306,223,24,24,http://localhost:3001/auth/login,0,0,0
1775843393062,1,Login - POST /auth/login,200,OK,Usuarios - Login 1-11,text,true,,310,229,24,24,http://localhost:3001/auth/login,1,0,0
1775843393063,1,Login - POST /auth/login,200,OK,Usuarios - Login 1-10,text,true,,302,223,24,24,http://localhost:3001/auth/login,1,0,0
1775843393063,1,Login - POST /auth/login,200,OK,Usuarios - Login 1-3,text,true,,302,224,24,24,http://localhost:3001/auth/login,1,0,0
1775843393064,1,Login - POST /auth/login,200,OK,Usuarios - Login 1-2,text,true,,306,225,24,24,http://localhost:3001/auth/login,1,0,0
1775843393084,1,Login - POST /auth/login,200,OK,Usuarios - Login 1-1,text,true,,306,223,24,24,http://localhost:3001/auth/login,1,0,0
1775843393163,1,Login - POST /auth/login,200,OK,Usuarios - Login 1-14,text,true,,310,229,24,24,http://localhost:3001/auth/login,1,0,0
1775843393212,1,Login - POST /auth/login,200,OK,Usuarios - Login 1-8,text,true,,302,223,24,24,http://localhost:3001/auth/login,1,0,0
1775843393263,1,Login - POST /auth/login,200,OK,Usuarios - Login 1-17,text,true,,302,224,24,24,http://localhost:3001/auth/login,1,0,0
1775843393312,0,Login - POST /auth/login,200,OK,Usuarios - Login 1-7,text,true,,306,225,24,24,http://localhost:3001/auth/login,0,0,0
1775843393415,1,Login - POST /auth/login,200,OK,Usuarios - Login 1-25,text,true,,306,223,25,25,http://localhost:3001/auth/login,1,0,1
1775843393460,2,Login - POST /auth/login,200,OK,Usuarios - Login 1-18,text,true,,306,223,25,25,http://localhost:3001/auth/login,2,0,0
1775843393616,1,Login - POST /auth/login,200,OK,Usuarios - Login 1-24,text,true,,302,223,25,25,http://localhost:3001/auth/login,1,0,0
1775843393663,1,Login - POST /auth/login,200,OK,Usuarios - Login 1-19,text,true,,302,224,25,25,http://localhost:3001/auth/login,1,0,0
1775843393711,1,Login - POST /auth/login,200,OK,Usuarios - Login 1-15,text,true,,306,225,25,25,http://localhost:3001/auth/login,1,0,0
1775843393766,1,Login - POST /auth/login,200,OK,Usuarios - Login 1-23,text,true,,306,223,25,25,http://localhost:3001/auth/login,1,0,0
1775843393867,1,Login - POST /auth/login,200,OK,Usuarios - Login 1-22,text,true,,310,229,25,25,http://localhost:3001/auth/login,1,0,0
1775843393914,0,Login - POST /auth/login,200,OK,Usuarios - Login 1-13,text,true,,302,224,25,25,http://localhost:3001/auth/login,0,0,0
1775843393914,1,Login - POST /auth/login,200,OK,Usuarios - Login 1-20,text,true,,302,223,25,25,http://localhost:3001/auth/login,1,0,0
1775843393915,1,Login - POST /auth/login,200,OK,Usuarios - Login 1-21,text,true,,306,225,25,25,http://localhost:3001/auth/login,1,0,0
1775843393964,0,Login - POST /auth/login,200,OK,Usuarios - Login 1-9,text,true,,306,223,25,25,http://localhost:3001/auth/login,0,0,0
1775843394014,1,Login - POST /auth/login,200,OK,Usuarios - Login 1-4,text,true,,310,229,25,25,http://localhost:3001/auth/login,0,0,0
1775843394014,1,Login - POST /auth/login,200,OK,Usuarios - Login 1-5,text,true,,302,223,25,25,http://localhost:3001/auth/login,1,0,0
1775843394014,1,Login - POST /auth/login,200,OK,Usuarios - Login 1-6,text,true,,302,224,25,25,http://localhost:3001/auth/login,1,0,0
1775843394112,1,Login - POST /auth/login,200,OK,Usuarios - Login 1-12,text,true,,306,225,25,25,http://localhost:3001/auth/login,1,0,0
1775843394213,0,Login - POST /auth/login,200,OK,Usuarios - Login 1-16,text,true,,306,223,25,25,http://localhost:3001/auth/login,0,0,0
1775843394263,0,Login - POST /auth/login,200,OK,Usuarios - Login 1-11,text,true,,310,229,25,25,http://localhost:3001/auth/login,0,0,0
1775843394264,0,Login - POST /auth/login,200,OK,Usuarios - Login 1-3,text,true,,302,224,25,25,http://localhost:3001/auth/login,0,0,0
1775843394264,0,Login - POST /auth/login,200,OK,Usuarios - Login 1-10,text,true,,302,223,25,25,http://localhost:3001/auth/login,0,0,0
1775843394266,0,Login - POST /auth/login,200,OK,Usuarios - Login 1-2,text,true,,306,225,25,25,http://localhost:3001/auth/login,0,0,0
1775843394284,1,Login - POST /auth/login,200,OK,Usuarios - Login 1-1,text,true,,306,223,25,25,http://localhost:3001/auth/login,1,0,0
1775843394364,0,Login - POST /auth/login,200,OK,Usuarios - Login 1-14,text,true,,310,229,25,25,http://localhost:3001/auth/login,0,0,0
1775843394412,1,Login - POST /auth/login,200,OK,Usuarios - Login 1-8,text,true,,302,223,25,25,http://localhost:3001/auth/login,1,0,0
1775843394414,1,Login - POST /auth/login,200,OK,Usuarios - Login 1-26,text,true,,306,225,26,26,http://localhost:3001/auth/login,1,0,1
1775843394463,0,Login - POST /auth/login,200,OK,Usuarios - Login 1-17,text,true,,302,224,26,26,http://localhost:3001/auth/login,0,0,0
1775843394513,0,Login - POST /auth/login,200,OK,Usuarios - Login 1-7,text,true,,306,225,26,26,http://localhost:3001/auth/login,0,0,0
1775843394665,0,Login - POST /auth/login,200,OK,Usuarios - Login 1-25,text,true,,310,229,26,26,http://localhost:3001/auth/login,0,0,0
1775843394710,1,Login - POST /auth/login,200,OK,Usuarios - Login 1-18,text,true,,302,223,26,26,http://localhost:3001/auth/login,1,0,0
1775843394868,0,Login - POST /auth/login,200,OK,Usuarios - Login 1-24,text,true,,302,224,26,26,http://localhost:3001/auth/login,0,0,0
1775843394916,0,Login - POST /auth/login,200,OK,Usuarios - Login 1-19,text,true,,306,225,26,26,http://localhost:3001/auth/login,0,0,0
1775843394961,1,Login - POST /auth/login,200,OK,Usuarios - Login 1-15,text,true,,306,223,26,26,http://localhost:3001/auth/login,1,0,0
1775843395016,0,Login - POST /auth/login,200,OK,Usuarios - Login 1-23,text,true,,310,229,26,26,http://localhost:3001/auth/login,0,0,0
1775843395115,1,Login - POST /auth/login,200,OK,Usuarios - Login 1-22,text,true,,302,223,26,26,http://localhost:3001/auth/login,1,0,0
1775843395164,0,Login - POST /auth/login,200,OK,Usuarios - Login 1-13,text,true,,302,224,26,26,http://localhost:3001/auth/login,0,0,0
1775843395164,1,Login - POST /auth/login,200,OK,Usuarios - Login 1-20,text,true,,306,225,26,26,http://localhost:3001/auth/login,1,0,0
1775843395165,0,Login - POST /auth/login,200,OK,Usuarios - Login 1-21,text,true,,306,223,26,26,http://localhost:3001/auth/login,0,0,0
1775843395213,0,Login - POST /auth/login,200,OK,Usuarios - Login 1-9,text,true,,310,229,26,26,http://localhost:3001/auth/login,0,0,0
1775843395263,1,Login - POST /auth/login,200,OK,Usuarios - Login 1-5,text,true,,302,224,26,26,http://localhost:3001/auth/login,1,0,0
1775843395263,1,Login - POST /auth/login,200,OK,Usuarios - Login 1-6,text,true,,306,225,26,26,http://localhost:3001/auth/login,1,0,0
1775843395265,1,Login - POST /auth/login,200,OK,Usuarios - Login 1-4,text,true,,302,223,26,26,http://localhost:3001/auth/login,1,0,0
1775843395362,1,Login - POST /auth/login,200,OK,Usuarios - Login 1-12,text,true,,306,223,26,26,http://localhost:3001/auth/login,1,0,0
1775843395414,1,Login - POST /auth/login,200,OK,Usuarios - Login 1-27,text,true,,302,224,27,27,http://localhost:3001/auth/login,1,0,1
1775843395463,1,Login - POST /auth/login,200,OK,Usuarios - Login 1-16,text,true,,310,229,27,27,http://localhost:3001/auth/login,1,0,0
1775843395513,0,Login - POST /auth/login,200,OK,Usuarios - Login 1-11,text,true,,302,223,27,27,http://localhost:3001/auth/login,0,0,0
1775843395514,0,Login - POST /auth/login,200,OK,Usuarios - Login 1-3,text,true,,302,224,27,27,http://localhost:3001/auth/login,0,0,0
1775843395514,0,Login - POST /auth/login,200,OK,Usuarios - Login 1-10,text,true,,306,225,27,27,http://localhost:3001/auth/login,0,0,0
1775843395515,0,Login - POST /auth/login,200,OK,Usuarios - Login 1-2,text,true,,306,223,27,27,http://localhost:3001/auth/login,0,0,0
1775843395533,1,Login - POST /auth/login,200,OK,Usuarios - Login 1-1,text,true,,310,229,27,27,http://localhost:3001/auth/login,1,0,0
1775843395613,0,Login - POST /auth/login,200,OK,Usuarios - Login 1-14,text,true,,302,223,27,27,http://localhost:3001/auth/login,0,0,0
1775843395662,1,Login - POST /auth/login,200,OK,Usuarios - Login 1-8,text,true,,302,224,27,27,http://localhost:3001/auth/login,1,0,0
1775843395714,0,Login - POST /auth/login,200,OK,Usuarios - Login 1-26,text,true,,306,223,27,27,http://localhost:3001/auth/login,0,0,0
1775843395763,0,Login - POST /auth/login,200,OK,Usuarios - Login 1-17,text,true,,310,229,27,27,http://localhost:3001/auth/login,0,0,0
1775843395811,1,Login - POST /auth/login,200,OK,Usuarios - Login 1-7,text,true,,302,223,27,27,http://localhost:3001/auth/login,1,0,0
1775843395966,1,Login - POST /auth/login,200,OK,Usuarios - Login 1-25,text,true,,302,224,27,27,http://localhost:3001/auth/login,1,0,0
1775843396012,1,Login - POST /auth/login,200,OK,Usuarios - Login 1-18,text,true,,306,225,27,27,http://localhost:3001/auth/login,1,0,0
1775843396165,1,Login - POST /auth/login,200,OK,Usuarios - Login 1-24,text,true,,306,223,27,27,http://localhost:3001/auth/login,1,0,0
1775843396215,1,Login - POST /auth/login,200,OK,Usuarios - Login 1-19,text,true,,310,229,27,27,http://localhost:3001/auth/login,1,0,0
1775843396262,1,Login - POST /auth/login,200,OK,Usuarios - Login 1-15,text,true,,302,223,27,27,http://localhost:3001/auth/login,0,0,0
1775843396316,1,Login - POST /auth/login,200,OK,Usuarios - Login 1-23,text,true,,302,224,27,27,http://localhost:3001/auth/login,1,0,0
1775843396414,1,Login - POST /auth/login,200,OK,Usuarios - Login 1-22,text,true,,306,225,28,28,http://localhost:3001/auth/login,1,0,0
1775843396415,1,Login - POST /auth/login,200,OK,Usuarios - Login 1-28,text,true,,302,223,28,28,http://localhost:3001/auth/login,1,0,0
1775843396464,0,Login - POST /auth/login,200,OK,Usuarios - Login 1-13,text,true,,306,223,28,28,http://localhost:3001/auth/login,0,0,0
1775843396464,1,Login - POST /auth/login,200,OK,Usuarios - Login 1-20,text,true,,310,229,28,28,http://localhost:3001/auth/login,1,0,0
1775843396466,0,Login - POST /auth/login,200,OK,Usuarios - Login 1-21,text,true,,302,223,28,28,http://localhost:3001/auth/login,0,0,0
1775843396513,1,Login - POST /auth/login,200,OK,Usuarios - Login 1-9,text,true,,302,224,28,28,http://localhost:3001/auth/login,1,0,0
1775843396563,1,Login - POST /auth/login,200,OK,Usuarios - Login 1-6,text,true,,306,223,28,28,http://localhost:3001/auth/login,1,0,0
1775843396563,1,Login - POST /auth/login,200,OK,Usuarios - Login 1-4,text,true,,310,229,28,28,http://localhost:3001/auth/login,1,0,0
1775843396565,0,Login - POST /auth/login,200,OK,Usuarios - Login 1-5,text,true,,306,225,28,28,http://localhost:3001/auth/login,0,0,0
1775843396662,0,Login - POST /auth/login,200,OK,Usuarios - Login 1-12,text,true,,302,223,28,28,http://localhost:3001/auth/login,0,0,0
1775843396764,1,Login - POST /auth/login,200,OK,Usuarios - Login 1-27,text,true,,306,225,28,28,http://localhost:3001/auth/login,1,0,0
1775843396813,1,Login - POST /auth/login,200,OK,Usuarios - Login 1-16,text,true,,306,223,28,28,http://localhost:3001/auth/login,1,0,0
1775843396863,1,Login - POST /auth/login,200,OK,Usuarios - Login 1-11,text,true,,310,229,28,28,http://localhost:3001/auth/login,1,0,0
1775843396864,0,Login - POST /auth/login,200,OK,Usuarios - Login 1-10,text,true,,302,224,28,28,http://localhost:3001/auth/login,0,0,0
1775843396864,1,Login - POST /auth/login,200,OK,Usuarios - Login 1-2,text,true,,306,225,28,28,http://localhost:3001/auth/login,1,0,0
1775843396864,1,Login - POST /auth/login,200,OK,Usuarios - Login 1-3,text,true,,302,223,28,28,http://localhost:3001/auth/login,1,0,0
1775843396884,1,Login - POST /auth/login,200,OK,Usuarios - Login 1-1,text,true,,306,223,28,28,http://localhost:3001/auth/login,1,0,0
1775843396964,1,Login - POST /auth/login,200,OK,Usuarios - Login 1-14,text,true,,310,229,28,28,http://localhost:3001/auth/login,1,0,0
1775843397013,1,Login - POST /auth/login,200,OK,Usuarios - Login 1-8,text,true,,302,223,28,28,http://localhost:3001/auth/login,1,0,0
1775843397064,1,Login - POST /auth/login,200,OK,Usuarios - Login 1-26,text,true,,302,224,28,28,http://localhost:3001/auth/login,1,0,0
1775843397113,1,Login - POST /auth/login,200,OK,Usuarios - Login 1-17,text,true,,306,225,28,28,http://localhost:3001/auth/login,0,0,0
1775843397161,1,Login - POST /auth/login,200,OK,Usuarios - Login 1-7,text,true,,306,223,28,28,http://localhost:3001/auth/login,1,0,0
1775843397317,0,Login - POST /auth/login,200,OK,Usuarios - Login 1-25,text,true,,310,229,28,28,http://localhost:3001/auth/login,0,0,0
1775843397362,1,Login - POST /auth/login,200,OK,Usuarios - Login 1-18,text,true,,302,223,28,28,http://localhost:3001/auth/login,1,0,0
1775843397413,2,Login - POST /auth/login,200,OK,Usuarios - Login 1-29,text,true,,302,223,29,29,http://localhost:3001/auth/login,2,0,1
1775843397516,0,Login - POST /auth/login,200,OK,Usuarios - Login 1-24,text,true,,302,224,29,29,http://localhost:3001/auth/login,0,0,0
1775843397565,1,Login - POST /auth/login,200,OK,Usuarios - Login 1-19,text,true,,306,225,29,29,http://localhost:3001/auth/login,1,0,0
1775843397611,1,Login - POST /auth/login,200,OK,Usuarios - Login 1-15,text,true,,306,223,29,29,http://localhost:3001/auth/login,1,0,0
1775843397667,0,Login - POST /auth/login,200,OK,Usuarios - Login 1-23,text,true,,310,229,29,29,http://localhost:3001/auth/login,0,0,0
1775843397815,1,Login - POST /auth/login,200,OK,Usuarios - Login 1-28,text,true,,306,225,29,29,http://localhost:3001/auth/login,1,0,0
1775843397815,1,Login - POST /auth/login,200,OK,Usuarios - Login 1-22,text,true,,302,224,29,29,http://localhost:3001/auth/login,1,0,0
1775843397865,1,Login - POST /auth/login,200,OK,Usuarios - Login 1-13,text,true,,306,223,29,29,http://localhost:3001/auth/login,1,0,0
1775843397865,1,Login - POST /auth/login,200,OK,Usuarios - Login 1-20,text,true,,310,229,29,29,http://localhost:3001/auth/login,1,0,0
1775843397867,0,Login - POST /auth/login,200,OK,Usuarios - Login 1-21,text,true,,302,223,29,29,http://localhost:3001/auth/login,0,0,0
1775843397914,0,Login - POST /auth/login,200,OK,Usuarios - Login 1-9,text,true,,302,224,29,29,http://localhost:3001/auth/login,0,0,0
1775843397965,1,Login - POST /auth/login,200,OK,Usuarios - Login 1-5,text,true,,310,229,29,29,http://localhost:3001/auth/login,1,0,0
1775843397965,1,Login - POST /auth/login,200,OK,Usuarios - Login 1-4,text,true,,306,223,29,29,http://localhost:3001/auth/login,1,0,0
1775843397965,1,Login - POST /auth/login,200,OK,Usuarios - Login 1-6,text,true,,306,225,29,29,http://localhost:3001/auth/login,1,0,0
1775843398063,0,Login - POST /auth/login,200,OK,Usuarios - Login 1-12,text,true,,302,223,29,29,http://localhost:3001/auth/login,0,0,0
1775843398165,0,Login - POST /auth/login,200,OK,Usuarios - Login 1-27,text,true,,302,224,29,29,http://localhost:3001/auth/login,0,0,0
1775843398214,0,Login - POST /auth/login,200,OK,Usuarios - Login 1-16,text,true,,306,225,29,29,http://localhost:3001/auth/login,0,0,0
1775843398264,0,Login - POST /auth/login,200,OK,Usuarios - Login 1-11,text,true,,306,223,29,29,http://localhost:3001/auth/login,0,0,0
1775843398265,0,Login - POST /auth/login,200,OK,Usuarios - Login 1-10,text,true,,310,229,29,29,http://localhost:3001/auth/login,0,0,0
1775843398266,0,Login - POST /auth/login,200,OK,Usuarios - Login 1-2,text,true,,302,223,29,29,http://localhost:3001/auth/login,0,0,0
1775843398266,0,Login - POST /auth/login,200,OK,Usuarios - Login 1-3,text,true,,302,224,29,29,http://localhost:3001/auth/login,0,0,0
1775843398284,1,Login - POST /auth/login,200,OK,Usuarios - Login 1-1,text,true,,306,225,29,29,http://localhost:3001/auth/login,1,0,0
1775843398364,1,Login - POST /auth/login,200,OK,Usuarios - Login 1-14,text,true,,306,223,29,29,http://localhost:3001/auth/login,1,0,0
1775843398414,1,Login - POST /auth/login,200,OK,Usuarios - Login 1-8,text,true,,310,229,30,30,http://localhost:3001/auth/login,1,0,0
1775843398415,1,Login - POST /auth/login,200,OK,Usuarios - Login 1-30,text,true,,310,229,30,30,http://localhost:3001/auth/login,1,0,1
1775843398466,1,Login - POST /auth/login,200,OK,Usuarios - Login 1-26,text,true,,302,223,30,30,http://localhost:3001/auth/login,1,0,0
1775843398513,1,Login - POST /auth/login,200,OK,Usuarios - Login 1-17,text,true,,302,224,30,30,http://localhost:3001/auth/login,1,0,0
1775843398563,0,Login - POST /auth/login,200,OK,Usuarios - Login 1-7,text,true,,306,225,30,30,http://localhost:3001/auth/login,0,0,0
1775843398717,0,Login - POST /auth/login,200,OK,Usuarios - Login 1-25,text,true,,306,223,30,30,http://localhost:3001/auth/login,0,0,0
1775843398763,1,Login - POST /auth/login,200,OK,Usuarios - Login 1-18,text,true,,310,229,30,30,http://localhost:3001/auth/login,1,0,0
1775843398864,1,Login - POST /auth/login,200,OK,Usuarios - Login 1-29,text,true,,302,224,30,30,http://localhost:3001/auth/login,1,0,0
1775843398967,0,Login - POST /auth/login,200,OK,Usuarios - Login 1-24,text,true,,306,225,30,30,http://localhost:3001/auth/login,0,0,0
1775843399015,0,Login - POST /auth/login,200,OK,Usuarios - Login 1-19,text,true,,306,223,30,30,http://localhost:3001/auth/login,0,0,0
1775843399063,1,Login - POST /auth/login,200,OK,Usuarios - Login 1-15,text,true,,310,229,30,30,http://localhost:3001/auth/login,1,0,0
1775843399117,1,Login - POST /auth/login,200,OK,Usuarios - Login 1-23,text,true,,302,223,30,30,http://localhost:3001/auth/login,1,0,0
1775843399266,1,Login - POST /auth/login,200,OK,Usuarios - Login 1-28,text,true,,302,224,30,30,http://localhost:3001/auth/login,1,0,0
1775843399266,1,Login - POST /auth/login,200,OK,Usuarios - Login 1-22,text,true,,306,225,30,30,http://localhost:3001/auth/login,1,0,0
1775843399315,1,Login - POST /auth/login,200,OK,Usuarios - Login 1-13,text,true,,306,223,30,30,http://localhost:3001/auth/login,1,0,0
1775843399315,1,Login - POST /auth/login,200,OK,Usuarios - Login 1-20,text,true,,310,229,30,30,http://localhost:3001/auth/login,1,0,0
1775843399317,0,Login - POST /auth/login,200,OK,Usuarios - Login 1-21,text,true,,302,223,30,30,http://localhost:3001/auth/login,0,0,0
1775843399365,1,Login - POST /auth/login,200,OK,Usuarios - Login 1-9,text,true,,302,224,30,30,http://localhost:3001/auth/login,1,0,0
1775843399415,0,Login - POST /auth/login,200,OK,Usuarios - Login 1-6,text,true,,310,229,30,30,http://localhost:3001/auth/login,0,0,0
1775843399415,0,Login - POST /auth/login,200,OK,Usuarios - Login 1-4,text,true,,306,223,30,30,http://localhost:3001/auth/login,0,0,0
1775843399416,0,Login - POST /auth/login,200,OK,Usuarios - Login 1-5,text,true,,306,225,30,30,http://localhost:3001/auth/login,0,0,0
1775843399513,1,Login - POST /auth/login,200,OK,Usuarios - Login 1-12,text,true,,302,223,30,30,http://localhost:3001/auth/login,1,0,0
1775843399614,1,Login - POST /auth/login,200,OK,Usuarios - Login 1-27,text,true,,302,224,30,30,http://localhost:3001/auth/login,1,0,0
1775843399664,1,Login - POST /auth/login,200,OK,Usuarios - Login 1-16,text,true,,306,225,30,30,http://localhost:3001/auth/login,1,0,0
1775843399715,0,Login - POST /auth/login,200,OK,Usuarios - Login 1-10,text,true,,310,229,30,30,http://localhost:3001/auth/login,0,0,0
1775843399715,1,Login - POST /auth/login,200,OK,Usuarios - Login 1-11,text,true,,306,223,30,30,http://localhost:3001/auth/login,1,0,0
1775843399715,1,Login - POST /auth/login,200,OK,Usuarios - Login 1-3,text,true,,302,224,30,30,http://localhost:3001/auth/login,1,0,0
1775843399716,0,Login - POST /auth/login,200,OK,Usuarios - Login 1-2,text,true,,302,223,30,30,http://localhost:3001/auth/login,0,0,0
1775843399736,0,Login - POST /auth/login,200,OK,Usuarios - Login 1-1,text,true,,306,225,30,30,http://localhost:3001/auth/login,0,0,0
1775843399815,1,Login - POST /auth/login,200,OK,Usuarios - Login 1-14,text,true,,306,223,30,30,http://localhost:3001/auth/login,1,0,0
1775843399915,1,Login - POST /auth/login,200,OK,Usuarios - Login 1-8,text,true,,302,223,30,30,http://localhost:3001/auth/login,1,0,0
1775843399915,1,Login - POST /auth/login,200,OK,Usuarios - Login 1-30,text,true,,302,224,30,30,http://localhost:3001/auth/login,1,0,0
1775843399965,1,Login - POST /auth/login,200,OK,Usuarios - Login 1-26,text,true,,306,225,30,30,http://localhost:3001/auth/login,1,0,0
1775843400015,0,Login - POST /auth/login,200,OK,Usuarios - Login 1-17,text,true,,306,223,30,30,http://localhost:3001/auth/login,0,0,0
1775843400063,0,Login - POST /auth/login,200,OK,Usuarios - Login 1-7,text,true,,310,229,30,30,http://localhost:3001/auth/login,0,0,0
1775843400216,1,Login - POST /auth/login,200,OK,Usuarios - Login 1-25,text,true,,302,223,30,30,http://localhost:3001/auth/login,1,0,0
1775843400262,1,Login - POST /auth/login,200,OK,Usuarios - Login 1-18,text,true,,302,224,30,30,http://localhost:3001/auth/login,1,0,0
1775843400365,1,Login - POST /auth/login,200,OK,Usuarios - Login 1-29,text,true,,306,225,30,30,http://localhost:3001/auth/login,1,0,0
1775843400467,1,Login - POST /auth/login,200,OK,Usuarios - Login 1-24,text,true,,306,223,30,30,http://localhost:3001/auth/login,1,0,0
1775843400516,0,Login - POST /auth/login,200,OK,Usuarios - Login 1-19,text,true,,310,229,30,30,http://localhost:3001/auth/login,0,0,0
1775843400562,1,Login - POST /auth/login,200,OK,Usuarios - Login 1-15,text,true,,302,223,30,30,http://localhost:3001/auth/login,1,0,0
1775843400617,1,Login - POST /auth/login,200,OK,Usuarios - Login 1-23,text,true,,302,224,30,30,http://localhost:3001/auth/login,1,0,0
1775843400766,0,Login - POST /auth/login,200,OK,Usuarios - Login 1-28,text,true,,306,225,30,30,http://localhost:3001/auth/login,0,0,0
1775843400767,0,Login - POST /auth/login,200,OK,Usuarios - Login 1-22,text,true,,306,223,30,30,http://localhost:3001/auth/login,0,0,0
1775843400815,0,Login - POST /auth/login,200,OK,Usuarios - Login 1-13,text,true,,310,229,30,30,http://localhost:3001/auth/login,0,0,0
1775843400815,1,Login - POST /auth/login,200,OK,Usuarios - Login 1-20,text,true,,302,223,30,30,http://localhost:3001/auth/login,1,0,0
1775843400817,0,Login - POST /auth/login,200,OK,Usuarios - Login 1-21,text,true,,302,224,30,30,http://localhost:3001/auth/login,0,0,0
1775843400865,0,Login - POST /auth/login,200,OK,Usuarios - Login 1-9,text,true,,306,225,30,30,http://localhost:3001/auth/login,0,0,0
1775843400916,1,Login - POST /auth/login,200,OK,Usuarios - Login 1-5,text,true,,302,223,30,30,http://localhost:3001/auth/login,1,0,0
1775843400916,1,Login - POST /auth/login,200,OK,Usuarios - Login 1-4,text,true,,310,229,30,30,http://localhost:3001/auth/login,1,0,0
1775843400916,1,Login - POST /auth/login,200,OK,Usuarios - Login 1-6,text,true,,306,223,30,30,http://localhost:3001/auth/login,1,0,0
1775843401013,1,Login - POST /auth/login,200,OK,Usuarios - Login 1-12,text,true,,302,224,30,30,http://localhost:3001/auth/login,1,0,0
1775843401115,1,Login - POST /auth/login,200,OK,Usuarios - Login 1-27,text,true,,306,225,30,30,http://localhost:3001/auth/login,1,0,0
1775843401164,1,Login - POST /auth/login,200,OK,Usuarios - Login 1-16,text,true,,306,223,30,30,http://localhost:3001/auth/login,1,0,0
1775843401214,1,Login - POST /auth/login,200,OK,Usuarios - Login 1-11,text,true,,302,223,30,30,http://localhost:3001/auth/login,1,0,0
1775843401215,0,Login - POST /auth/login,200,OK,Usuarios - Login 1-3,text,true,,302,224,30,30,http://localhost:3001/auth/login,0,0,0
1775843401216,0,Login - POST /auth/login,200,OK,Usuarios - Login 1-10,text,true,,310,229,30,30,http://localhost:3001/auth/login,0,0,0
1775843401216,0,Login - POST /auth/login,200,OK,Usuarios - Login 1-2,text,true,,306,225,30,30,http://localhost:3001/auth/login,0,0,0
1775843401234,1,Login - POST /auth/login,200,OK,Usuarios - Login 1-1,text,true,,306,223,30,30,http://localhost:3001/auth/login,1,0,0
1775843401316,0,Login - POST /auth/login,200,OK,Usuarios - Login 1-14,text,true,,310,229,30,30,http://localhost:3001/auth/login,0,0,0
1775843401414,1,Login - POST /auth/login,200,OK,Usuarios - Login 1-8,text,true,,302,223,30,30,http://localhost:3001/auth/login,1,0,0
1775843401414,1,Login - POST /auth/login,200,OK,Usuarios - Login 1-30,text,true,,302,224,30,30,http://localhost:3001/auth/login,1,0,0
1775843401465,0,Login - POST /auth/login,200,OK,Usuarios - Login 1-26,text,true,,306,225,30,30,http://localhost:3001/auth/login,0,0,0
1775843401513,1,Login - POST /auth/login,200,OK,Usuarios - Login 1-17,text,true,,306,223,30,30,http://localhost:3001/auth/login,1,0,0
1775843401564,1,Login - POST /auth/login,200,OK,Usuarios - Login 1-7,text,true,,310,229,30,30,http://localhost:3001/auth/login,1,0,0
1775843401718,0,Login - POST /auth/login,200,OK,Usuarios - Login 1-25,text,true,,302,223,30,30,http://localhost:3001/auth/login,0,0,0
1775843401762,0,Login - POST /auth/login,200,OK,Usuarios - Login 1-18,text,true,,302,224,30,30,http://localhost:3001/auth/login,0,0,0
1775843401865,1,Login - POST /auth/login,200,OK,Usuarios - Login 1-29,text,true,,306,225,30,30,http://localhost:3001/auth/login,1,0,0
1775843401966,1,Login - POST /auth/login,200,OK,Usuarios - Login 1-24,text,true,,306,223,30,30,http://localhost:3001/auth/login,1,0,0
1775843402015,0,Login - POST /auth/login,200,OK,Usuarios - Login 1-19,text,true,,310,229,30,30,http://localhost:3001/auth/login,0,0,0
1775843402062,0,Login - POST /auth/login,200,OK,Usuarios - Login 1-15,text,true,,302,223,30,30,http://localhost:3001/auth/login,0,0,0
1775843402118,1,Login - POST /auth/login,200,OK,Usuarios - Login 1-23,text,true,,302,224,30,30,http://localhost:3001/auth/login,1,0,0
1775843402266,0,Login - POST /auth/login,200,OK,Usuarios - Login 1-28,text,true,,306,225,30,30,http://localhost:3001/auth/login,0,0,0
1775843402266,1,Login - POST /auth/login,200,OK,Usuarios - Login 1-22,text,true,,306,223,30,30,http://localhost:3001/auth/login,1,0,0
1775843402315,0,Login - POST /auth/login,200,OK,Usuarios - Login 1-13,text,true,,310,229,30,30,http://localhost:3001/auth/login,0,0,0
1775843402315,1,Login - POST /auth/login,200,OK,Usuarios - Login 1-20,text,true,,302,223,30,30,http://localhost:3001/auth/login,1,0,0
1775843402317,0,Login - POST /auth/login,200,OK,Usuarios - Login 1-21,text,true,,302,224,30,30,http://localhost:3001/auth/login,0,0,0
1775843402365,1,Login - POST /auth/login,200,OK,Usuarios - Login 1-9,text,true,,306,225,30,30,http://localhost:3001/auth/login,1,0,0
1775843402416,0,Login - POST /auth/login,200,OK,Usuarios - Login 1-5,text,true,,306,223,30,30,http://localhost:3001/auth/login,0,0,0
1775843402416,0,Login - POST /auth/login,200,OK,Usuarios - Login 1-4,text,true,,310,229,30,30,http://localhost:3001/auth/login,0,0,0
1775843402416,1,Login - POST /auth/login,200,OK,Usuarios - Login 1-6,text,true,,302,223,30,30,http://localhost:3001/auth/login,1,0,0
1775843402514,1,Login - POST /auth/login,200,OK,Usuarios - Login 1-12,text,true,,302,224,30,30,http://localhost:3001/auth/login,1,0,0
1775843402615,1,Login - POST /auth/login,200,OK,Usuarios - Login 1-27,text,true,,306,225,30,30,http://localhost:3001/auth/login,1,0,0
1775843402664,1,Login - POST /auth/login,200,OK,Usuarios - Login 1-16,text,true,,306,223,30,30,http://localhost:3001/auth/login,1,0,0
1775843402715,1,Login - POST /auth/login,200,OK,Usuarios - Login 1-3,text,true,,302,223,30,30,http://localhost:3001/auth/login,1,0,0
1775843402715,1,Login - POST /auth/login,200,OK,Usuarios - Login 1-11,text,true,,310,229,30,30,http://localhost:3001/auth/login,1,0,0
1775843402715,1,Login - POST /auth/login,200,OK,Usuarios - Login 1-10,text,true,,302,224,30,30,http://localhost:3001/auth/login,1,0,0
1775843402716,1,Login - POST /auth/login,200,OK,Usuarios - Login 1-2,text,true,,306,225,30,30,http://localhost:3001/auth/login,0,0,0
1775843402734,0,Login - POST /auth/login,200,OK,Usuarios - Login 1-1,text,true,,306,223,30,30,http://localhost:3001/auth/login,0,0,0
1775843402815,1,Login - POST /auth/login,200,OK,Usuarios - Login 1-14,text,true,,310,229,30,30,http://localhost:3001/auth/login,1,0,0
1775843402912,0,Login - POST /auth/login,200,OK,Usuarios - Login 1-8,text,true,,302,223,30,30,http://localhost:3001/auth/login,0,0,0
1775843402914,1,Login - POST /auth/login,200,OK,Usuarios - Login 1-30,text,true,,302,224,30,30,http://localhost:3001/auth/login,1,0,0
1775843402963,1,Login - POST /auth/login,200,OK,Usuarios - Login 1-26,text,true,,306,225,30,30,http://localhost:3001/auth/login,1,0,0
1775843403013,1,Login - POST /auth/login,200,OK,Usuarios - Login 1-17,text,true,,306,223,30,30,http://localhost:3001/auth/login,1,0,0
1775843403062,0,Login - POST /auth/login,200,OK,Usuarios - Login 1-7,text,true,,310,229,30,30,http://localhost:3001/auth/login,0,0,0
1775843403215,1,Login - POST /auth/login,200,OK,Usuarios - Login 1-25,text,true,,302,223,30,30,http://localhost:3001/auth/login,1,0,0
1775843403260,0,Login - POST /auth/login,200,OK,Usuarios - Login 1-18,text,true,,302,224,30,30,http://localhost:3001/auth/login,0,0,0
1775843403364,0,Login - POST /auth/login,200,OK,Usuarios - Login 1-29,text,true,,306,225,30,30,http://localhost:3001/auth/login,0,0,0
1775843403465,1,Login - POST /auth/login,200,OK,Usuarios - Login 1-24,text,true,,306,223,30,30,http://localhost:3001/auth/login,1,0,0
1775843403514,1,Login - POST /auth/login,200,OK,Usuarios - Login 1-19,text,true,,310,229,30,30,http://localhost:3001/auth/login,1,0,0
1775843403560,1,Login - POST /auth/login,200,OK,Usuarios - Login 1-15,text,true,,302,223,30,30,http://localhost:3001/auth/login,1,0,0
1775843403618,0,Login - POST /auth/login,200,OK,Usuarios - Login 1-23,text,true,,302,224,30,30,http://localhost:3001/auth/login,0,0,0
1775843403765,0,Login - POST /auth/login,200,OK,Usuarios - Login 1-28,text,true,,306,225,30,30,http://localhost:3001/auth/login,0,0,0
1775843403765,1,Login - POST /auth/login,200,OK,Usuarios - Login 1-22,text,true,,306,223,30,30,http://localhost:3001/auth/login,1,0,0
1775843403813,0,Login - POST /auth/login,200,OK,Usuarios - Login 1-20,text,true,,302,223,30,30,http://localhost:3001/auth/login,0,0,0
1775843403814,0,Login - POST /auth/login,200,OK,Usuarios - Login 1-13,text,true,,310,229,30,30,http://localhost:3001/auth/login,0,0,0
1775843403816,0,Login - POST /auth/login,200,OK,Usuarios - Login 1-21,text,true,,302,224,30,30,http://localhost:3001/auth/login,0,0,0
1775843403865,1,Login - POST /auth/login,200,OK,Usuarios - Login 1-9,text,true,,306,225,30,30,http://localhost:3001/auth/login,1,0,0
1775843403916,0,Login - POST /auth/login,200,OK,Usuarios - Login 1-5,text,true,,306,223,30,30,http://localhost:3001/auth/login,0,0,0
1775843403916,1,Login - POST /auth/login,200,OK,Usuarios - Login 1-6,text,true,,302,223,30,30,http://localhost:3001/auth/login,1,0,0
1775843403916,1,Login - POST /auth/login,200,OK,Usuarios - Login 1-4,text,true,,310,229,30,30,http://localhost:3001/auth/login,1,0,0
1775843404014,0,Login - POST /auth/login,200,OK,Usuarios - Login 1-12,text,true,,302,224,30,30,http://localhost:3001/auth/login,0,0,0
1775843404113,1,Login - POST /auth/login,200,OK,Usuarios - Login 1-27,text,true,,306,225,30,30,http://localhost:3001/auth/login,1,0,0
1775843404164,1,Login - POST /auth/login,200,OK,Usuarios - Login 1-16,text,true,,306,223,30,30,http://localhost:3001/auth/login,1,0,0
1775843404213,0,Login - POST /auth/login,200,OK,Usuarios - Login 1-11,text,true,,302,223,30,30,http://localhost:3001/auth/login,0,0,0
1775843404214,0,Login - POST /auth/login,200,OK,Usuarios - Login 1-3,text,true,,310,229,30,30,http://localhost:3001/auth/login,0,0,0
1775843404214,1,Login - POST /auth/login,200,OK,Usuarios - Login 1-10,text,true,,302,224,30,30,http://localhost:3001/auth/login,1,0,0
1775843404217,0,Login - POST /auth/login,200,OK,Usuarios - Login 1-2,text,true,,306,225,30,30,http://localhost:3001/auth/login,0,0,0
1775843404234,1,Login - POST /auth/login,200,OK,Usuarios - Login 1-1,text,true,,306,223,30,30,http://localhost:3001/auth/login,1,0,0
1775843404315,1,Login - POST /auth/login,200,OK,Usuarios - Login 1-14,text,true,,310,229,30,30,http://localhost:3001/auth/login,1,0,0
1775843404412,0,Login - POST /auth/login,200,OK,Usuarios - Login 1-8,text,true,,302,223,30,30,http://localhost:3001/auth/login,0,0,0
1775843404415,0,Login - POST /auth/login,200,OK,Usuarios - Login 1-30,text,true,,302,224,30,30,http://localhost:3001/auth/login,0,0,0
1775843404464,1,Login - POST /auth/login,200,OK,Usuarios - Login 1-26,text,true,,306,225,30,30,http://localhost:3001/auth/login,1,0,0
1775843404514,0,Login - POST /auth/login,200,OK,Usuarios - Login 1-17,text,true,,306,223,30,30,http://localhost:3001/auth/login,0,0,0
1775843404563,0,Login - POST /auth/login,200,OK,Usuarios - Login 1-7,text,true,,310,229,30,30,http://localhost:3001/auth/login,0,0,0
1775843404717,0,Login - POST /auth/login,200,OK,Usuarios - Login 1-25,text,true,,302,223,30,30,http://localhost:3001/auth/login,0,0,0
1775843404761,0,Login - POST /auth/login,200,OK,Usuarios - Login 1-18,text,true,,302,224,30,30,http://localhost:3001/auth/login,0,0,0
1775843404864,1,Login - POST /auth/login,200,OK,Usuarios - Login 1-29,text,true,,306,225,30,30,http://localhost:3001/auth/login,1,0,0
1775843404966,1,Login - POST /auth/login,200,OK,Usuarios - Login 1-24,text,true,,306,223,30,30,http://localhost:3001/auth/login,1,0,0
1775843405014,1,Login - POST /auth/login,200,OK,Usuarios - Login 1-19,text,true,,310,229,30,30,http://localhost:3001/auth/login,1,0,0
1775843405060,1,Login - POST /auth/login,200,OK,Usuarios - Login 1-15,text,true,,302,223,30,30,http://localhost:3001/auth/login,1,0,0
1775843405116,0,Login - POST /auth/login,200,OK,Usuarios - Login 1-23,text,true,,302,224,30,30,http://localhost:3001/auth/login,0,0,0
1775843405265,0,Login - POST /auth/login,200,OK,Usuarios - Login 1-22,text,true,,306,223,30,30,http://localhost:3001/auth/login,0,0,0
1775843405265,0,Login - POST /auth/login,200,OK,Usuarios - Login 1-28,text,true,,306,225,30,30,http://localhost:3001/auth/login,0,0,0
1775843405314,1,Login - POST /auth/login,200,OK,Usuarios - Login 1-13,text,true,,302,223,30,30,http://localhost:3001/auth/login,1,0,0
1775843405314,1,Login - POST /auth/login,200,OK,Usuarios - Login 1-20,text,true,,310,229,30,30,http://localhost:3001/auth/login,1,0,0
1775843405317,0,Login - POST /auth/login,200,OK,Usuarios - Login 1-21,text,true,,302,224,30,30,http://localhost:3001/auth/login,0,0,0
1775843405365,0,Login - POST /auth/login,200,OK,Usuarios - Login 1-9,text,true,,306,225,30,30,http://localhost:3001/auth/login,0,0,0
1775843405413,1,Login - POST /auth/login,200,OK,Usuarios - Login 1-5,text,true,,306,223,30,30,http://localhost:3001/auth/login,1,0,0
1775843405413,1,Login - POST /auth/login,200,OK,Usuarios - Login 1-4,text,true,,302,223,30,30,http://localhost:3001/auth/login,1,0,0
1775843405413,1,Login - POST /auth/login,200,OK,Usuarios - Login 1-6,text,true,,310,229,30,30,http://localhost:3001/auth/login,1,0,0
1775843405512,1,Login - POST /auth/login,200,OK,Usuarios - Login 1-12,text,true,,302,224,30,30,http://localhost:3001/auth/login,1,0,0
1775843405614,1,Login - POST /auth/login,200,OK,Usuarios - Login 1-27,text,true,,306,225,30,30,http://localhost:3001/auth/login,1,0,0
1775843405662,1,Login - POST /auth/login,200,OK,Usuarios - Login 1-16,text,true,,306,223,30,30,http://localhost:3001/auth/login,0,0,0
1775843405714,0,Login - POST /auth/login,200,OK,Usuarios - Login 1-3,text,true,,302,223,30,30,http://localhost:3001/auth/login,0,0,0
1775843405714,0,Login - POST /auth/login,200,OK,Usuarios - Login 1-11,text,true,,310,229,30,30,http://localhost:3001/auth/login,0,0,0
1775843405714,1,Login - POST /auth/login,200,OK,Usuarios - Login 1-10,text,true,,302,224,30,30,http://localhost:3001/auth/login,1,0,0
1775843405716,0,Login - POST /auth/login,200,OK,Usuarios - Login 1-2,text,true,,306,225,30,30,http://localhost:3001/auth/login,0,0,0
1775843405734,0,Login - POST /auth/login,200,OK,Usuarios - Login 1-1,text,true,,306,223,30,30,http://localhost:3001/auth/login,0,0,0
1775843405814,0,Login - POST /auth/login,200,OK,Usuarios - Login 1-14,text,true,,310,229,30,30,http://localhost:3001/auth/login,0,0,0
1775843405912,0,Login - POST /auth/login,200,OK,Usuarios - Login 1-8,text,true,,302,223,30,30,http://localhost:3001/auth/login,0,0,0
1775843405915,0,Login - POST /auth/login,200,OK,Usuarios - Login 1-30,text,true,,302,224,30,30,http://localhost:3001/auth/login,0,0,0
1775843405963,1,Login - POST /auth/login,200,OK,Usuarios - Login 1-26,text,true,,306,225,30,30,http://localhost:3001/auth/login,1,0,0
1775843406013,0,Login - POST /auth/login,200,OK,Usuarios - Login 1-17,text,true,,306,223,30,30,http://localhost:3001/auth/login,0,0,0
1775843406062,1,Login - POST /auth/login,200,OK,Usuarios - Login 1-7,text,true,,310,229,30,30,http://localhost:3001/auth/login,1,0,0
1775843406216,1,Login - POST /auth/login,200,OK,Usuarios - Login 1-25,text,true,,302,223,30,30,http://localhost:3001/auth/login,1,0,0
1775843406261,0,Login - POST /auth/login,200,OK,Usuarios - Login 1-18,text,true,,302,224,30,30,http://localhost:3001/auth/login,0,0,0
1775843406363,1,Login - POST /auth/login,200,OK,Usuarios - Login 1-29,text,true,,306,225,30,30,http://localhost:3001/auth/login,1,0,0
1775843406465,0,Login - POST /auth/login,200,OK,Usuarios - Login 1-24,text,true,,306,223,30,30,http://localhost:3001/auth/login,0,0,0
1775843406514,1,Login - POST /auth/login,200,OK,Usuarios - Login 1-19,text,true,,310,229,30,30,http://localhost:3001/auth/login,1,0,0
1775843406561,1,Login - POST /auth/login,200,OK,Usuarios - Login 1-15,text,true,,302,223,30,30,http://localhost:3001/auth/login,1,0,0
1775843406616,1,Login - POST /auth/login,200,OK,Usuarios - Login 1-23,text,true,,302,224,30,30,http://localhost:3001/auth/login,1,0,0
1775843406764,1,Login - POST /auth/login,200,OK,Usuarios - Login 1-28,text,true,,306,223,30,30,http://localhost:3001/auth/login,1,0,0
1775843406765,0,Login - POST /auth/login,200,OK,Usuarios - Login 1-22,text,true,,306,225,30,30,http://localhost:3001/auth/login,0,0,0
1775843406815,1,Login - POST /auth/login,200,OK,Usuarios - Login 1-13,text,true,,310,229,30,30,http://localhost:3001/auth/login,1,0,0
1775843406815,1,Login - POST /auth/login,200,OK,Usuarios - Login 1-20,text,true,,302,223,30,30,http://localhost:3001/auth/login,1,0,0
1775843406817,1,Login - POST /auth/login,200,OK,Usuarios - Login 1-21,text,true,,302,224,30,30,http://localhost:3001/auth/login,1,0,0
1775843406864,1,Login - POST /auth/login,200,OK,Usuarios - Login 1-9,text,true,,306,225,30,30,http://localhost:3001/auth/login,1,0,0
1775843406914,0,Login - POST /auth/login,200,OK,Usuarios - Login 1-5,text,true,,306,223,30,30,http://localhost:3001/auth/login,0,0,0
1775843406914,0,Login - POST /auth/login,200,OK,Usuarios - Login 1-6,text,true,,302,223,30,30,http://localhost:3001/auth/login,0,0,0
1775843406914,1,Login - POST /auth/login,200,OK,Usuarios - Login 1-4,text,true,,310,229,30,30,http://localhost:3001/auth/login,1,0,0
1775843407012,1,Login - POST /auth/login,200,OK,Usuarios - Login 1-12,text,true,,302,224,30,30,http://localhost:3001/auth/login,1,0,0
1775843407115,1,Login - POST /auth/login,200,OK,Usuarios - Login 1-27,text,true,,306,225,30,30,http://localhost:3001/auth/login,0,0,0
1775843407163,0,Login - POST /auth/login,200,OK,Usuarios - Login 1-16,text,true,,306,223,30,30,http://localhost:3001/auth/login,0,0,0
1775843407213,0,Login - POST /auth/login,200,OK,Usuarios - Login 1-11,text,true,,302,223,30,30,http://localhost:3001/auth/login,0,0,0
1775843407214,0,Login - POST /auth/login,200,OK,Usuarios - Login 1-10,text,true,,302,224,30,30,http://localhost:3001/auth/login,0,0,0
1775843407214,0,Login - POST /auth/login,200,OK,Usuarios - Login 1-3,text,true,,310,229,30,30,http://localhost:3001/auth/login,0,0,0
1775843407215,1,Login - POST /auth/login,200,OK,Usuarios - Login 1-2,text,true,,306,225,30,30,http://localhost:3001/auth/login,1,0,0
1775843407234,0,Login - POST /auth/login,200,OK,Usuarios - Login 1-1,text,true,,306,223,30,30,http://localhost:3001/auth/login,0,0,0
1775843407315,0,Login - POST /auth/login,200,OK,Usuarios - Login 1-14,text,true,,310,229,30,30,http://localhost:3001/auth/login,0,0,0
1775843407412,1,Login - POST /auth/login,200,OK,Usuarios - Login 1-8,text,true,,302,223,30,30,http://localhost:3001/auth/login,1,0,0
1775843407414,1,Login - POST /auth/login,200,OK,Usuarios - Login 1-30,text,true,,302,224,30,30,http://localhost:3001/auth/login,1,0,0
1775843407464,1,Login - POST /auth/login,200,OK,Usuarios - Login 1-26,text,true,,306,225,30,30,http://localhost:3001/auth/login,1,0,0
1775843407513,0,Login - POST /auth/login,200,OK,Usuarios - Login 1-17,text,true,,306,223,30,30,http://localhost:3001/auth/login,0,0,0
1775843407562,0,Login - POST /auth/login,200,OK,Usuarios - Login 1-7,text,true,,310,229,30,30,http://localhost:3001/auth/login,0,0,0
1775843407715,1,Login - POST /auth/login,200,OK,Usuarios - Login 1-25,text,true,,302,223,30,30,http://localhost:3001/auth/login,1,0,0
1775843407760,1,Login - POST /auth/login,200,OK,Usuarios - Login 1-18,text,true,,302,224,30,30,http://localhost:3001/auth/login,1,0,0
1775843407864,0,Login - POST /auth/login,200,OK,Usuarios - Login 1-29,text,true,,306,225,30,30,http://localhost:3001/auth/login,0,0,0
1775843407966,1,Login - POST /auth/login,200,OK,Usuarios - Login 1-24,text,true,,306,223,30,30,http://localhost:3001/auth/login,1,0,0
1775843408016,0,Login - POST /auth/login,200,OK,Usuarios - Login 1-19,text,true,,310,229,30,30,http://localhost:3001/auth/login,0,0,0
1775843408062,1,Login - POST /auth/login,200,OK,Usuarios - Login 1-15,text,true,,302,223,30,30,http://localhost:3001/auth/login,1,0,0
1775843408117,1,Login - POST /auth/login,200,OK,Usuarios - Login 1-23,text,true,,302,224,30,30,http://localhost:3001/auth/login,1,0,0
1775843408265,0,Login - POST /auth/login,200,OK,Usuarios - Login 1-22,text,true,,306,223,30,30,http://localhost:3001/auth/login,0,0,0
1775843408266,0,Login - POST /auth/login,200,OK,Usuarios - Login 1-28,text,true,,306,225,30,30,http://localhost:3001/auth/login,0,0,0
1775843408315,1,Login - POST /auth/login,200,OK,Usuarios - Login 1-13,text,true,,310,229,30,30,http://localhost:3001/auth/login,1,0,0
1775843408315,1,Login - POST /auth/login,200,OK,Usuarios - Login 1-20,text,true,,302,223,30,30,http://localhost:3001/auth/login,1,0,0
1775843408316,1,Login - POST /auth/login,200,OK,Usuarios - Login 1-21,text,true,,302,224,30,30,http://localhost:3001/auth/login,1,0,0
1775843408364,1,Login - POST /auth/login,200,OK,Usuarios - Login 1-9,text,true,,306,225,30,30,http://localhost:3001/auth/login,1,0,0
1775843408415,0,Login - POST /auth/login,200,OK,Usuarios - Login 1-5,text,true,,306,223,30,30,http://localhost:3001/auth/login,0,0,0
1775843408415,1,Login - POST /auth/login,200,OK,Usuarios - Login 1-4,text,true,,302,223,30,30,http://localhost:3001/auth/login,1,0,0
1775843408415,1,Login - POST /auth/login,200,OK,Usuarios - Login 1-6,text,true,,310,229,30,30,http://localhost:3001/auth/login,1,0,0
1775843408512,1,Login - POST /auth/login,200,OK,Usuarios - Login 1-12,text,true,,302,224,30,30,http://localhost:3001/auth/login,1,0,0
1775843408616,0,Login - POST /auth/login,200,OK,Usuarios - Login 1-27,text,true,,306,225,30,30,http://localhost:3001/auth/login,0,0,0
1775843408663,0,Login - POST /auth/login,200,OK,Usuarios - Login 1-16,text,true,,306,223,30,30,http://localhost:3001/auth/login,0,0,0
1775843408713,1,Login - POST /auth/login,200,OK,Usuarios - Login 1-10,text,true,,302,223,30,30,http://localhost:3001/auth/login,1,0,0
1775843408713,1,Login - POST /auth/login,200,OK,Usuarios - Login 1-11,text,true,,310,229,30,30,http://localhost:3001/auth/login,1,0,0
1775843408713,1,Login - POST /auth/login,200,OK,Usuarios - Login 1-3,text,true,,302,224,30,30,http://localhost:3001/auth/login,1,0,0
1775843408715,0,Login - POST /auth/login,200,OK,Usuarios - Login 1-2,text,true,,306,225,30,30,http://localhost:3001/auth/login,0,0,0
1775843408736,0,Login - POST /auth/login,200,OK,Usuarios - Login 1-1,text,true,,306,223,30,30,http://localhost:3001/auth/login,0,0,0
1775843408814,0,Login - POST /auth/login,200,OK,Usuarios - Login 1-14,text,true,,310,229,30,30,http://localhost:3001/auth/login,0,0,0
1775843408912,0,Login - POST /auth/login,200,OK,Usuarios - Login 1-8,text,true,,302,223,30,30,http://localhost:3001/auth/login,0,0,0
1775843408913,1,Login - POST /auth/login,200,OK,Usuarios - Login 1-30,text,true,,302,224,30,30,http://localhost:3001/auth/login,1,0,0
1775843408966,0,Login - POST /auth/login,200,OK,Usuarios - Login 1-26,text,true,,306,225,30,30,http://localhost:3001/auth/login,0,0,0
1775843409012,1,Login - POST /auth/login,200,OK,Usuarios - Login 1-17,text,true,,306,223,30,30,http://localhost:3001/auth/login,1,0,0
1775843409061,1,Login - POST /auth/login,200,OK,Usuarios - Login 1-7,text,true,,310,229,30,30,http://localhost:3001/auth/login,1,0,0
1775843409216,1,Login - POST /auth/login,200,OK,Usuarios - Login 1-25,text,true,,302,223,30,30,http://localhost:3001/auth/login,1,0,0
1775843409261,1,Login - POST /auth/login,200,OK,Usuarios - Login 1-18,text,true,,302,224,30,30,http://localhost:3001/auth/login,1,0,0
1775843409364,0,Login - POST /auth/login,200,OK,Usuarios - Login 1-29,text,true,,306,225,30,30,http://localhost:3001/auth/login,0,0,0
1775843409468,0,Login - POST /auth/login,200,OK,Usuarios - Login 1-24,text,true,,306,223,30,30,http://localhost:3001/auth/login,0,0,0
1775843409515,0,Login - POST /auth/login,200,OK,Usuarios - Login 1-19,text,true,,310,229,30,30,http://localhost:3001/auth/login,0,0,0
1775843409563,1,Login - POST /auth/login,200,OK,Usuarios - Login 1-15,text,true,,302,223,30,30,http://localhost:3001/auth/login,1,0,0
1775843409618,0,Login - POST /auth/login,200,OK,Usuarios - Login 1-23,text,true,,302,224,30,30,http://localhost:3001/auth/login,0,0,0
1775843409766,0,Login - POST /auth/login,200,OK,Usuarios - Login 1-28,text,true,,306,223,30,30,http://localhost:3001/auth/login,0,0,0
1775843409766,0,Login - POST /auth/login,200,OK,Usuarios - Login 1-22,text,true,,306,225,30,30,http://localhost:3001/auth/login,0,0,0
1775843409815,1,Login - POST /auth/login,200,OK,Usuarios - Login 1-13,text,true,,310,229,30,30,http://localhost:3001/auth/login,1,0,0
1775843409815,1,Login - POST /auth/login,200,OK,Usuarios - Login 1-21,text,true,,302,224,30,30,http://localhost:3001/auth/login,1,0,0
1775843409815,1,Login - POST /auth/login,200,OK,Usuarios - Login 1-20,text,true,,302,223,30,30,http://localhost:3001/auth/login,1,0,0
1775843409865,1,Login - POST /auth/login,200,OK,Usuarios - Login 1-9,text,true,,306,225,30,30,http://localhost:3001/auth/login,1,0,0
1775843409914,1,Login - POST /auth/login,200,OK,Usuarios - Login 1-5,text,true,,306,223,30,30,http://localhost:3001/auth/login,1,0,0
1775843409914,1,Login - POST /auth/login,200,OK,Usuarios - Login 1-4,text,true,,310,229,30,30,http://localhost:3001/auth/login,1,0,0
1775843409914,1,Login - POST /auth/login,200,OK,Usuarios - Login 1-6,text,true,,302,223,30,30,http://localhost:3001/auth/login,1,0,0
1775843410011,1,Login - POST /auth/login,200,OK,Usuarios - Login 1-12,text,true,,302,224,30,30,http://localhost:3001/auth/login,1,0,0
1775843410113,1,Login - POST /auth/login,200,OK,Usuarios - Login 1-27,text,true,,306,225,30,30,http://localhost:3001/auth/login,1,0,0
1775843410163,0,Login - POST /auth/login,200,OK,Usuarios - Login 1-16,text,true,,306,223,30,30,http://localhost:3001/auth/login,0,0,0
1775843410213,1,Login - POST /auth/login,200,OK,Usuarios - Login 1-11,text,true,,302,223,30,30,http://localhost:3001/auth/login,1,0,0
1775843410213,1,Login - POST /auth/login,200,OK,Usuarios - Login 1-3,text,true,,302,224,30,30,http://localhost:3001/auth/login,1,0,0
1775843410215,0,Login - POST /auth/login,200,OK,Usuarios - Login 1-2,text,true,,306,225,30,30,http://localhost:3001/auth/login,0,0,0
1775843410215,1,Login - POST /auth/login,200,OK,Usuarios - Login 1-10,text,true,,310,229,30,30,http://localhost:3001/auth/login,1,0,0
1775843410234,0,Login - POST /auth/login,200,OK,Usuarios - Login 1-1,text,true,,306,223,30,30,http://localhost:3001/auth/login,0,0,0
1775843410314,0,Login - POST /auth/login,200,OK,Usuarios - Login 1-14,text,true,,310,229,30,30,http://localhost:3001/auth/login,0,0,0
1775843410412,0,Login - POST /auth/login,200,OK,Usuarios - Login 1-8,text,true,,302,223,30,30,http://localhost:3001/auth/login,0,0,0
1775843410415,0,Login - POST /auth/login,200,OK,Usuarios - Login 1-30,text,true,,302,224,30,30,http://localhost:3001/auth/login,0,0,0
1775843410464,1,Login - POST /auth/login,200,OK,Usuarios - Login 1-26,text,true,,306,225,30,30,http://localhost:3001/auth/login,1,0,0
1775843410512,1,Login - POST /auth/login,200,OK,Usuarios - Login 1-17,text,true,,306,223,30,30,http://localhost:3001/auth/login,1,0,0
1775843410562,1,Login - POST /auth/login,200,OK,Usuarios - Login 1-7,text,true,,310,229,30,30,http://localhost:3001/auth/login,1,0,0
1775843410716,0,Login - POST /auth/login,200,OK,Usuarios - Login 1-25,text,true,,302,223,30,30,http://localhost:3001/auth/login,0,0,0
1775843410760,1,Login - POST /auth/login,200,OK,Usuarios - Login 1-18,text,true,,302,224,30,30,http://localhost:3001/auth/login,1,0,0
1775843410864,0,Login - POST /auth/login,200,OK,Usuarios - Login 1-29,text,true,,306,225,30,30,http://localhost:3001/auth/login,0,0,0
1775843410966,1,Login - POST /auth/login,200,OK,Usuarios - Login 1-24,text,true,,306,223,30,30,http://localhost:3001/auth/login,1,0,0
1775843411014,1,Login - POST /auth/login,200,OK,Usuarios - Login 1-19,text,true,,310,229,30,30,http://localhost:3001/auth/login,1,0,0
1775843411062,0,Login - POST /auth/login,200,OK,Usuarios - Login 1-15,text,true,,302,223,30,30,http://localhost:3001/auth/login,0,0,0
1775843411116,1,Login - POST /auth/login,200,OK,Usuarios - Login 1-23,text,true,,302,224,30,30,http://localhost:3001/auth/login,0,0,0
1775843411265,0,Login - POST /auth/login,200,OK,Usuarios - Login 1-28,text,true,,306,225,30,30,http://localhost:3001/auth/login,0,0,0
1775843411266,0,Login - POST /auth/login,200,OK,Usuarios - Login 1-22,text,true,,306,223,30,30,http://localhost:3001/auth/login,0,0,0
1775843411313,1,Login - POST /auth/login,200,OK,Usuarios - Login 1-13,text,true,,310,229,30,30,http://localhost:3001/auth/login,1,0,0
1775843411314,1,Login - POST /auth/login,200,OK,Usuarios - Login 1-20,text,true,,302,224,30,30,http://localhost:3001/auth/login,0,0,0
1775843411317,0,Login - POST /auth/login,200,OK,Usuarios - Login 1-21,text,true,,302,223,30,30,http://localhost:3001/auth/login,0,0,0
1775843411365,0,Login - POST /auth/login,200,OK,Usuarios - Login 1-9,text,true,,306,225,30,30,http://localhost:3001/auth/login,0,0,0
1775843411414,0,Login - POST /auth/login,200,OK,Usuarios - Login 1-5,text,true,,306,223,30,30,http://localhost:3001/auth/login,0,0,0
1775843411414,1,Login - POST /auth/login,200,OK,Usuarios - Login 1-6,text,true,,302,223,30,30,http://localhost:3001/auth/login,1,0,0
1775843411415,0,Login - POST /auth/login,200,OK,Usuarios - Login 1-4,text,true,,310,229,30,30,http://localhost:3001/auth/login,0,0,0
1775843411512,1,Login - POST /auth/login,200,OK,Usuarios - Login 1-12,text,true,,302,224,30,30,http://localhost:3001/auth/login,1,0,0
1775843411616,0,Login - POST /auth/login,200,OK,Usuarios - Login 1-27,text,true,,306,225,30,30,http://localhost:3001/auth/login,0,0,0
1775843411663,1,Login - POST /auth/login,200,OK,Usuarios - Login 1-16,text,true,,306,223,30,30,http://localhost:3001/auth/login,1,0,0
1775843411714,1,Login - POST /auth/login,200,OK,Usuarios - Login 1-3,text,true,,302,223,30,30,http://localhost:3001/auth/login,1,0,0
1775843411714,1,Login - POST /auth/login,200,OK,Usuarios - Login 1-10,text,true,,306,225,30,30,http://localhost:3001/auth/login,1,0,0
1775843411715,0,Login - POST /auth/login,200,OK,Usuarios - Login 1-2,text,true,,302,224,30,30,http://localhost:3001/auth/login,0,0,0
1775843411715,1,Login - POST /auth/login,200,OK,Usuarios - Login 1-11,text,true,,310,229,30,30,http://localhost:3001/auth/login,1,0,0
1775843411735,0,Login - POST /auth/login,200,OK,Usuarios - Login 1-1,text,true,,306,223,30,30,http://localhost:3001/auth/login,0,0,0
1775843411814,1,Login - POST /auth/login,200,OK,Usuarios - Login 1-14,text,true,,310,229,30,30,http://localhost:3001/auth/login,1,0,0
1775843411912,1,Login - POST /auth/login,200,OK,Usuarios - Login 1-8,text,true,,302,223,30,30,http://localhost:3001/auth/login,1,0,0
1775843411915,1,Login - POST /auth/login,200,OK,Usuarios - Login 1-30,text,true,,302,224,30,30,http://localhost:3001/auth/login,1,0,0
1775843411964,0,Login - POST /auth/login,200,OK,Usuarios - Login 1-26,text,true,,306,225,30,30,http://localhost:3001/auth/login,0,0,0
1775843412013,1,Login - POST /auth/login,200,OK,Usuarios - Login 1-17,text,true,,306,223,30,30,http://localhost:3001/auth/login,1,0,0
1775843412063,1,Login - POST /auth/login,200,OK,Usuarios - Login 1-7,text,true,,310,229,30,30,http://localhost:3001/auth/login,1,0,0
1775843412216,1,Login - POST /auth/login,200,OK,Usuarios - Login 1-25,text,true,,302,223,30,30,http://localhost:3001/auth/login,1,0,0
1775843412261,1,Login - POST /auth/login,200,OK,Usuarios - Login 1-18,text,true,,302,224,30,30,http://localhost:3001/auth/login,1,0,0
1775843412364,1,Login - POST /auth/login,200,OK,Usuarios - Login 1-29,text,true,,306,225,30,30,http://localhost:3001/auth/login,1,0,0
1775843412466,1,Login - POST /auth/login,200,OK,Usuarios - Login 1-24,text,true,,306,223,30,30,http://localhost:3001/auth/login,1,0,0
1775843412516,0,Login - POST /auth/login,200,OK,Usuarios - Login 1-19,text,true,,310,229,30,30,http://localhost:3001/auth/login,0,0,0
1775843412562,1,Login - POST /auth/login,200,OK,Usuarios - Login 1-15,text,true,,302,223,30,30,http://localhost:3001/auth/login,1,0,0
1775843412618,0,Login - POST /auth/login,200,OK,Usuarios - Login 1-23,text,true,,302,224,30,30,http://localhost:3001/auth/login,0,0,0
1775843412765,1,Login - POST /auth/login,200,OK,Usuarios - Login 1-28,text,true,,306,225,30,30,http://localhost:3001/auth/login,1,0,0
1775843412765,1,Login - POST /auth/login,200,OK,Usuarios - Login 1-22,text,true,,306,223,30,30,http://localhost:3001/auth/login,1,0,0
1775843412814,0,Login - POST /auth/login,200,OK,Usuarios - Login 1-20,text,true,,302,223,30,30,http://localhost:3001/auth/login,0,0,0
1775843412815,0,Login - POST /auth/login,200,OK,Usuarios - Login 1-13,text,true,,310,229,30,30,http://localhost:3001/auth/login,0,0,0
1775843412816,0,Login - POST /auth/login,200,OK,Usuarios - Login 1-21,text,true,,302,224,30,30,http://localhost:3001/auth/login,0,0,0
1775843412864,1,Login - POST /auth/login,200,OK,Usuarios - Login 1-9,text,true,,306,225,30,30,http://localhost:3001/auth/login,1,0,0
1775843412914,1,Login - POST /auth/login,200,OK,Usuarios - Login 1-5,text,true,,306,223,30,30,http://localhost:3001/auth/login,1,0,0
1775843412914,1,Login - POST /auth/login,200,OK,Usuarios - Login 1-6,text,true,,310,229,30,30,http://localhost:3001/auth/login,1,0,0
1775843412914,1,Login - POST /auth/login,200,OK,Usuarios - Login 1-4,text,true,,302,223,30,30,http://localhost:3001/auth/login,1,0,0
1775843413012,1,Login - POST /auth/login,200,OK,Usuarios - Login 1-12,text,true,,302,224,30,30,http://localhost:3001/auth/login,1,0,0
1775843413115,1,Login - POST /auth/login,200,OK,Usuarios - Login 1-27,text,true,,306,225,30,30,http://localhost:3001/auth/login,1,0,0
1775843413164,0,Login - POST /auth/login,200,OK,Usuarios - Login 1-16,text,true,,306,223,30,30,http://localhost:3001/auth/login,0,0,0
1775843413213,1,Login - POST /auth/login,200,OK,Usuarios - Login 1-11,text,true,,306,225,30,30,http://localhost:3001/auth/login,1,0,0
1775843413214,1,Login - POST /auth/login,200,OK,Usuarios - Login 1-10,text,true,,302,223,30,30,http://localhost:3001/auth/login,0,0,0
1775843413214,1,Login - POST /auth/login,200,OK,Usuarios - Login 1-3,text,true,,310,229,30,30,http://localhost:3001/auth/login,1,0,0
1775843413216,0,Login - POST /auth/login,200,OK,Usuarios - Login 1-2,text,true,,302,224,30,30,http://localhost:3001/auth/login,0,0,0
1775843413235,1,Login - POST /auth/login,200,OK,Usuarios - Login 1-1,text,true,,306,223,30,30,http://localhost:3001/auth/login,1,0,0
1775843413315,1,Login - POST /auth/login,200,OK,Usuarios - Login 1-14,text,true,,310,229,30,30,http://localhost:3001/auth/login,1,0,0
1775843413412,0,Login - POST /auth/login,200,OK,Usuarios - Login 1-8,text,true,,302,223,30,30,http://localhost:3001/auth/login,0,0,0
1775843413416,0,Login - POST /auth/login,200,OK,Usuarios - Login 1-30,text,true,,302,224,30,30,http://localhost:3001/auth/login,0,0,0
1775843413464,1,Login - POST /auth/login,200,OK,Usuarios - Login 1-26,text,true,,306,225,30,30,http://localhost:3001/auth/login,1,0,0
1775843413514,1,Login - POST /auth/login,200,OK,Usuarios - Login 1-17,text,true,,306,223,30,30,http://localhost:3001/auth/login,1,0,0
1775843413562,1,Login - POST /auth/login,200,OK,Usuarios - Login 1-7,text,true,,310,229,30,30,http://localhost:3001/auth/login,1,0,0
1775843413715,1,Login - POST /auth/login,200,OK,Usuarios - Login 1-25,text,true,,302,223,30,30,http://localhost:3001/auth/login,1,0,0
1775843413761,1,Login - POST /auth/login,200,OK,Usuarios - Login 1-18,text,true,,302,224,30,30,http://localhost:3001/auth/login,1,0,0
1775843413865,0,Login - POST /auth/login,200,OK,Usuarios - Login 1-29,text,true,,306,225,30,30,http://localhost:3001/auth/login,0,0,0
1775843413967,1,Login - POST /auth/login,200,OK,Usuarios - Login 1-24,text,true,,306,223,30,30,http://localhost:3001/auth/login,1,0,0
1775843414015,0,Login - POST /auth/login,200,OK,Usuarios - Login 1-19,text,true,,310,229,30,30,http://localhost:3001/auth/login,0,0,0
1775843414061,0,Login - POST /auth/login,200,OK,Usuarios - Login 1-15,text,true,,302,223,30,30,http://localhost:3001/auth/login,0,0,0
1775843414118,1,Login - POST /auth/login,200,OK,Usuarios - Login 1-23,text,true,,302,224,30,30,http://localhost:3001/auth/login,0,0,0
1775843414265,1,Login - POST /auth/login,200,OK,Usuarios - Login 1-28,text,true,,306,225,30,30,http://localhost:3001/auth/login,1,0,0
1775843414265,1,Login - POST /auth/login,200,OK,Usuarios - Login 1-22,text,true,,306,223,30,30,http://localhost:3001/auth/login,1,0,0
1775843414314,0,Login - POST /auth/login,200,OK,Usuarios - Login 1-13,text,true,,302,223,30,30,http://localhost:3001/auth/login,0,0,0
1775843414315,0,Login - POST /auth/login,200,OK,Usuarios - Login 1-20,text,true,,310,229,30,30,http://localhost:3001/auth/login,0,0,0
1775843414316,0,Login - POST /auth/login,200,OK,Usuarios - Login 1-21,text,true,,302,224,30,30,http://localhost:3001/auth/login,0,0,0
1775843414366,0,Login - POST /auth/login,200,OK,Usuarios - Login 1-9,text,true,,306,225,30,30,http://localhost:3001/auth/login,0,0,0
1775843414414,1,Login - POST /auth/login,200,OK,Usuarios - Login 1-5,text,true,,306,223,30,30,http://localhost:3001/auth/login,1,0,0
1775843414414,1,Login - POST /auth/login,200,OK,Usuarios - Login 1-6,text,true,,310,229,30,30,http://localhost:3001/auth/login,1,0,0
1775843414414,1,Login - POST /auth/login,200,OK,Usuarios - Login 1-4,text,true,,302,223,30,30,http://localhost:3001/auth/login,1,0,0
1775843414511,1,Login - POST /auth/login,200,OK,Usuarios - Login 1-12,text,true,,302,224,30,30,http://localhost:3001/auth/login,1,0,0
1775843414614,0,Login - POST /auth/login,200,OK,Usuarios - Login 1-27,text,true,,306,225,30,30,http://localhost:3001/auth/login,0,0,0
1775843414663,0,Login - POST /auth/login,200,OK,Usuarios - Login 1-16,text,true,,306,223,30,30,http://localhost:3001/auth/login,0,0,0
1775843414713,1,Login - POST /auth/login,200,OK,Usuarios - Login 1-11,text,true,,310,229,30,30,http://localhost:3001/auth/login,1,0,0
1775843414714,1,Login - POST /auth/login,200,OK,Usuarios - Login 1-3,text,true,,302,224,30,30,http://localhost:3001/auth/login,1,0,0
1775843414714,1,Login - POST /auth/login,200,OK,Usuarios - Login 1-2,text,true,,306,225,30,30,http://localhost:3001/auth/login,1,0,0
1775843414714,1,Login - POST /auth/login,200,OK,Usuarios - Login 1-10,text,true,,302,223,30,30,http://localhost:3001/auth/login,1,0,0
1775843414733,1,Login - POST /auth/login,200,OK,Usuarios - Login 1-1,text,true,,306,223,30,30,http://localhost:3001/auth/login,1,0,0
1775843414814,1,Login - POST /auth/login,200,OK,Usuarios - Login 1-14,text,true,,310,229,30,30,http://localhost:3001/auth/login,1,0,0
1775843414912,1,Login - POST /auth/login,200,OK,Usuarios - Login 1-8,text,true,,302,223,30,30,http://localhost:3001/auth/login,1,0,0
1775843414913,1,Login - POST /auth/login,200,OK,Usuarios - Login 1-30,text,true,,302,224,30,30,http://localhost:3001/auth/login,1,0,0
1775843414964,1,Login - POST /auth/login,200,OK,Usuarios - Login 1-26,text,true,,306,225,30,30,http://localhost:3001/auth/login,1,0,0
1775843415013,1,Login - POST /auth/login,200,OK,Usuarios - Login 1-17,text,true,,306,223,30,30,http://localhost:3001/auth/login,1,0,0
1775843415062,1,Login - POST /auth/login,200,OK,Usuarios - Login 1-7,text,true,,310,229,30,30,http://localhost:3001/auth/login,1,0,0
1775843415216,0,Login - POST /auth/login,200,OK,Usuarios - Login 1-25,text,true,,302,223,30,30,http://localhost:3001/auth/login,0,0,0
1775843415261,1,Login - POST /auth/login,200,OK,Usuarios - Login 1-18,text,true,,302,224,30,30,http://localhost:3001/auth/login,1,0,0
1775843415364,0,Login - POST /auth/login,200,OK,Usuarios - Login 1-29,text,true,,306,225,30,30,http://localhost:3001/auth/login,0,0,0
1775843415465,1,Login - POST /auth/login,200,OK,Usuarios - Login 1-24,text,true,,306,223,30,30,http://localhost:3001/auth/login,1,0,0
1775843415514,0,Login - POST /auth/login,200,OK,Usuarios - Login 1-19,text,true,,310,229,30,30,http://localhost:3001/auth/login,0,0,0
1775843415560,1,Login - POST /auth/login,200,OK,Usuarios - Login 1-15,text,true,,302,223,30,30,http://localhost:3001/auth/login,1,0,0
1775843415618,0,Login - POST /auth/login,200,OK,Usuarios - Login 1-23,text,true,,302,224,30,30,http://localhost:3001/auth/login,0,0,0
1775843415765,1,Login - POST /auth/login,200,OK,Usuarios - Login 1-28,text,true,,306,225,30,30,http://localhost:3001/auth/login,1,0,0
1775843415765,1,Login - POST /auth/login,200,OK,Usuarios - Login 1-22,text,true,,306,223,30,30,http://localhost:3001/auth/login,1,0,0
1775843415813,1,Login - POST /auth/login,200,OK,Usuarios - Login 1-20,text,true,,302,223,30,30,http://localhost:3001/auth/login,1,0,0
1775843415815,1,Login - POST /auth/login,200,OK,Usuarios - Login 1-21,text,true,,302,224,30,30,http://localhost:3001/auth/login,1,0,0
1775843415815,1,Login - POST /auth/login,200,OK,Usuarios - Login 1-13,text,true,,310,229,30,30,http://localhost:3001/auth/login,1,0,0
1775843415864,0,Login - POST /auth/login,200,OK,Usuarios - Login 1-9,text,true,,306,225,30,30,http://localhost:3001/auth/login,0,0,0
1775843415913,1,Login - POST /auth/login,200,OK,Usuarios - Login 1-5,text,true,,306,223,30,30,http://localhost:3001/auth/login,1,0,0
1775843415913,1,Login - POST /auth/login,200,OK,Usuarios - Login 1-6,text,true,,310,229,30,30,http://localhost:3001/auth/login,1,0,0
1775843415915,0,Login - POST /auth/login,200,OK,Usuarios - Login 1-4,text,true,,302,223,30,30,http://localhost:3001/auth/login,0,0,0
1775843416012,1,Login - POST /auth/login,200,OK,Usuarios - Login 1-12,text,true,,302,224,30,30,http://localhost:3001/auth/login,1,0,0
1775843416116,0,Login - POST /auth/login,200,OK,Usuarios - Login 1-27,text,true,,306,225,30,30,http://localhost:3001/auth/login,0,0,0
1775843416163,0,Login - POST /auth/login,200,OK,Usuarios - Login 1-16,text,true,,306,223,30,30,http://localhost:3001/auth/login,0,0,0
1775843416214,0,Login - POST /auth/login,200,OK,Usuarios - Login 1-3,text,true,,302,223,30,30,http://localhost:3001/auth/login,0,0,0
1775843416215,0,Login - POST /auth/login,200,OK,Usuarios - Login 1-10,text,true,,306,225,30,30,http://localhost:3001/auth/login,0,0,0
1775843416215,0,Login - POST /auth/login,200,OK,Usuarios - Login 1-11,text,true,,310,229,30,30,http://localhost:3001/auth/login,0,0,0
1775843416215,1,Login - POST /auth/login,200,OK,Usuarios - Login 1-2,text,true,,302,224,30,30,http://localhost:3001/auth/login,1,0,0
1775843416234,0,Login - POST /auth/login,200,OK,Usuarios - Login 1-1,text,true,,306,223,30,30,http://localhost:3001/auth/login,0,0,0
1775843416314,1,Login - POST /auth/login,200,OK,Usuarios - Login 1-14,text,true,,310,229,30,30,http://localhost:3001/auth/login,1,0,0
1775843416412,1,Login - POST /auth/login,200,OK,Usuarios - Login 1-8,text,true,,302,223,30,30,http://localhost:3001/auth/login,1,0,0
1775843416414,1,Login - POST /auth/login,200,OK,Usuarios - Login 1-30,text,true,,302,224,30,30,http://localhost:3001/auth/login,0,0,0
1775843416464,1,Login - POST /auth/login,200,OK,Usuarios - Login 1-26,text,true,,306,225,30,30,http://localhost:3001/auth/login,1,0,0
1775843416514,0,Login - POST /auth/login,200,OK,Usuarios - Login 1-17,text,true,,306,223,30,30,http://localhost:3001/auth/login,0,0,0
1775843416563,1,Login - POST /auth/login,200,OK,Usuarios - Login 1-7,text,true,,310,229,30,30,http://localhost:3001/auth/login,1,0,0
1775843416716,1,Login - POST /auth/login,200,OK,Usuarios - Login 1-25,text,true,,302,223,30,30,http://localhost:3001/auth/login,1,0,0
1775843416761,1,Login - POST /auth/login,200,OK,Usuarios - Login 1-18,text,true,,302,224,30,30,http://localhost:3001/auth/login,1,0,0
1775843416864,1,Login - POST /auth/login,200,OK,Usuarios - Login 1-29,text,true,,306,225,30,30,http://localhost:3001/auth/login,1,0,0
1775843416966,0,Login - POST /auth/login,200,OK,Usuarios - Login 1-24,text,true,,306,223,30,30,http://localhost:3001/auth/login,0,0,0
1775843417015,1,Login - POST /auth/login,200,OK,Usuarios - Login 1-19,text,true,,310,229,30,30,http://localhost:3001/auth/login,1,0,0
1775843417062,1,Login - POST /auth/login,200,OK,Usuarios - Login 1-15,text,true,,302,223,30,30,http://localhost:3001/auth/login,1,0,0
1775843417117,1,Login - POST /auth/login,200,OK,Usuarios - Login 1-23,text,true,,302,224,30,30,http://localhost:3001/auth/login,0,0,0
1775843417265,1,Login - POST /auth/login,200,OK,Usuarios - Login 1-28,text,true,,306,225,30,30,http://localhost:3001/auth/login,1,0,0
1775843417265,1,Login - POST /auth/login,200,OK,Usuarios - Login 1-22,text,true,,306,223,30,30,http://localhost:3001/auth/login,1,0,0
1775843417314,1,Login - POST /auth/login,200,OK,Usuarios - Login 1-20,text,true,,310,229,30,30,http://localhost:3001/auth/login,0,0,0
1775843417314,1,Login - POST /auth/login,200,OK,Usuarios - Login 1-13,text,true,,302,224,30,30,http://localhost:3001/auth/login,1,0,0
1775843417315,0,Login - POST /auth/login,200,OK,Usuarios - Login 1-21,text,true,,302,223,30,30,http://localhost:3001/auth/login,0,0,0
1775843417364,0,Login - POST /auth/login,200,OK,Usuarios - Login 1-9,text,true,,306,225,30,30,http://localhost:3001/auth/login,0,0,0
1775843417414,0,Login - POST /auth/login,200,OK,Usuarios - Login 1-4,text,true,,302,223,30,30,http://localhost:3001/auth/login,0,0,0
1775843417415,0,Login - POST /auth/login,200,OK,Usuarios - Login 1-6,text,true,,310,229,30,30,http://localhost:3001/auth/login,0,0,0
1775843417415,0,Login - POST /auth/login,200,OK,Usuarios - Login 1-5,text,true,,306,223,30,30,http://localhost:3001/auth/login,0,0,0
1775843417513,1,Login - POST /auth/login,200,OK,Usuarios - Login 1-12,text,true,,302,224,30,30,http://localhost:3001/auth/login,1,0,0
1775843417614,0,Login - POST /auth/login,200,OK,Usuarios - Login 1-27,text,true,,306,225,30,30,http://localhost:3001/auth/login,0,0,0
1775843417663,0,Login - POST /auth/login,200,OK,Usuarios - Login 1-16,text,true,,306,223,30,30,http://localhost:3001/auth/login,0,0,0
1775843417712,1,Login - POST /auth/login,200,OK,Usuarios - Login 1-11,text,true,,302,224,30,30,http://localhost:3001/auth/login,1,0,0
1775843417714,0,Login - POST /auth/login,200,OK,Usuarios - Login 1-10,text,true,,302,223,30,30,http://localhost:3001/auth/login,0,0,0
1775843417714,0,Login - POST /auth/login,200,OK,Usuarios - Login 1-2,text,true,,306,225,30,30,http://localhost:3001/auth/login,0,0,0
1775843417714,0,Login - POST /auth/login,200,OK,Usuarios - Login 1-3,text,true,,310,229,30,30,http://localhost:3001/auth/login,0,0,0
1775843417734,0,Login - POST /auth/login,200,OK,Usuarios - Login 1-1,text,true,,306,223,30,30,http://localhost:3001/auth/login,0,0,0
1775843417814,1,Login - POST /auth/login,200,OK,Usuarios - Login 1-14,text,true,,310,229,30,30,http://localhost:3001/auth/login,1,0,0
1775843417912,1,Login - POST /auth/login,200,OK,Usuarios - Login 1-8,text,true,,302,223,30,30,http://localhost:3001/auth/login,1,0,0
1775843417914,1,Login - POST /auth/login,200,OK,Usuarios - Login 1-30,text,true,,302,224,30,30,http://localhost:3001/auth/login,1,0,0
1775843417963,1,Login - POST /auth/login,200,OK,Usuarios - Login 1-26,text,true,,306,225,30,30,http://localhost:3001/auth/login,1,0,0
1775843418012,1,Login - POST /auth/login,200,OK,Usuarios - Login 1-17,text,true,,306,223,30,30,http://localhost:3001/auth/login,0,0,0
1775843418063,0,Login - POST /auth/login,200,OK,Usuarios - Login 1-7,text,true,,310,229,30,30,http://localhost:3001/auth/login,0,0,0
1775843418216,1,Login - POST /auth/login,200,OK,Usuarios - Login 1-25,text,true,,302,223,30,30,http://localhost:3001/auth/login,1,0,0
1775843418261,1,Login - POST /auth/login,200,OK,Usuarios - Login 1-18,text,true,,302,224,30,30,http://localhost:3001/auth/login,1,0,0
1775843418363,1,Login - POST /auth/login,200,OK,Usuarios - Login 1-29,text,true,,306,225,30,30,http://localhost:3001/auth/login,1,0,0
1775843418465,1,Login - POST /auth/login,200,OK,Usuarios - Login 1-24,text,true,,306,223,30,30,http://localhost:3001/auth/login,0,0,0
1775843418514,1,Login - POST /auth/login,200,OK,Usuarios - Login 1-19,text,true,,310,229,30,30,http://localhost:3001/auth/login,0,0,0
1775843418561,1,Login - POST /auth/login,200,OK,Usuarios - Login 1-15,text,true,,302,223,30,30,http://localhost:3001/auth/login,0,0,0
1775843418616,1,Login - POST /auth/login,200,OK,Usuarios - Login 1-23,text,true,,302,224,30,30,http://localhost:3001/auth/login,1,0,0
1775843418764,0,Login - POST /auth/login,200,OK,Usuarios - Login 1-22,text,true,,306,223,30,30,http://localhost:3001/auth/login,0,0,0
1775843418765,0,Login - POST /auth/login,200,OK,Usuarios - Login 1-28,text,true,,306,225,30,30,http://localhost:3001/auth/login,0,0,0
1775843418814,1,Login - POST /auth/login,200,OK,Usuarios - Login 1-13,text,true,,302,223,30,30,http://localhost:3001/auth/login,1,0,0
1775843418814,1,Login - POST /auth/login,200,OK,Usuarios - Login 1-20,text,true,,310,229,30,30,http://localhost:3001/auth/login,1,0,0
1775843418816,0,Login - POST /auth/login,200,OK,Usuarios - Login 1-21,text,true,,302,224,30,30,http://localhost:3001/auth/login,0,0,0
1775843418866,0,Login - POST /auth/login,200,OK,Usuarios - Login 1-9,text,true,,306,225,30,30,http://localhost:3001/auth/login,0,0,0
1775843418913,1,Login - POST /auth/login,200,OK,Usuarios - Login 1-6,text,true,,310,229,30,30,http://localhost:3001/auth/login,1,0,0
1775843418913,1,Login - POST /auth/login,200,OK,Usuarios - Login 1-4,text,true,,306,223,30,30,http://localhost:3001/auth/login,1,0,0
1775843418914,1,Login - POST /auth/login,200,OK,Usuarios - Login 1-5,text,true,,302,223,30,30,http://localhost:3001/auth/login,1,0,0
1775843419011,1,Login - POST /auth/login,200,OK,Usuarios - Login 1-12,text,true,,302,224,30,30,http://localhost:3001/auth/login,1,0,0
1775843419114,1,Login - POST /auth/login,200,OK,Usuarios - Login 1-27,text,true,,306,225,30,30,http://localhost:3001/auth/login,1,0,0
1775843419163,1,Login - POST /auth/login,200,OK,Usuarios - Login 1-16,text,true,,306,223,30,30,http://localhost:3001/auth/login,1,0,0
1775843419213,0,Login - POST /auth/login,200,OK,Usuarios - Login 1-11,text,true,,310,229,30,30,http://localhost:3001/auth/login,0,0,0
1775843419214,0,Login - POST /auth/login,200,OK,Usuarios - Login 1-3,text,true,,306,225,30,30,http://localhost:3001/auth/login,0,0,0
1775843419214,0,Login - POST /auth/login,200,OK,Usuarios - Login 1-10,text,true,,302,223,30,30,http://localhost:3001/auth/login,0,0,0
1775843419215,0,Login - POST /auth/login,200,OK,Usuarios - Login 1-2,text,true,,302,224,30,30,http://localhost:3001/auth/login,0,0,0
1775843419233,0,Login - POST /auth/login,200,OK,Usuarios - Login 1-1,text,true,,306,223,30,30,http://localhost:3001/auth/login,0,0,0
1775843419314,0,Login - POST /auth/login,200,OK,Usuarios - Login 1-14,text,true,,310,229,30,30,http://localhost:3001/auth/login,0,0,0
1775843419413,0,Login - POST /auth/login,200,OK,Usuarios - Login 1-8,text,true,,302,223,30,30,http://localhost:3001/auth/login,0,0,0
1775843419416,0,Login - POST /auth/login,200,OK,Usuarios - Login 1-30,text,true,,302,224,30,30,http://localhost:3001/auth/login,0,0,0
1775843419465,0,Login - POST /auth/login,200,OK,Usuarios - Login 1-26,text,true,,306,225,30,30,http://localhost:3001/auth/login,0,0,0
1775843419514,1,Login - POST /auth/login,200,OK,Usuarios - Login 1-17,text,true,,306,223,30,30,http://localhost:3001/auth/login,1,0,0
1775843419562,0,Login - POST /auth/login,200,OK,Usuarios - Login 1-7,text,true,,310,229,30,30,http://localhost:3001/auth/login,0,0,0
1775843419717,1,Login - POST /auth/login,200,OK,Usuarios - Login 1-25,text,true,,302,223,30,30,http://localhost:3001/auth/login,1,0,0
1775843419760,1,Login - POST /auth/login,200,OK,Usuarios - Login 1-18,text,true,,302,224,30,30,http://localhost:3001/auth/login,1,0,0
1775843419863,1,Login - POST /auth/login,200,OK,Usuarios - Login 1-29,text,true,,306,225,30,30,http://localhost:3001/auth/login,1,0,0
1775843419966,0,Login - POST /auth/login,200,OK,Usuarios - Login 1-24,text,true,,306,223,30,30,http://localhost:3001/auth/login,0,0,0
1775843420014,1,Login - POST /auth/login,200,OK,Usuarios - Login 1-19,text,true,,310,229,30,30,http://localhost:3001/auth/login,1,0,0
1775843420062,1,Login - POST /auth/login,200,OK,Usuarios - Login 1-15,text,true,,302,223,30,30,http://localhost:3001/auth/login,1,0,0
1775843420117,0,Login - POST /auth/login,200,OK,Usuarios - Login 1-23,text,true,,302,224,30,30,http://localhost:3001/auth/login,0,0,0
1775843420265,0,Login - POST /auth/login,200,OK,Usuarios - Login 1-28,text,true,,306,223,30,30,http://localhost:3001/auth/login,0,0,0
1775843420265,1,Login - POST /auth/login,200,OK,Usuarios - Login 1-22,text,true,,306,225,30,30,http://localhost:3001/auth/login,1,0,0
1775843420314,1,Login - POST /auth/login,200,OK,Usuarios - Login 1-20,text,true,,302,223,30,30,http://localhost:3001/auth/login,1,0,0
1775843420314,1,Login - POST /auth/login,200,OK,Usuarios - Login 1-13,text,true,,310,229,30,30,http://localhost:3001/auth/login,1,0,0
1775843420317,0,Login - POST /auth/login,200,OK,Usuarios - Login 1-21,text,true,,302,224,30,30,http://localhost:3001/auth/login,0,0,0
1775843420365,1,Login - POST /auth/login,200,OK,Usuarios - Login 1-9,text,true,,306,225,30,30,http://localhost:3001/auth/login,1,0,0
1775843420413,1,Login - POST /auth/login,200,OK,Usuarios - Login 1-5,text,true,,302,223,30,30,http://localhost:3001/auth/login,1,0,0
1775843420415,1,Login - POST /auth/login,200,OK,Usuarios - Login 1-6,text,true,,306,223,30,30,http://localhost:3001/auth/login,1,0,0
1775843420415,1,Login - POST /auth/login,200,OK,Usuarios - Login 1-4,text,true,,310,229,30,30,http://localhost:3001/auth/login,1,0,0
1775843420513,1,Login - POST /auth/login,200,OK,Usuarios - Login 1-12,text,true,,302,224,30,30,http://localhost:3001/auth/login,1,0,0
1775843420615,0,Login - POST /auth/login,200,OK,Usuarios - Login 1-27,text,true,,306,225,30,30,http://localhost:3001/auth/login,0,0,0
1775843420662,0,Login - POST /auth/login,200,OK,Usuarios - Login 1-16,text,true,,306,223,30,30,http://localhost:3001/auth/login,0,0,0
1775843420713,0,Login - POST /auth/login,200,OK,Usuarios - Login 1-11,text,true,,310,229,30,30,http://localhost:3001/auth/login,0,0,0
1775843420713,1,Login - POST /auth/login,200,OK,Usuarios - Login 1-3,text,true,,302,223,30,30,http://localhost:3001/auth/login,1,0,0
1775843420713,1,Login - POST /auth/login,200,OK,Usuarios - Login 1-10,text,true,,302,224,30,30,http://localhost:3001/auth/login,1,0,0
1775843420714,1,Login - POST /auth/login,200,OK,Usuarios - Login 1-2,text,true,,306,225,30,30,http://localhost:3001/auth/login,1,0,0
1775843420733,1,Login - POST /auth/login,200,OK,Usuarios - Login 1-1,text,true,,306,223,30,30,http://localhost:3001/auth/login,1,0,0
1775843420814,1,Login - POST /auth/login,200,OK,Usuarios - Login 1-14,text,true,,310,229,30,30,http://localhost:3001/auth/login,1,0,0
1775843420913,0,Login - POST /auth/login,200,OK,Usuarios - Login 1-8,text,true,,302,223,30,30,http://localhost:3001/auth/login,0,0,0
1775843420914,0,Login - POST /auth/login,200,OK,Usuarios - Login 1-30,text,true,,302,224,30,30,http://localhost:3001/auth/login,0,0,0
1775843420965,0,Login - POST /auth/login,200,OK,Usuarios - Login 1-26,text,true,,306,225,30,30,http://localhost:3001/auth/login,0,0,0
1775843421014,1,Login - POST /auth/login,200,OK,Usuarios - Login 1-17,text,true,,306,223,30,30,http://localhost:3001/auth/login,0,0,0
1775843421064,1,Login - POST /auth/login,200,OK,Usuarios - Login 1-7,text,true,,310,229,30,30,http://localhost:3001/auth/login,1,0,0
1775843421216,0,Login - POST /auth/login,200,OK,Usuarios - Login 1-25,text,true,,302,223,30,30,http://localhost:3001/auth/login,0,0,0
1775843421261,1,Login - POST /auth/login,200,OK,Usuarios - Login 1-18,text,true,,302,224,30,30,http://localhost:3001/auth/login,1,0,0
1775843421366,1,Login - POST /auth/login,200,OK,Usuarios - Login 1-29,text,true,,306,225,30,30,http://localhost:3001/auth/login,1,0,0
1775843421466,0,Login - POST /auth/login,200,OK,Usuarios - Login 1-24,text,true,,306,223,30,30,http://localhost:3001/auth/login,0,0,0
1775843421514,1,Login - POST /auth/login,200,OK,Usuarios - Login 1-19,text,true,,310,229,30,30,http://localhost:3001/auth/login,1,0,0
1775843421562,1,Login - POST /auth/login,200,OK,Usuarios - Login 1-15,text,true,,302,223,30,30,http://localhost:3001/auth/login,1,0,0
1775843421617,0,Login - POST /auth/login,200,OK,Usuarios - Login 1-23,text,true,,302,224,30,30,http://localhost:3001/auth/login,0,0,0
1775843421765,1,Login - POST /auth/login,200,OK,Usuarios - Login 1-28,text,true,,306,225,30,30,http://localhost:3001/auth/login,1,0,0
1775843421765,1,Login - POST /auth/login,200,OK,Usuarios - Login 1-22,text,true,,306,223,30,30,http://localhost:3001/auth/login,1,0,0
1775843421816,0,Login - POST /auth/login,200,OK,Usuarios - Login 1-13,text,true,,302,223,30,30,http://localhost:3001/auth/login,0,0,0
1775843421816,1,Login - POST /auth/login,200,OK,Usuarios - Login 1-20,text,true,,310,229,30,30,http://localhost:3001/auth/login,1,0,0
1775843421817,0,Login - POST /auth/login,200,OK,Usuarios - Login 1-21,text,true,,302,224,30,30,http://localhost:3001/auth/login,0,0,0
1775843421865,0,Login - POST /auth/login,200,OK,Usuarios - Login 1-9,text,true,,306,225,30,30,http://localhost:3001/auth/login,0,0,0
1775843421913,0,Login - POST /auth/login,200,OK,Usuarios - Login 1-5,text,true,,306,223,30,30,http://localhost:3001/auth/login,0,0,0
1775843421914,0,Login - POST /auth/login,200,OK,Usuarios - Login 1-4,text,true,,302,223,30,30,http://localhost:3001/auth/login,0,0,0
1775843421914,0,Login - POST /auth/login,200,OK,Usuarios - Login 1-6,text,true,,310,229,30,30,http://localhost:3001/auth/login,0,0,0
1775843422014,0,Login - POST /auth/login,200,OK,Usuarios - Login 1-12,text,true,,302,224,30,30,http://localhost:3001/auth/login,0,0,0
1775843422113,1,Login - POST /auth/login,200,OK,Usuarios - Login 1-27,text,true,,306,225,30,30,http://localhost:3001/auth/login,1,0,0
1775843422163,1,Login - POST /auth/login,200,OK,Usuarios - Login 1-16,text,true,,306,223,30,30,http://localhost:3001/auth/login,1,0,0
1775843422212,0,Login - POST /auth/login,200,OK,Usuarios - Login 1-11,text,true,,310,229,30,30,http://localhost:3001/auth/login,0,0,0
1775843422214,0,Login - POST /auth/login,200,OK,Usuarios - Login 1-2,text,true,,306,225,30,30,http://localhost:3001/auth/login,0,0,0
1775843422215,0,Login - POST /auth/login,200,OK,Usuarios - Login 1-3,text,true,,302,223,30,30,http://localhost:3001/auth/login,0,0,0
1775843422215,0,Login - POST /auth/login,200,OK,Usuarios - Login 1-10,text,true,,302,224,30,30,http://localhost:3001/auth/login,0,0,0
1775843422235,1,Login - POST /auth/login,200,OK,Usuarios - Login 1-1,text,true,,306,223,30,30,http://localhost:3001/auth/login,1,0,0
1775843422313,1,Login - POST /auth/login,200,OK,Usuarios - Login 1-14,text,true,,310,229,30,30,http://localhost:3001/auth/login,1,0,0
1775843422412,1,Login - POST /auth/login,200,OK,Usuarios - Login 1-8,text,true,,302,223,30,30,http://localhost:3001/auth/login,1,0,0
1775843422413,1,Login - POST /auth/login,200,OK,Usuarios - Login 1-30,text,true,,302,224,30,30,http://localhost:3001/auth/login,1,0,0
1775843422464,1,Login - POST /auth/login,200,OK,Usuarios - Login 1-26,text,true,,306,225,30,30,http://localhost:3001/auth/login,1,0,0
1775843422512,1,Login - POST /auth/login,200,OK,Usuarios - Login 1-17,text,true,,306,223,30,30,http://localhost:3001/auth/login,1,0,0
1775843422561,1,Login - POST /auth/login,200,OK,Usuarios - Login 1-7,text,true,,310,229,30,30,http://localhost:3001/auth/login,1,0,0
1775843422717,1,Login - POST /auth/login,200,OK,Usuarios - Login 1-25,text,true,,302,223,30,30,http://localhost:3001/auth/login,1,0,0
1775843422761,1,Login - POST /auth/login,200,OK,Usuarios - Login 1-18,text,true,,302,224,30,30,http://localhost:3001/auth/login,1,0,0
1775843422866,0,Login - POST /auth/login,200,OK,Usuarios - Login 1-29,text,true,,306,225,30,30,http://localhost:3001/auth/login,0,0,0
1775843422969,0,Login - POST /auth/login,200,OK,Usuarios - Login 1-24,text,true,,306,223,30,30,http://localhost:3001/auth/login,0,0,0
1775843423015,1,Login - POST /auth/login,200,OK,Usuarios - Login 1-19,text,true,,310,229,30,30,http://localhost:3001/auth/login,1,0,0
1775843423063,0,Login - POST /auth/login,200,OK,Usuarios - Login 1-15,text,true,,302,223,30,30,http://localhost:3001/auth/login,0,0,0
1775843423117,0,Login - POST /auth/login,200,OK,Usuarios - Login 1-23,text,true,,302,224,30,30,http://localhost:3001/auth/login,0,0,0
1775843423266,0,Login - POST /auth/login,200,OK,Usuarios - Login 1-28,text,true,,306,225,30,30,http://localhost:3001/auth/login,0,0,0
1775843423266,1,Login - POST /auth/login,200,OK,Usuarios - Login 1-22,text,true,,306,223,30,30,http://localhost:3001/auth/login,1,0,0
1775843423315,0,Login - POST /auth/login,200,OK,Usuarios - Login 1-13,text,true,,310,229,30,30,http://localhost:3001/auth/login,0,0,0
1775843423316,0,Login - POST /auth/login,200,OK,Usuarios - Login 1-20,text,true,,302,223,30,30,http://localhost:3001/auth/login,0,0,0
1775843423317,0,Login - POST /auth/login,200,OK,Usuarios - Login 1-21,text,true,,302,224,30,30,http://localhost:3001/auth/login,0,0,0
1775843423365,0,Login - POST /auth/login,200,OK,Usuarios - Login 1-9,text,true,,306,225,30,30,http://localhost:3001/auth/login,0,0,0
1775843423415,1,Login - POST /auth/login,200,OK,Usuarios - Login 1-5,text,true,,306,223,30,30,http://localhost:3001/auth/login,1,0,0
1775843423415,1,Login - POST /auth/login,200,OK,Usuarios - Login 1-6,text,true,,302,223,30,30,http://localhost:3001/auth/login,1,0,0
1775843423415,1,Login - POST /auth/login,200,OK,Usuarios - Login 1-4,text,true,,310,229,30,30,http://localhost:3001/auth/login,1,0,0
1775843423513,1,Login - POST /auth/login,200,OK,Usuarios - Login 1-12,text,true,,302,224,30,30,http://localhost:3001/auth/login,1,0,0
1775843423615,0,Login - POST /auth/login,200,OK,Usuarios - Login 1-27,text,true,,306,225,30,30,http://localhost:3001/auth/login,0,0,0
1775843423664,0,Login - POST /auth/login,200,OK,Usuarios - Login 1-16,text,true,,306,223,30,30,http://localhost:3001/auth/login,0,0,0
1775843423715,1,Login - POST /auth/login,200,OK,Usuarios - Login 1-10,text,true,,306,225,30,30,http://localhost:3001/auth/login,1,0,0
1775843423715,1,Login - POST /auth/login,200,OK,Usuarios - Login 1-3,text,true,,302,224,30,30,http://localhost:3001/auth/login,1,0,0
1775843423715,1,Login - POST /auth/login,200,OK,Usuarios - Login 1-11,text,true,,310,229,30,30,http://localhost:3001/auth/login,1,0,0
1775843423716,0,Login - POST /auth/login,200,OK,Usuarios - Login 1-2,text,true,,302,223,30,30,http://localhost:3001/auth/login,0,0,0
1775843423734,1,Login - POST /auth/login,200,OK,Usuarios - Login 1-1,text,true,,306,223,30,30,http://localhost:3001/auth/login,1,0,0
1775843423815,1,Login - POST /auth/login,200,OK,Usuarios - Login 1-14,text,true,,310,229,30,30,http://localhost:3001/auth/login,1,0,0
1775843423913,1,Login - POST /auth/login,200,OK,Usuarios - Login 1-8,text,true,,302,223,30,30,http://localhost:3001/auth/login,1,0,0
1775843423916,1,Login - POST /auth/login,200,OK,Usuarios - Login 1-30,text,true,,302,224,30,30,http://localhost:3001/auth/login,1,0,0
1775843423966,1,Login - POST /auth/login,200,OK,Usuarios - Login 1-26,text,true,,306,225,30,30,http://localhost:3001/auth/login,1,0,0
1775843424013,0,Login - POST /auth/login,200,OK,Usuarios - Login 1-17,text,true,,306,223,30,30,http://localhost:3001/auth/login,0,0,0
1775843424063,1,Login - POST /auth/login,200,OK,Usuarios - Login 1-7,text,true,,310,229,30,30,http://localhost:3001/auth/login,1,0,0
1775843424216,1,Login - POST /auth/login,200,OK,Usuarios - Login 1-25,text,true,,302,223,30,30,http://localhost:3001/auth/login,1,0,0
1775843424262,1,Login - POST /auth/login,200,OK,Usuarios - Login 1-18,text,true,,302,224,30,30,http://localhost:3001/auth/login,1,0,0
1775843424365,1,Login - POST /auth/login,200,OK,Usuarios - Login 1-29,text,true,,306,225,30,30,http://localhost:3001/auth/login,1,0,0
1775843424468,0,Login - POST /auth/login,200,OK,Usuarios - Login 1-24,text,true,,306,223,30,30,http://localhost:3001/auth/login,0,0,0
1775843424516,0,Login - POST /auth/login,200,OK,Usuarios - Login 1-19,text,true,,310,229,30,30,http://localhost:3001/auth/login,0,0,0
1775843424563,1,Login - POST /auth/login,200,OK,Usuarios - Login 1-15,text,true,,302,223,30,30,http://localhost:3001/auth/login,1,0,0
1775843424617,1,Login - POST /auth/login,200,OK,Usuarios - Login 1-23,text,true,,302,224,30,30,http://localhost:3001/auth/login,1,0,0
1775843424766,0,Login - POST /auth/login,200,OK,Usuarios - Login 1-28,text,true,,306,225,30,30,http://localhost:3001/auth/login,0,0,0
1775843424766,1,Login - POST /auth/login,200,OK,Usuarios - Login 1-22,text,true,,306,223,30,30,http://localhost:3001/auth/login,1,0,0
1775843424815,1,Login - POST /auth/login,200,OK,Usuarios - Login 1-13,text,true,,310,229,30,30,http://localhost:3001/auth/login,1,0,0
1775843424815,1,Login - POST /auth/login,200,OK,Usuarios - Login 1-20,text,true,,302,223,30,30,http://localhost:3001/auth/login,1,0,0
1775843424818,0,Login - POST /auth/login,200,OK,Usuarios - Login 1-21,text,true,,302,224,30,30,http://localhost:3001/auth/login,0,0,0
1775843424866,1,Login - POST /auth/login,200,OK,Usuarios - Login 1-9,text,true,,306,225,30,30,http://localhost:3001/auth/login,1,0,0
1775843424916,1,Login - POST /auth/login,200,OK,Usuarios - Login 1-5,text,true,,306,223,30,30,http://localhost:3001/auth/login,1,0,0
1775843424916,1,Login - POST /auth/login,200,OK,Usuarios - Login 1-6,text,true,,310,229,30,30,http://localhost:3001/auth/login,1,0,0
1775843424916,1,Login - POST /auth/login,200,OK,Usuarios - Login 1-4,text,true,,302,223,30,30,http://localhost:3001/auth/login,1,0,0
1775843425012,1,Login - POST /auth/login,200,OK,Usuarios - Login 1-12,text,true,,302,224,30,30,http://localhost:3001/auth/login,1,0,0
1775843425115,1,Login - POST /auth/login,200,OK,Usuarios - Login 1-27,text,true,,306,225,30,30,http://localhost:3001/auth/login,1,0,0
1775843425164,1,Login - POST /auth/login,200,OK,Usuarios - Login 1-16,text,true,,306,223,30,30,http://localhost:3001/auth/login,1,0,0
1775843425215,1,Login - POST /auth/login,200,OK,Usuarios - Login 1-3,text,true,,302,223,30,30,http://localhost:3001/auth/login,1,0,0
1775843425215,1,Login - POST /auth/login,200,OK,Usuarios - Login 1-11,text,true,,302,224,30,30,http://localhost:3001/auth/login,1,0,0
1775843425215,1,Login - POST /auth/login,200,OK,Usuarios - Login 1-10,text,true,,310,229,30,30,http://localhost:3001/auth/login,1,0,0
1775843425217,0,Login - POST /auth/login,200,OK,Usuarios - Login 1-2,text,true,,306,225,30,30,http://localhost:3001/auth/login,0,0,0
1775843425235,1,Login - POST /auth/login,200,OK,Usuarios - Login 1-1,text,true,,306,223,30,30,http://localhost:3001/auth/login,1,0,0
1775843425314,1,Login - POST /auth/login,200,OK,Usuarios - Login 1-14,text,true,,310,229,30,30,http://localhost:3001/auth/login,1,0,0
1775843425415,0,Login - POST /auth/login,200,OK,Usuarios - Login 1-8,text,true,,302,223,30,30,http://localhost:3001/auth/login,0,0,0
1775843425416,0,Login - POST /auth/login,200,OK,Usuarios - Login 1-30,text,true,,302,224,30,30,http://localhost:3001/auth/login,0,0,0
1775843425465,1,Login - POST /auth/login,200,OK,Usuarios - Login 1-26,text,true,,306,225,30,30,http://localhost:3001/auth/login,1,0,0
1775843425514,0,Login - POST /auth/login,200,OK,Usuarios - Login 1-17,text,true,,306,223,30,30,http://localhost:3001/auth/login,0,0,0
1775843425564,0,Login - POST /auth/login,200,OK,Usuarios - Login 1-7,text,true,,310,229,30,30,http://localhost:3001/auth/login,0,0,0
1775843425718,0,Login - POST /auth/login,200,OK,Usuarios - Login 1-25,text,true,,302,223,30,30,http://localhost:3001/auth/login,0,0,0
1775843425762,1,Login - POST /auth/login,200,OK,Usuarios - Login 1-18,text,true,,302,224,30,30,http://localhost:3001/auth/login,1,0,0
1775843425866,0,Login - POST /auth/login,200,OK,Usuarios - Login 1-29,text,true,,306,225,30,30,http://localhost:3001/auth/login,0,0,0
1775843425967,0,Login - POST /auth/login,200,OK,Usuarios - Login 1-24,text,true,,306,223,30,30,http://localhost:3001/auth/login,0,0,0
1775843426015,1,Login - POST /auth/login,200,OK,Usuarios - Login 1-19,text,true,,310,229,30,30,http://localhost:3001/auth/login,1,0,0
1775843426062,1,Login - POST /auth/login,200,OK,Usuarios - Login 1-15,text,true,,302,223,30,30,http://localhost:3001/auth/login,1,0,0
1775843426118,1,Login - POST /auth/login,200,OK,Usuarios - Login 1-23,text,true,,302,224,30,30,http://localhost:3001/auth/login,1,0,0
1775843426265,1,Login - POST /auth/login,200,OK,Usuarios - Login 1-22,text,true,,306,223,30,30,http://localhost:3001/auth/login,1,0,0
1775843426267,1,Login - POST /auth/login,200,OK,Usuarios - Login 1-28,text,true,,306,225,30,30,http://localhost:3001/auth/login,1,0,0
1775843426314,1,Login - POST /auth/login,200,OK,Usuarios - Login 1-20,text,true,,302,223,30,30,http://localhost:3001/auth/login,1,0,0
1775843426316,0,Login - POST /auth/login,200,OK,Usuarios - Login 1-13,text,true,,310,229,30,30,http://localhost:3001/auth/login,0,0,0
1775843426317,0,Login - POST /auth/login,200,OK,Usuarios - Login 1-21,text,true,,302,224,30,30,http://localhost:3001/auth/login,0,0,0
1775843426366,1,Login - POST /auth/login,200,OK,Usuarios - Login 1-9,text,true,,306,225,30,30,http://localhost:3001/auth/login,1,0,0
1775843426416,0,Login - POST /auth/login,200,OK,Usuarios - Login 1-5,text,true,,306,223,30,30,http://localhost:3001/auth/login,0,0,0
1775843426416,0,Login - POST /auth/login,200,OK,Usuarios - Login 1-6,text,true,,310,229,30,30,http://localhost:3001/auth/login,0,0,0
1775843426416,0,Login - POST /auth/login,200,OK,Usuarios - Login 1-4,text,true,,302,223,30,30,http://localhost:3001/auth/login,0,0,0
1775843426513,0,Login - POST /auth/login,200,OK,Usuarios - Login 1-12,text,true,,302,224,30,30,http://localhost:3001/auth/login,0,0,0
1775843426617,0,Login - POST /auth/login,200,OK,Usuarios - Login 1-27,text,true,,306,225,30,30,http://localhost:3001/auth/login,0,0,0
1775843426664,1,Login - POST /auth/login,200,OK,Usuarios - Login 1-16,text,true,,306,223,30,30,http://localhost:3001/auth/login,1,0,0
1775843426714,1,Login - POST /auth/login,200,OK,Usuarios - Login 1-11,text,true,,302,223,30,30,http://localhost:3001/auth/login,1,0,0
1775843426715,1,Login - POST /auth/login,200,OK,Usuarios - Login 1-3,text,true,,310,229,30,30,http://localhost:3001/auth/login,1,0,0
1775843426715,1,Login - POST /auth/login,200,OK,Usuarios - Login 1-2,text,true,,306,225,30,30,http://localhost:3001/auth/login,1,0,0
1775843426716,0,Login - POST /auth/login,200,OK,Usuarios - Login 1-10,text,true,,302,224,30,30,http://localhost:3001/auth/login,0,0,0
1775843426736,1,Login - POST /auth/login,200,OK,Usuarios - Login 1-1,text,true,,306,223,30,30,http://localhost:3001/auth/login,1,0,0
1775843426815,0,Login - POST /auth/login,200,OK,Usuarios - Login 1-14,text,true,,310,229,30,30,http://localhost:3001/auth/login,0,0,0
1775843426913,1,Login - POST /auth/login,200,OK,Usuarios - Login 1-8,text,true,,302,223,30,30,http://localhost:3001/auth/login,1,0,0
1775843426914,1,Login - POST /auth/login,200,OK,Usuarios - Login 1-30,text,true,,302,224,30,30,http://localhost:3001/auth/login,1,0,0
1775843426965,1,Login - POST /auth/login,200,OK,Usuarios - Login 1-26,text,true,,306,225,30,30,http://localhost:3001/auth/login,1,0,0
1775843427015,0,Login - POST /auth/login,200,OK,Usuarios - Login 1-17,text,true,,306,223,30,30,http://localhost:3001/auth/login,0,0,0
1775843427064,0,Login - POST /auth/login,200,OK,Usuarios - Login 1-7,text,true,,310,229,30,30,http://localhost:3001/auth/login,0,0,0
1775843427217,0,Login - POST /auth/login,200,OK,Usuarios - Login 1-25,text,true,,302,223,30,30,http://localhost:3001/auth/login,0,0,0
1775843427262,0,Login - POST /auth/login,200,OK,Usuarios - Login 1-18,text,true,,302,224,30,30,http://localhost:3001/auth/login,0,0,0
1775843427364,1,Login - POST /auth/login,200,OK,Usuarios - Login 1-29,text,true,,306,225,30,30,http://localhost:3001/auth/login,1,0,0
1775843427466,1,Login - POST /auth/login,200,OK,Usuarios - Login 1-24,text,true,,306,223,30,30,http://localhost:3001/auth/login,1,0,0
1775843427515,1,Login - POST /auth/login,200,OK,Usuarios - Login 1-19,text,true,,310,229,30,30,http://localhost:3001/auth/login,1,0,0
1775843427562,1,Login - POST /auth/login,200,OK,Usuarios - Login 1-15,text,true,,302,223,30,30,http://localhost:3001/auth/login,1,0,0
1775843427617,0,Login - POST /auth/login,200,OK,Usuarios - Login 1-23,text,true,,302,224,30,30,http://localhost:3001/auth/login,0,0,0
1775843427765,1,Login - POST /auth/login,200,OK,Usuarios - Login 1-28,text,true,,306,223,30,30,http://localhost:3001/auth/login,1,0,0
1775843427766,1,Login - POST /auth/login,200,OK,Usuarios - Login 1-22,text,true,,306,225,30,30,http://localhost:3001/auth/login,1,0,0
1775843427815,0,Login - POST /auth/login,200,OK,Usuarios - Login 1-20,text,true,,310,229,30,30,http://localhost:3001/auth/login,0,0,0
1775843427816,0,Login - POST /auth/login,200,OK,Usuarios - Login 1-13,text,true,,302,223,30,30,http://localhost:3001/auth/login,0,0,0
1775843427817,0,Login - POST /auth/login,200,OK,Usuarios - Login 1-21,text,true,,302,224,30,30,http://localhost:3001/auth/login,0,0,0
1775843427864,0,Login - POST /auth/login,200,OK,Usuarios - Login 1-9,text,true,,306,225,30,30,http://localhost:3001/auth/login,0,0,0
1775843427915,0,Login - POST /auth/login,200,OK,Usuarios - Login 1-4,text,true,,302,223,30,30,http://localhost:3001/auth/login,0,0,0
1775843427915,0,Login - POST /auth/login,200,OK,Usuarios - Login 1-5,text,true,,306,223,30,30,http://localhost:3001/auth/login,0,0,0
1775843427915,0,Login - POST /auth/login,200,OK,Usuarios - Login 1-6,text,true,,310,229,30,30,http://localhost:3001/auth/login,0,0,0
1775843428013,0,Login - POST /auth/login,200,OK,Usuarios - Login 1-12,text,true,,302,224,30,30,http://localhost:3001/auth/login,0,0,0
1775843428114,1,Login - POST /auth/login,200,OK,Usuarios - Login 1-27,text,true,,306,225,30,30,http://localhost:3001/auth/login,1,0,0
1775843428164,1,Login - POST /auth/login,200,OK,Usuarios - Login 1-16,text,true,,306,223,30,30,http://localhost:3001/auth/login,1,0,0
1775843428213,1,Login - POST /auth/login,200,OK,Usuarios - Login 1-11,text,true,,310,229,30,30,http://localhost:3001/auth/login,1,0,0
1775843428215,0,Login - POST /auth/login,200,OK,Usuarios - Login 1-3,text,true,,302,223,30,30,http://localhost:3001/auth/login,0,0,0
1775843428215,1,Login - POST /auth/login,200,OK,Usuarios - Login 1-10,text,true,,306,225,30,30,http://localhost:3001/auth/login,1,0,0
1775843428216,0,Login - POST /auth/login,200,OK,Usuarios - Login 1-2,text,true,,302,224,30,30,http://localhost:3001/auth/login,0,0,0
1775843428234,1,Login - POST /auth/login,200,OK,Usuarios - Login 1-1,text,true,,306,223,30,30,http://localhost:3001/auth/login,1,0,0
1775843428315,1,Login - POST /auth/login,200,OK,Usuarios - Login 1-14,text,true,,310,229,30,30,http://localhost:3001/auth/login,1,0,0
1775843428412,0,Login - POST /auth/login,200,OK,Usuarios - Login 1-8,text,true,,302,223,30,30,http://localhost:3001/auth/login,0,0,0
1775843428415,0,Login - POST /auth/login,200,OK,Usuarios - Login 1-30,text,true,,302,224,30,30,http://localhost:3001/auth/login,0,0,0
1775843428464,1,Login - POST /auth/login,200,OK,Usuarios - Login 1-26,text,true,,306,225,30,30,http://localhost:3001/auth/login,1,0,0
1775843428512,1,Login - POST /auth/login,200,OK,Usuarios - Login 1-17,text,true,,306,223,30,30,http://localhost:3001/auth/login,0,0,0
1775843428562,0,Login - POST /auth/login,200,OK,Usuarios - Login 1-7,text,true,,310,229,30,30,http://localhost:3001/auth/login,0,0,0
1775843428715,1,Login - POST /auth/login,200,OK,Usuarios - Login 1-25,text,true,,302,223,30,30,http://localhost:3001/auth/login,1,0,0
1775843428761,0,Login - POST /auth/login,200,OK,Usuarios - Login 1-18,text,true,,302,224,30,30,http://localhost:3001/auth/login,0,0,0
1775843428864,0,Login - POST /auth/login,200,OK,Usuarios - Login 1-29,text,true,,306,225,30,30,http://localhost:3001/auth/login,0,0,0
1775843428967,1,Login - POST /auth/login,200,OK,Usuarios - Login 1-24,text,true,,306,223,30,30,http://localhost:3001/auth/login,1,0,0
1775843429014,1,Login - POST /auth/login,200,OK,Usuarios - Login 1-19,text,true,,310,229,30,30,http://localhost:3001/auth/login,1,0,0
1775843429061,1,Login - POST /auth/login,200,OK,Usuarios - Login 1-15,text,true,,302,223,30,30,http://localhost:3001/auth/login,1,0,0
1775843429115,1,Login - POST /auth/login,200,OK,Usuarios - Login 1-23,text,true,,302,224,30,30,http://localhost:3001/auth/login,1,0,0
1775843429264,1,Login - POST /auth/login,200,OK,Usuarios - Login 1-22,text,true,,306,223,30,30,http://localhost:3001/auth/login,1,0,0
1775843429264,1,Login - POST /auth/login,200,OK,Usuarios - Login 1-28,text,true,,306,225,30,30,http://localhost:3001/auth/login,1,0,0
1775843429314,0,Login - POST /auth/login,200,OK,Usuarios - Login 1-13,text,true,,302,223,30,30,http://localhost:3001/auth/login,0,0,0
1775843429314,0,Login - POST /auth/login,200,OK,Usuarios - Login 1-20,text,true,,310,229,30,30,http://localhost:3001/auth/login,0,0,0
1775843429316,0,Login - POST /auth/login,200,OK,Usuarios - Login 1-21,text,true,,302,224,30,30,http://localhost:3001/auth/login,0,0,0
1775843429364,1,Login - POST /auth/login,200,OK,Usuarios - Login 1-9,text,true,,306,225,30,30,http://localhost:3001/auth/login,1,0,0
1775843429415,0,Login - POST /auth/login,200,OK,Usuarios - Login 1-5,text,true,,310,229,30,30,http://localhost:3001/auth/login,0,0,0
1775843429415,0,Login - POST /auth/login,200,OK,Usuarios - Login 1-4,text,true,,306,223,30,30,http://localhost:3001/auth/login,0,0,0
1775843429415,1,Login - POST /auth/login,200,OK,Usuarios - Login 1-6,text,true,,302,223,30,30,http://localhost:3001/auth/login,1,0,0
1775843429512,0,Login - POST /auth/login,200,OK,Usuarios - Login 1-12,text,true,,302,224,30,30,http://localhost:3001/auth/login,0,0,0
1775843429614,1,Login - POST /auth/login,200,OK,Usuarios - Login 1-27,text,true,,306,225,30,30,http://localhost:3001/auth/login,1,0,0
1775843429662,1,Login - POST /auth/login,200,OK,Usuarios - Login 1-16,text,true,,306,223,30,30,http://localhost:3001/auth/login,1,0,0
1775843429713,1,Login - POST /auth/login,200,OK,Usuarios - Login 1-11,text,true,,310,229,30,30,http://localhost:3001/auth/login,1,0,0
1775843429714,1,Login - POST /auth/login,200,OK,Usuarios - Login 1-10,text,true,,302,224,30,30,http://localhost:3001/auth/login,1,0,0
1775843429714,1,Login - POST /auth/login,200,OK,Usuarios - Login 1-3,text,true,,302,223,30,30,http://localhost:3001/auth/login,1,0,0
1775843429715,1,Login - POST /auth/login,200,OK,Usuarios - Login 1-2,text,true,,306,225,30,30,http://localhost:3001/auth/login,1,0,0
1775843429733,2,Login - POST /auth/login,200,OK,Usuarios - Login 1-1,text,true,,306,223,30,30,http://localhost:3001/auth/login,2,0,2
1775843429816,1,Login - POST /auth/login,200,OK,Usuarios - Login 1-14,text,true,,310,229,30,30,http://localhost:3001/auth/login,1,0,0
1775843429913,1,Login - POST /auth/login,200,OK,Usuarios - Login 1-8,text,true,,302,223,30,30,http://localhost:3001/auth/login,0,0,0
1775843429914,0,Login - POST /auth/login,200,OK,Usuarios - Login 1-30,text,true,,302,224,30,30,http://localhost:3001/auth/login,0,0,0
1775843429965,0,Login - POST /auth/login,200,OK,Usuarios - Login 1-26,text,true,,306,225,30,30,http://localhost:3001/auth/login,0,0,0
1775843430013,1,Login - POST /auth/login,200,OK,Usuarios - Login 1-17,text,true,,306,223,30,30,http://localhost:3001/auth/login,1,0,0
1775843430063,0,Login - POST /auth/login,200,OK,Usuarios - Login 1-7,text,true,,310,229,30,30,http://localhost:3001/auth/login,0,0,0
1775843430217,1,Login - POST /auth/login,200,OK,Usuarios - Login 1-25,text,true,,302,223,30,30,http://localhost:3001/auth/login,1,0,0
1775843430261,1,Login - POST /auth/login,200,OK,Usuarios - Login 1-18,text,true,,302,224,30,30,http://localhost:3001/auth/login,1,0,0
1775843430364,0,Login - POST /auth/login,200,OK,Usuarios - Login 1-29,text,true,,306,225,30,30,http://localhost:3001/auth/login,0,0,0
1775843430468,0,Login - POST /auth/login,200,OK,Usuarios - Login 1-24,text,true,,306,223,30,30,http://localhost:3001/auth/login,0,0,0
1775843430514,1,Login - POST /auth/login,200,OK,Usuarios - Login 1-19,text,true,,310,229,30,30,http://localhost:3001/auth/login,1,0,0
1775843430562,1,Login - POST /auth/login,200,OK,Usuarios - Login 1-15,text,true,,302,223,30,30,http://localhost:3001/auth/login,1,0,0
1775843430616,1,Login - POST /auth/login,200,OK,Usuarios - Login 1-23,text,true,,302,224,30,30,http://localhost:3001/auth/login,1,0,0
1775843430766,0,Login - POST /auth/login,200,OK,Usuarios - Login 1-28,text,true,,306,223,30,30,http://localhost:3001/auth/login,0,0,0
1775843430766,1,Login - POST /auth/login,200,OK,Usuarios - Login 1-22,text,true,,306,225,30,30,http://localhost:3001/auth/login,1,0,0
1775843430814,0,Login - POST /auth/login,200,OK,Usuarios - Login 1-13,text,true,,310,229,30,30,http://localhost:3001/auth/login,0,0,0
1775843430814,1,Login - POST /auth/login,200,OK,Usuarios - Login 1-20,text,true,,302,223,30,30,http://localhost:3001/auth/login,1,0,0
1775843430816,0,Login - POST /auth/login,200,OK,Usuarios - Login 1-21,text,true,,302,224,30,30,http://localhost:3001/auth/login,0,0,0
1775843430864,0,Login - POST /auth/login,200,OK,Usuarios - Login 1-9,text,true,,306,225,30,30,http://localhost:3001/auth/login,0,0,0
1775843430915,1,Login - POST /auth/login,200,OK,Usuarios - Login 1-5,text,true,,306,223,30,30,http://localhost:3001/auth/login,1,0,0
1775843430915,1,Login - POST /auth/login,200,OK,Usuarios - Login 1-6,text,true,,302,223,30,30,http://localhost:3001/auth/login,1,0,0
1775843430915,1,Login - POST /auth/login,200,OK,Usuarios - Login 1-4,text,true,,310,229,30,30,http://localhost:3001/auth/login,1,0,0
1775843431012,0,Login - POST /auth/login,200,OK,Usuarios - Login 1-12,text,true,,302,224,30,30,http://localhost:3001/auth/login,0,0,0
1775843431113,1,Login - POST /auth/login,200,OK,Usuarios - Login 1-27,text,true,,306,225,30,30,http://localhost:3001/auth/login,1,0,0
1775843431163,0,Login - POST /auth/login,200,OK,Usuarios - Login 1-16,text,true,,306,223,30,30,http://localhost:3001/auth/login,0,0,0
1775843431213,0,Login - POST /auth/login,200,OK,Usuarios - Login 1-11,text,true,,310,229,30,30,http://localhost:3001/auth/login,0,0,0
1775843431213,1,Login - POST /auth/login,200,OK,Usuarios - Login 1-3,text,true,,302,224,30,30,http://localhost:3001/auth/login,1,0,0
1775843431213,1,Login - POST /auth/login,200,OK,Usuarios - Login 1-10,text,true,,302,223,30,30,http://localhost:3001/auth/login,1,0,0
1775843431214,1,Login - POST /auth/login,200,OK,Usuarios - Login 1-2,text,true,,306,225,30,30,http://localhost:3001/auth/login,1,0,1
1775843431233,1,Login - POST /auth/login,200,OK,Usuarios - Login 1-1,text,true,,306,223,30,30,http://localhost:3001/auth/login,1,0,0
1775843431315,0,Login - POST /auth/login,200,OK,Usuarios - Login 1-14,text,true,,310,229,30,30,http://localhost:3001/auth/login,0,0,0
1775843431413,0,Login - POST /auth/login,200,OK,Usuarios - Login 1-8,text,true,,302,223,30,30,http://localhost:3001/auth/login,0,0,0
1775843431414,0,Login - POST /auth/login,200,OK,Usuarios - Login 1-30,text,true,,302,224,30,30,http://localhost:3001/auth/login,0,0,0
1775843431464,1,Login - POST /auth/login,200,OK,Usuarios - Login 1-26,text,true,,306,225,30,30,http://localhost:3001/auth/login,1,0,0
1775843431512,0,Login - POST /auth/login,200,OK,Usuarios - Login 1-17,text,true,,306,223,30,30,http://localhost:3001/auth/login,0,0,0
1775843431563,1,Login - POST /auth/login,200,OK,Usuarios - Login 1-7,text,true,,310,229,30,30,http://localhost:3001/auth/login,1,0,0
1775843431717,1,Login - POST /auth/login,200,OK,Usuarios - Login 1-25,text,true,,302,223,30,30,http://localhost:3001/auth/login,1,0,0
1775843431762,1,Login - POST /auth/login,200,OK,Usuarios - Login 1-18,text,true,,302,224,30,30,http://localhost:3001/auth/login,1,0,0
1775843431865,1,Login - POST /auth/login,200,OK,Usuarios - Login 1-29,text,true,,306,225,30,30,http://localhost:3001/auth/login,1,0,0
1775843431965,1,Login - POST /auth/login,200,OK,Usuarios - Login 1-24,text,true,,306,223,30,30,http://localhost:3001/auth/login,1,0,0
1775843432014,0,Login - POST /auth/login,200,OK,Usuarios - Login 1-19,text,true,,310,229,30,30,http://localhost:3001/auth/login,0,0,0
1775843432060,0,Login - POST /auth/login,200,OK,Usuarios - Login 1-15,text,true,,302,223,30,30,http://localhost:3001/auth/login,0,0,0
1775843432117,0,Login - POST /auth/login,200,OK,Usuarios - Login 1-23,text,true,,302,224,30,30,http://localhost:3001/auth/login,0,0,0
1775843432265,0,Login - POST /auth/login,200,OK,Usuarios - Login 1-28,text,true,,306,225,30,30,http://localhost:3001/auth/login,0,0,0
1775843432265,1,Login - POST /auth/login,200,OK,Usuarios - Login 1-22,text,true,,306,223,30,30,http://localhost:3001/auth/login,1,0,0
1775843432314,0,Login - POST /auth/login,200,OK,Usuarios - Login 1-20,text,true,,302,223,30,30,http://localhost:3001/auth/login,0,0,0
1775843432314,1,Login - POST /auth/login,200,OK,Usuarios - Login 1-13,text,true,,310,229,30,30,http://localhost:3001/auth/login,1,0,0
1775843432316,0,Login - POST /auth/login,200,OK,Usuarios - Login 1-21,text,true,,302,224,30,30,http://localhost:3001/auth/login,0,0,0
1775843432365,1,Login - POST /auth/login,200,OK,Usuarios - Login 1-9,text,true,,306,225,30,30,http://localhost:3001/auth/login,1,0,0
1775843432414,1,Login - POST /auth/login,200,OK,Usuarios - Login 1-5,text,true,,306,223,30,30,http://localhost:3001/auth/login,1,0,0
1775843432414,1,Login - POST /auth/login,200,OK,Usuarios - Login 1-6,text,true,,310,229,30,30,http://localhost:3001/auth/login,1,0,0
1775843432414,1,Login - POST /auth/login,200,OK,Usuarios - Login 1-4,text,true,,302,223,30,30,http://localhost:3001/auth/login,1,0,1
1775843432512,0,Login - POST /auth/login,200,OK,Usuarios - Login 1-12,text,true,,302,224,30,30,http://localhost:3001/auth/login,0,0,0
1775843432614,0,Login - POST /auth/login,200,OK,Usuarios - Login 1-27,text,true,,306,225,30,30,http://localhost:3001/auth/login,0,0,0
1775843432663,0,Login - POST /auth/login,200,OK,Usuarios - Login 1-16,text,true,,306,223,30,30,http://localhost:3001/auth/login,0,0,0
1775843432714,1,Login - POST /auth/login,200,OK,Usuarios - Login 1-10,text,true,,302,224,30,30,http://localhost:3001/auth/login,1,0,0
1775843432714,1,Login - POST /auth/login,200,OK,Usuarios - Login 1-11,text,true,,310,229,30,30,http://localhost:3001/auth/login,1,0,0
1775843432715,0,Login - POST /auth/login,200,OK,Usuarios - Login 1-2,text,true,,306,225,30,30,http://localhost:3001/auth/login,0,0,0
1775843432714,2,Login - POST /auth/login,200,OK,Usuarios - Login 1-3,text,true,,302,223,30,30,http://localhost:3001/auth/login,2,0,1
1775843432733,1,Login - POST /auth/login,200,OK,Usuarios - Login 1-1,text,true,,306,223,30,30,http://localhost:3001/auth/login,1,0,0
1775843432815,1,Login - POST /auth/login,200,OK,Usuarios - Login 1-14,text,true,,310,229,30,30,http://localhost:3001/auth/login,1,0,0
1775843432912,1,Login - POST /auth/login,200,OK,Usuarios - Login 1-8,text,true,,302,223,30,30,http://localhost:3001/auth/login,1,0,0
1775843432913,1,Login - POST /auth/login,200,OK,Usuarios - Login 1-30,text,true,,302,224,30,30,http://localhost:3001/auth/login,1,0,0
1775843432965,1,Login - POST /auth/login,200,OK,Usuarios - Login 1-26,text,true,,306,225,30,30,http://localhost:3001/auth/login,1,0,0
1775843433013,0,Login - POST /auth/login,200,OK,Usuarios - Login 1-17,text,true,,306,223,30,30,http://localhost:3001/auth/login,0,0,0
1775843433064,0,Login - POST /auth/login,200,OK,Usuarios - Login 1-7,text,true,,310,229,30,30,http://localhost:3001/auth/login,0,0,0
1775843433216,1,Login - POST /auth/login,200,OK,Usuarios - Login 1-25,text,true,,302,223,30,30,http://localhost:3001/auth/login,1,0,0
1775843433262,1,Login - POST /auth/login,200,OK,Usuarios - Login 1-18,text,true,,302,224,30,30,http://localhost:3001/auth/login,1,0,0
1775843433364,1,Login - POST /auth/login,200,OK,Usuarios - Login 1-29,text,true,,306,225,30,30,http://localhost:3001/auth/login,1,0,0
1775843433466,0,Login - POST /auth/login,200,OK,Usuarios - Login 1-24,text,true,,306,223,30,30,http://localhost:3001/auth/login,0,0,0
1775843433515,1,Login - POST /auth/login,200,OK,Usuarios - Login 1-19,text,true,,310,229,30,30,http://localhost:3001/auth/login,1,0,0
1775843433561,0,Login - POST /auth/login,200,OK,Usuarios - Login 1-15,text,true,,302,223,30,30,http://localhost:3001/auth/login,0,0,0
1775843433618,0,Login - POST /auth/login,200,OK,Usuarios - Login 1-23,text,true,,302,224,30,30,http://localhost:3001/auth/login,0,0,0
1775843433765,1,Login - POST /auth/login,200,OK,Usuarios - Login 1-22,text,true,,306,223,30,30,http://localhost:3001/auth/login,1,0,0
1775843433765,1,Login - POST /auth/login,200,OK,Usuarios - Login 1-28,text,true,,306,225,30,30,http://localhost:3001/auth/login,1,0,0
1775843433814,0,Login - POST /auth/login,200,OK,Usuarios - Login 1-13,text,true,,302,223,30,30,http://localhost:3001/auth/login,0,0,0
1775843433815,0,Login - POST /auth/login,200,OK,Usuarios - Login 1-20,text,true,,310,229,30,30,http://localhost:3001/auth/login,0,0,0
1775843433816,0,Login - POST /auth/login,200,OK,Usuarios - Login 1-21,text,true,,302,224,30,30,http://localhost:3001/auth/login,0,0,0
1775843433864,0,Login - POST /auth/login,200,OK,Usuarios - Login 1-9,text,true,,306,225,30,30,http://localhost:3001/auth/login,0,0,0
1775843433914,1,Login - POST /auth/login,200,OK,Usuarios - Login 1-6,text,true,,310,229,30,30,http://localhost:3001/auth/login,1,0,0
1775843433914,1,Login - POST /auth/login,200,OK,Usuarios - Login 1-4,text,true,,302,223,30,30,http://localhost:3001/auth/login,1,0,0
1775843433914,2,Login - POST /auth/login,200,OK,Usuarios - Login 1-5,text,true,,306,223,30,30,http://localhost:3001/auth/login,2,0,1
1775843434013,0,Login - POST /auth/login,200,OK,Usuarios - Login 1-12,text,true,,302,224,30,30,http://localhost:3001/auth/login,0,0,0
1775843434114,1,Login - POST /auth/login,200,OK,Usuarios - Login 1-27,text,true,,306,225,30,30,http://localhost:3001/auth/login,1,0,0
1775843434163,1,Login - POST /auth/login,200,OK,Usuarios - Login 1-16,text,true,,306,223,30,30,http://localhost:3001/auth/login,1,0,0
1775843434213,0,Login - POST /auth/login,200,OK,Usuarios - Login 1-11,text,true,,302,223,30,30,http://localhost:3001/auth/login,0,0,0
1775843434215,0,Login - POST /auth/login,200,OK,Usuarios - Login 1-3,text,true,,306,225,30,30,http://localhost:3001/auth/login,0,0,0
1775843434215,0,Login - POST /auth/login,200,OK,Usuarios - Login 1-10,text,true,,310,229,30,30,http://localhost:3001/auth/login,0,0,0
1775843434215,0,Login - POST /auth/login,200,OK,Usuarios - Login 1-2,text,true,,302,224,30,30,http://localhost:3001/auth/login,0,0,0
1775843434234,1,Login - POST /auth/login,200,OK,Usuarios - Login 1-1,text,true,,306,223,30,30,http://localhost:3001/auth/login,1,0,0
1775843434315,1,Login - POST /auth/login,200,OK,Usuarios - Login 1-14,text,true,,310,229,30,30,http://localhost:3001/auth/login,1,0,0
1775843434413,0,Login - POST /auth/login,200,OK,Usuarios - Login 1-30,text,true,,302,224,30,30,http://localhost:3001/auth/login,0,0,0
1775843434413,1,Login - POST /auth/login,200,OK,Usuarios - Login 1-8,text,true,,302,223,30,30,http://localhost:3001/auth/login,1,0,0
1775843434465,1,Login - POST /auth/login,200,OK,Usuarios - Login 1-26,text,true,,306,225,30,30,http://localhost:3001/auth/login,1,0,0
1775843434513,0,Login - POST /auth/login,200,OK,Usuarios - Login 1-17,text,true,,306,223,30,30,http://localhost:3001/auth/login,0,0,0
1775843434562,0,Login - POST /auth/login,200,OK,Usuarios - Login 1-7,text,true,,310,229,30,30,http://localhost:3001/auth/login,0,0,0
1775843434717,0,Login - POST /auth/login,200,OK,Usuarios - Login 1-25,text,true,,302,223,30,30,http://localhost:3001/auth/login,0,0,0
1775843434760,1,Login - POST /auth/login,200,OK,Usuarios - Login 1-18,text,true,,302,224,30,30,http://localhost:3001/auth/login,1,0,0
1775843434865,0,Login - POST /auth/login,200,OK,Usuarios - Login 1-29,text,true,,306,225,30,30,http://localhost:3001/auth/login,0,0,0
1775843434966,0,Login - POST /auth/login,200,OK,Usuarios - Login 1-24,text,true,,306,223,30,30,http://localhost:3001/auth/login,0,0,0
1775843435014,1,Login - POST /auth/login,200,OK,Usuarios - Login 1-19,text,true,,310,229,30,30,http://localhost:3001/auth/login,1,0,0
1775843435061,1,Login - POST /auth/login,200,OK,Usuarios - Login 1-15,text,true,,302,223,30,30,http://localhost:3001/auth/login,1,0,0
1775843435116,1,Login - POST /auth/login,200,OK,Usuarios - Login 1-23,text,true,,302,224,30,30,http://localhost:3001/auth/login,1,0,0
1775843435264,1,Login - POST /auth/login,200,OK,Usuarios - Login 1-22,text,true,,306,225,30,30,http://localhost:3001/auth/login,1,0,0
1775843435265,0,Login - POST /auth/login,200,OK,Usuarios - Login 1-28,text,true,,306,223,30,30,http://localhost:3001/auth/login,0,0,0
1775843435313,1,Login - POST /auth/login,200,OK,Usuarios - Login 1-20,text,true,,302,223,30,30,http://localhost:3001/auth/login,1,0,0
1775843435314,1,Login - POST /auth/login,200,OK,Usuarios - Login 1-13,text,true,,310,229,30,30,http://localhost:3001/auth/login,1,0,0
1775843435315,0,Login - POST /auth/login,200,OK,Usuarios - Login 1-21,text,true,,302,224,30,30,http://localhost:3001/auth/login,0,0,0
1775843435364,0,Login - POST /auth/login,200,OK,Usuarios - Login 1-9,text,true,,306,225,30,30,http://localhost:3001/auth/login,0,0,0
1775843435414,0,Login - POST /auth/login,200,OK,Usuarios - Login 1-4,text,true,,310,229,30,30,http://localhost:3001/auth/login,0,0,0
1775843435414,2,Login - POST /auth/login,200,OK,Usuarios - Login 1-6,text,true,,306,223,30,30,http://localhost:3001/auth/login,2,0,1
1775843435415,1,Login - POST /auth/login,200,OK,Usuarios - Login 1-5,text,true,,302,223,30,30,http://localhost:3001/auth/login,1,0,0
1775843435512,1,Login - POST /auth/login,200,OK,Usuarios - Login 1-12,text,true,,302,224,30,30,http://localhost:3001/auth/login,1,0,0
1775843435614,1,Login - POST /auth/login,200,OK,Usuarios - Login 1-27,text,true,,306,225,30,30,http://localhost:3001/auth/login,1,0,0
1775843435663,0,Login - POST /auth/login,200,OK,Usuarios - Login 1-16,text,true,,306,223,30,30,http://localhost:3001/auth/login,0,0,0
1775843435713,0,Login - POST /auth/login,200,OK,Usuarios - Login 1-11,text,true,,310,229,30,30,http://localhost:3001/auth/login,0,0,0
1775843435714,0,Login - POST /auth/login,200,OK,Usuarios - Login 1-3,text,true,,302,223,30,30,http://localhost:3001/auth/login,0,0,0
1775843435714,0,Login - POST /auth/login,200,OK,Usuarios - Login 1-10,text,true,,302,224,30,30,http://localhost:3001/auth/login,0,0,0
1775843435715,0,Login - POST /auth/login,200,OK,Usuarios - Login 1-2,text,true,,306,225,30,30,http://localhost:3001/auth/login,0,0,0
1775843435734,1,Login - POST /auth/login,200,OK,Usuarios - Login 1-1,text,true,,306,223,30,30,http://localhost:3001/auth/login,1,0,0
1775843435815,0,Login - POST /auth/login,200,OK,Usuarios - Login 1-14,text,true,,310,229,30,30,http://localhost:3001/auth/login,0,0,0
1775843435913,0,Login - POST /auth/login,200,OK,Usuarios - Login 1-8,text,true,,302,224,30,30,http://localhost:3001/auth/login,0,0,0
1775843435914,0,Login - POST /auth/login,200,OK,Usuarios - Login 1-30,text,true,,302,223,30,30,http://localhost:3001/auth/login,0,0,0
1775843435966,0,Login - POST /auth/login,200,OK,Usuarios - Login 1-26,text,true,,306,225,30,30,http://localhost:3001/auth/login,0,0,0
1775843436012,1,Login - POST /auth/login,200,OK,Usuarios - Login 1-17,text,true,,306,223,30,30,http://localhost:3001/auth/login,1,0,0
1775843436063,1,Login - POST /auth/login,200,OK,Usuarios - Login 1-7,text,true,,310,229,30,30,http://localhost:3001/auth/login,1,0,1
1775843436217,0,Login - POST /auth/login,200,OK,Usuarios - Login 1-25,text,true,,302,223,30,30,http://localhost:3001/auth/login,0,0,0
1775843436261,1,Login - POST /auth/login,200,OK,Usuarios - Login 1-18,text,true,,302,224,30,30,http://localhost:3001/auth/login,1,0,0
1775843436364,1,Login - POST /auth/login,200,OK,Usuarios - Login 1-29,text,true,,306,225,30,30,http://localhost:3001/auth/login,1,0,0
1775843436466,1,Login - POST /auth/login,200,OK,Usuarios - Login 1-24,text,true,,306,223,30,30,http://localhost:3001/auth/login,1,0,0
1775843436514,1,Login - POST /auth/login,200,OK,Usuarios - Login 1-19,text,true,,310,229,30,30,http://localhost:3001/auth/login,1,0,0
1775843436562,1,Login - POST /auth/login,200,OK,Usuarios - Login 1-15,text,true,,302,223,30,30,http://localhost:3001/auth/login,1,0,0
1775843436617,1,Login - POST /auth/login,200,OK,Usuarios - Login 1-23,text,true,,302,224,30,30,http://localhost:3001/auth/login,1,0,0
1775843436766,0,Login - POST /auth/login,200,OK,Usuarios - Login 1-22,text,true,,306,225,30,30,http://localhost:3001/auth/login,0,0,0
1775843436766,0,Login - POST /auth/login,200,OK,Usuarios - Login 1-28,text,true,,306,223,30,30,http://localhost:3001/auth/login,0,0,0
1775843436814,0,Login - POST /auth/login,200,OK,Usuarios - Login 1-13,text,true,,302,223,30,30,http://localhost:3001/auth/login,0,0,0
1775843436814,0,Login - POST /auth/login,200,OK,Usuarios - Login 1-20,text,true,,310,229,30,30,http://localhost:3001/auth/login,0,0,0
1775843436815,0,Login - POST /auth/login,200,OK,Usuarios - Login 1-21,text,true,,302,224,30,30,http://localhost:3001/auth/login,0,0,0
1775843436864,0,Login - POST /auth/login,200,OK,Usuarios - Login 1-9,text,true,,306,225,30,30,http://localhost:3001/auth/login,0,0,0
1775843436914,1,Login - POST /auth/login,200,OK,Usuarios - Login 1-5,text,true,,302,223,30,30,http://localhost:3001/auth/login,1,0,0
1775843436914,1,Login - POST /auth/login,200,OK,Usuarios - Login 1-4,text,true,,306,223,30,30,http://localhost:3001/auth/login,1,0,0
1775843436914,1,Login - POST /auth/login,200,OK,Usuarios - Login 1-6,text,true,,310,229,30,30,http://localhost:3001/auth/login,1,0,0
1775843437012,1,Login - POST /auth/login,200,OK,Usuarios - Login 1-12,text,true,,302,224,30,30,http://localhost:3001/auth/login,1,0,0
1775843437115,0,Login - POST /auth/login,200,OK,Usuarios - Login 1-27,text,true,,306,225,30,30,http://localhost:3001/auth/login,0,0,0
1775843437163,0,Login - POST /auth/login,200,OK,Usuarios - Login 1-16,text,true,,306,223,30,30,http://localhost:3001/auth/login,0,0,0
1775843437213,0,Login - POST /auth/login,200,OK,Usuarios - Login 1-11,text,true,,310,229,30,30,http://localhost:3001/auth/login,0,0,0
1775843437214,0,Login - POST /auth/login,200,OK,Usuarios - Login 1-3,text,true,,302,223,30,30,http://localhost:3001/auth/login,0,0,0
1775843437214,0,Login - POST /auth/login,200,OK,Usuarios - Login 1-10,text,true,,302,224,30,30,http://localhost:3001/auth/login,0,0,0
1775843437215,0,Login - POST /auth/login,200,OK,Usuarios - Login 1-2,text,true,,306,225,30,30,http://localhost:3001/auth/login,0,0,0
1775843437234,0,Login - POST /auth/login,200,OK,Usuarios - Login 1-1,text,true,,306,223,30,30,http://localhost:3001/auth/login,0,0,0
1775843437314,0,Login - POST /auth/login,200,OK,Usuarios - Login 1-14,text,true,,310,229,30,30,http://localhost:3001/auth/login,0,0,0
1775843437412,2,Login - POST /auth/login,200,OK,Usuarios - Login 1-8,text,true,,302,223,30,30,http://localhost:3001/auth/login,2,0,1
1775843437414,0,Login - POST /auth/login,200,OK,Usuarios - Login 1-30,text,true,,302,224,30,30,http://localhost:3001/auth/login,0,0,0
1775843437465,0,Login - POST /auth/login,200,OK,Usuarios - Login 1-26,text,true,,306,225,30,30,http://localhost:3001/auth/login,0,0,0
1775843437513,0,Login - POST /auth/login,200,OK,Usuarios - Login 1-17,text,true,,306,223,30,30,http://localhost:3001/auth/login,0,0,0
1775843437561,1,Login - POST /auth/login,200,OK,Usuarios - Login 1-7,text,true,,310,229,30,30,http://localhost:3001/auth/login,1,0,0
1775843437716,1,Login - POST /auth/login,200,OK,Usuarios - Login 1-25,text,true,,302,223,30,30,http://localhost:3001/auth/login,1,0,0
1775843437762,0,Login - POST /auth/login,200,OK,Usuarios - Login 1-18,text,true,,302,224,30,30,http://localhost:3001/auth/login,0,0,0
1775843437864,0,Login - POST /auth/login,200,OK,Usuarios - Login 1-29,text,true,,306,225,30,30,http://localhost:3001/auth/login,0,0,0
1775843437967,1,Login - POST /auth/login,200,OK,Usuarios - Login 1-24,text,true,,306,223,30,30,http://localhost:3001/auth/login,1,0,0
1775843438015,1,Login - POST /auth/login,200,OK,Usuarios - Login 1-19,text,true,,310,229,30,30,http://localhost:3001/auth/login,1,0,0
1775843438062,0,Login - POST /auth/login,200,OK,Usuarios - Login 1-15,text,true,,302,223,30,30,http://localhost:3001/auth/login,0,0,0
1775843438117,0,Login - POST /auth/login,200,OK,Usuarios - Login 1-23,text,true,,302,224,30,30,http://localhost:3001/auth/login,0,0,0
1775843438264,1,Login - POST /auth/login,200,OK,Usuarios - Login 1-28,text,true,,306,223,30,30,http://localhost:3001/auth/login,1,0,0
1775843438265,0,Login - POST /auth/login,200,OK,Usuarios - Login 1-22,text,true,,306,225,30,30,http://localhost:3001/auth/login,0,0,0
1775843438314,0,Login - POST /auth/login,200,OK,Usuarios - Login 1-13,text,true,,310,229,30,30,http://localhost:3001/auth/login,0,0,0
1775843438314,0,Login - POST /auth/login,200,OK,Usuarios - Login 1-20,text,true,,302,223,30,30,http://localhost:3001/auth/login,0,0,0
1775843438316,0,Login - POST /auth/login,200,OK,Usuarios - Login 1-21,text,true,,302,224,30,30,http://localhost:3001/auth/login,0,0,0
1775843438363,1,Login - POST /auth/login,200,OK,Usuarios - Login 1-9,text,true,,306,225,30,30,http://localhost:3001/auth/login,1,0,0
1775843438413,1,Login - POST /auth/login,200,OK,Usuarios - Login 1-6,text,true,,302,223,30,30,http://localhost:3001/auth/login,1,0,0
1775843438413,1,Login - POST /auth/login,200,OK,Usuarios - Login 1-4,text,true,,310,229,30,30,http://localhost:3001/auth/login,1,0,0
1775843438413,1,Login - POST /auth/login,200,OK,Usuarios - Login 1-5,text,true,,306,223,30,30,http://localhost:3001/auth/login,1,0,0
1775843438513,1,Login - POST /auth/login,200,OK,Usuarios - Login 1-12,text,true,,302,224,30,30,http://localhost:3001/auth/login,1,0,0
1775843438614,1,Login - POST /auth/login,200,OK,Usuarios - Login 1-27,text,true,,306,225,30,30,http://localhost:3001/auth/login,1,0,0
1775843438663,1,Login - POST /auth/login,200,OK,Usuarios - Login 1-16,text,true,,306,223,30,30,http://localhost:3001/auth/login,1,0,0
1775843438713,1,Login - POST /auth/login,200,OK,Usuarios - Login 1-11,text,true,,310,229,30,30,http://localhost:3001/auth/login,1,0,0
1775843438715,0,Login - POST /auth/login,200,OK,Usuarios - Login 1-3,text,true,,302,223,30,30,http://localhost:3001/auth/login,0,0,0
1775843438715,1,Login - POST /auth/login,200,OK,Usuarios - Login 1-10,text,true,,302,224,30,30,http://localhost:3001/auth/login,1,0,0
1775843438716,0,Login - POST /auth/login,200,OK,Usuarios - Login 1-2,text,true,,306,225,30,30,http://localhost:3001/auth/login,0,0,0
1775843438735,0,Login - POST /auth/login,200,OK,Usuarios - Login 1-1,text,true,,306,223,30,30,http://localhost:3001/auth/login,0,0,0
1775843438814,1,Login - POST /auth/login,200,OK,Usuarios - Login 1-14,text,true,,310,229,30,30,http://localhost:3001/auth/login,1,0,0
1775843438913,0,Login - POST /auth/login,200,OK,Usuarios - Login 1-8,text,true,,302,223,30,30,http://localhost:3001/auth/login,0,0,0
1775843438914,0,Login - POST /auth/login,200,OK,Usuarios - Login 1-30,text,true,,302,224,30,30,http://localhost:3001/auth/login,0,0,0
1775843438965,0,Login - POST /auth/login,200,OK,Usuarios - Login 1-26,text,true,,306,225,30,30,http://localhost:3001/auth/login,0,0,0
1775843439012,1,Login - POST /auth/login,200,OK,Usuarios - Login 1-17,text,true,,306,223,30,30,http://localhost:3001/auth/login,1,0,0
1775843439063,1,Login - POST /auth/login,200,OK,Usuarios - Login 1-7,text,true,,310,229,30,30,http://localhost:3001/auth/login,1,0,0
1775843439216,0,Login - POST /auth/login,200,OK,Usuarios - Login 1-25,text,true,,302,223,30,30,http://localhost:3001/auth/login,0,0,0
1775843439260,1,Login - POST /auth/login,200,OK,Usuarios - Login 1-18,text,true,,302,224,30,30,http://localhost:3001/auth/login,1,0,0
1775843439364,1,Login - POST /auth/login,200,OK,Usuarios - Login 1-29,text,true,,306,225,30,30,http://localhost:3001/auth/login,1,0,0
1775843439466,1,Login - POST /auth/login,200,OK,Usuarios - Login 1-24,text,true,,306,223,30,30,http://localhost:3001/auth/login,1,0,0
1775843439514,0,Login - POST /auth/login,200,OK,Usuarios - Login 1-19,text,true,,310,229,30,30,http://localhost:3001/auth/login,0,0,0
1775843439563,0,Login - POST /auth/login,200,OK,Usuarios - Login 1-15,text,true,,302,223,30,30,http://localhost:3001/auth/login,0,0,0
1775843439615,0,Login - POST /auth/login,200,OK,Usuarios - Login 1-23,text,true,,302,224,30,30,http://localhost:3001/auth/login,0,0,0
1775843439766,0,Login - POST /auth/login,200,OK,Usuarios - Login 1-22,text,true,,306,223,30,30,http://localhost:3001/auth/login,0,0,0
1775843439766,0,Login - POST /auth/login,200,OK,Usuarios - Login 1-28,text,true,,306,225,30,30,http://localhost:3001/auth/login,0,0,0
1775843439814,1,Login - POST /auth/login,200,OK,Usuarios - Login 1-13,text,true,,310,229,30,30,http://localhost:3001/auth/login,1,0,0
1775843439814,1,Login - POST /auth/login,200,OK,Usuarios - Login 1-20,text,true,,302,223,30,30,http://localhost:3001/auth/login,1,0,0
1775843439816,0,Login - POST /auth/login,200,OK,Usuarios - Login 1-21,text,true,,302,224,30,30,http://localhost:3001/auth/login,0,0,0
1775843439863,1,Login - POST /auth/login,200,OK,Usuarios - Login 1-9,text,true,,306,225,30,30,http://localhost:3001/auth/login,1,0,0
1775843439914,0,Login - POST /auth/login,200,OK,Usuarios - Login 1-6,text,true,,306,223,30,30,http://localhost:3001/auth/login,0,0,0
1775843439914,0,Login - POST /auth/login,200,OK,Usuarios - Login 1-5,text,true,,302,223,30,30,http://localhost:3001/auth/login,0,0,0
1775843439914,1,Login - POST /auth/login,200,OK,Usuarios - Login 1-4,text,true,,310,229,30,30,http://localhost:3001/auth/login,1,0,0
1775843440012,1,Login - POST /auth/login,200,OK,Usuarios - Login 1-12,text,true,,302,224,30,30,http://localhost:3001/auth/login,1,0,0
1775843440115,0,Login - POST /auth/login,200,OK,Usuarios - Login 1-27,text,true,,306,225,30,30,http://localhost:3001/auth/login,0,0,0
1775843440163,1,Login - POST /auth/login,200,OK,Usuarios - Login 1-16,text,true,,306,223,30,30,http://localhost:3001/auth/login,1,0,0
1775843440212,2,Login - POST /auth/login,200,OK,Usuarios - Login 1-11,text,true,,310,229,30,30,http://localhost:3001/auth/login,2,0,1
1775843440213,1,Login - POST /auth/login,200,OK,Usuarios - Login 1-3,text,true,,302,223,30,30,http://localhost:3001/auth/login,1,0,0
1775843440214,0,Login - POST /auth/login,200,OK,Usuarios - Login 1-10,text,true,,302,224,30,30,http://localhost:3001/auth/login,0,0,0
1775843440214,1,Login - POST /auth/login,200,OK,Usuarios - Login 1-2,text,true,,306,225,30,30,http://localhost:3001/auth/login,1,0,0
1775843440235,1,Login - POST /auth/login,200,OK,Usuarios - Login 1-1,text,true,,306,223,30,30,http://localhost:3001/auth/login,1,0,0
1775843440314,1,Login - POST /auth/login,200,OK,Usuarios - Login 1-14,text,true,,310,229,30,30,http://localhost:3001/auth/login,1,0,0
1775843440411,1,Login - POST /auth/login,200,OK,Usuarios - Login 1-8,text,true,,302,223,30,30,http://localhost:3001/auth/login,1,0,0
1775843440413,1,Login - POST /auth/login,200,OK,Usuarios - Login 1-30,text,true,,302,224,30,30,http://localhost:3001/auth/login,1,0,0
1775843440464,1,Login - POST /auth/login,200,OK,Usuarios - Login 1-26,text,true,,306,225,30,30,http://localhost:3001/auth/login,1,0,0
1775843440513,1,Login - POST /auth/login,200,OK,Usuarios - Login 1-17,text,true,,306,223,30,30,http://localhost:3001/auth/login,1,0,0
1775843440562,0,Login - POST /auth/login,200,OK,Usuarios - Login 1-7,text,true,,310,229,30,30,http://localhost:3001/auth/login,0,0,0
1775843440716,1,Login - POST /auth/login,200,OK,Usuarios - Login 1-25,text,true,,302,223,30,30,http://localhost:3001/auth/login,1,0,0
1775843440762,0,Login - POST /auth/login,200,OK,Usuarios - Login 1-18,text,true,,302,224,30,30,http://localhost:3001/auth/login,0,0,0
1775843440864,1,Login - POST /auth/login,200,OK,Usuarios - Login 1-29,text,true,,306,225,30,30,http://localhost:3001/auth/login,1,0,0
1775843440967,1,Login - POST /auth/login,200,OK,Usuarios - Login 1-24,text,true,,306,223,30,30,http://localhost:3001/auth/login,1,0,0
1775843441015,1,Login - POST /auth/login,200,OK,Usuarios - Login 1-19,text,true,,310,229,30,30,http://localhost:3001/auth/login,1,0,0
1775843441061,0,Login - POST /auth/login,200,OK,Usuarios - Login 1-15,text,true,,302,223,30,30,http://localhost:3001/auth/login,0,0,0
1775843441117,1,Login - POST /auth/login,200,OK,Usuarios - Login 1-23,text,true,,302,224,30,30,http://localhost:3001/auth/login,1,0,0
1775843441264,1,Login - POST /auth/login,200,OK,Usuarios - Login 1-28,text,true,,306,223,30,30,http://localhost:3001/auth/login,1,0,0
1775843441265,1,Login - POST /auth/login,200,OK,Usuarios - Login 1-22,text,true,,306,225,30,30,http://localhost:3001/auth/login,1,0,0
1775843441315,1,Login - POST /auth/login,200,OK,Usuarios - Login 1-21,text,true,,302,224,30,30,http://localhost:3001/auth/login,1,0,0
1775843441315,1,Login - POST /auth/login,200,OK,Usuarios - Login 1-20,text,true,,302,223,30,30,http://localhost:3001/auth/login,1,0,0
1775843441315,1,Login - POST /auth/login,200,OK,Usuarios - Login 1-13,text,true,,310,229,30,30,http://localhost:3001/auth/login,1,0,0
1775843441365,1,Login - POST /auth/login,200,OK,Usuarios - Login 1-9,text,true,,306,225,30,30,http://localhost:3001/auth/login,1,0,0
1775843441413,1,Login - POST /auth/login,200,OK,Usuarios - Login 1-6,text,true,,306,223,30,30,http://localhost:3001/auth/login,1,0,0
1775843441413,1,Login - POST /auth/login,200,OK,Usuarios - Login 1-4,text,true,,302,223,30,30,http://localhost:3001/auth/login,1,0,0
1775843441413,1,Login - POST /auth/login,200,OK,Usuarios - Login 1-5,text,true,,310,229,30,30,http://localhost:3001/auth/login,1,0,0
1775843441511,1,Login - POST /auth/login,200,OK,Usuarios - Login 1-12,text,true,,302,224,30,30,http://localhost:3001/auth/login,1,0,1
1775843441614,1,Login - POST /auth/login,200,OK,Usuarios - Login 1-27,text,true,,306,225,30,30,http://localhost:3001/auth/login,1,0,0
1775843441662,1,Login - POST /auth/login,200,OK,Usuarios - Login 1-16,text,true,,306,223,30,30,http://localhost:3001/auth/login,1,0,0
1775843441712,1,Login - POST /auth/login,200,OK,Usuarios - Login 1-11,text,true,,310,229,30,30,http://localhost:3001/auth/login,1,0,0
1775843441714,1,Login - POST /auth/login,200,OK,Usuarios - Login 1-3,text,true,,302,223,30,30,http://localhost:3001/auth/login,1,0,0
1775843441714,1,Login - POST /auth/login,200,OK,Usuarios - Login 1-10,text,true,,302,224,30,30,http://localhost:3001/auth/login,1,0,0
1775843441715,1,Login - POST /auth/login,200,OK,Usuarios - Login 1-2,text,true,,306,225,30,30,http://localhost:3001/auth/login,1,0,0
1775843441733,1,Login - POST /auth/login,200,OK,Usuarios - Login 1-1,text,true,,306,223,30,30,http://localhost:3001/auth/login,1,0,0
1775843441815,1,Login - POST /auth/login,200,OK,Usuarios - Login 1-14,text,true,,310,229,30,30,http://localhost:3001/auth/login,1,0,0
1775843441912,0,Login - POST /auth/login,200,OK,Usuarios - Login 1-8,text,true,,302,223,30,30,http://localhost:3001/auth/login,0,0,0
1775843441914,0,Login - POST /auth/login,200,OK,Usuarios - Login 1-30,text,true,,302,224,30,30,http://localhost:3001/auth/login,0,0,0
1775843441964,1,Login - POST /auth/login,200,OK,Usuarios - Login 1-26,text,true,,306,225,30,30,http://localhost:3001/auth/login,1,0,0
1775843442014,0,Login - POST /auth/login,200,OK,Usuarios - Login 1-17,text,true,,306,223,30,30,http://localhost:3001/auth/login,0,0,0
1775843442062,1,Login - POST /auth/login,200,OK,Usuarios - Login 1-7,text,true,,310,229,30,30,http://localhost:3001/auth/login,1,0,0
1775843442217,0,Login - POST /auth/login,200,OK,Usuarios - Login 1-25,text,true,,302,223,30,30,http://localhost:3001/auth/login,0,0,0
1775843442262,0,Login - POST /auth/login,200,OK,Usuarios - Login 1-18,text,true,,302,224,30,30,http://localhost:3001/auth/login,0,0,0
1775843442363,1,Login - POST /auth/login,200,OK,Usuarios - Login 1-29,text,true,,306,225,30,30,http://localhost:3001/auth/login,1,0,0
1775843442465,1,Login - POST /auth/login,200,OK,Usuarios - Login 1-24,text,true,,306,223,30,30,http://localhost:3001/auth/login,1,0,0
1775843442514,1,Login - POST /auth/login,200,OK,Usuarios - Login 1-19,text,true,,310,229,30,30,http://localhost:3001/auth/login,1,0,0
1775843442562,1,Login - POST /auth/login,200,OK,Usuarios - Login 1-15,text,true,,302,223,30,30,http://localhost:3001/auth/login,1,0,0
1775843442617,0,Login - POST /auth/login,200,OK,Usuarios - Login 1-23,text,true,,302,224,30,30,http://localhost:3001/auth/login,0,0,0
1775843442764,1,Login - POST /auth/login,200,OK,Usuarios - Login 1-28,text,true,,306,225,30,30,http://localhost:3001/auth/login,1,0,0
1775843442765,0,Login - POST /auth/login,200,OK,Usuarios - Login 1-22,text,true,,306,223,30,30,http://localhost:3001/auth/login,0,0,0
1775843442813,1,Login - POST /auth/login,200,OK,Usuarios - Login 1-20,text,true,,302,223,30,30,http://localhost:3001/auth/login,1,0,0
1775843442815,1,Login - POST /auth/login,200,OK,Usuarios - Login 1-13,text,true,,302,224,30,30,http://localhost:3001/auth/login,1,0,1
1775843442816,0,Login - POST /auth/login,200,OK,Usuarios - Login 1-21,text,true,,310,229,30,30,http://localhost:3001/auth/login,0,0,0
1775843442863,1,Login - POST /auth/login,200,OK,Usuarios - Login 1-9,text,true,,306,225,30,30,http://localhost:3001/auth/login,1,0,0
1775843442914,1,Login - POST /auth/login,200,OK,Usuarios - Login 1-6,text,true,,306,223,30,30,http://localhost:3001/auth/login,1,0,0
1775843442914,1,Login - POST /auth/login,200,OK,Usuarios - Login 1-4,text,true,,310,229,30,30,http://localhost:3001/auth/login,1,0,0
1775843442914,1,Login - POST /auth/login,200,OK,Usuarios - Login 1-5,text,true,,302,223,30,30,http://localhost:3001/auth/login,1,0,0
1775843443012,1,Login - POST /auth/login,200,OK,Usuarios - Login 1-12,text,true,,302,224,30,30,http://localhost:3001/auth/login,1,0,0
1775843443114,0,Login - POST /auth/login,200,OK,Usuarios - Login 1-27,text,true,,306,225,30,30,http://localhost:3001/auth/login,0,0,0
1775843443162,1,Login - POST /auth/login,200,OK,Usuarios - Login 1-16,text,true,,306,223,30,30,http://localhost:3001/auth/login,1,0,0
1775843443213,0,Login - POST /auth/login,200,OK,Usuarios - Login 1-11,text,true,,310,229,30,30,http://localhost:3001/auth/login,0,0,0
1775843443214,0,Login - POST /auth/login,200,OK,Usuarios - Login 1-10,text,true,,302,224,30,30,http://localhost:3001/auth/login,0,0,0
1775843443214,0,Login - POST /auth/login,200,OK,Usuarios - Login 1-3,text,true,,302,223,30,30,http://localhost:3001/auth/login,0,0,0
1775843443215,0,Login - POST /auth/login,200,OK,Usuarios - Login 1-2,text,true,,306,225,30,30,http://localhost:3001/auth/login,0,0,0
1775843443233,0,Login - POST /auth/login,200,OK,Usuarios - Login 1-1,text,true,,306,223,30,30,http://localhost:3001/auth/login,0,0,0
1775843443315,1,Login - POST /auth/login,200,OK,Usuarios - Login 1-14,text,true,,310,229,30,30,http://localhost:3001/auth/login,1,0,1
1775843443411,1,Login - POST /auth/login,200,OK,Usuarios - Login 1-8,text,true,,302,223,30,30,http://localhost:3001/auth/login,1,0,0
1775843443413,1,Login - POST /auth/login,200,OK,Usuarios - Login 1-30,text,true,,302,224,30,30,http://localhost:3001/auth/login,1,0,0
1775843443465,0,Login - POST /auth/login,200,OK,Usuarios - Login 1-26,text,true,,306,225,30,30,http://localhost:3001/auth/login,0,0,0
1775843443513,1,Login - POST /auth/login,200,OK,Usuarios - Login 1-17,text,true,,306,223,30,30,http://localhost:3001/auth/login,1,0,0
1775843443562,1,Login - POST /auth/login,200,OK,Usuarios - Login 1-7,text,true,,310,229,30,30,http://localhost:3001/auth/login,1,0,0
1775843443716,1,Login - POST /auth/login,200,OK,Usuarios - Login 1-25,text,true,,302,223,30,30,http://localhost:3001/auth/login,1,0,0
1775843443761,0,Login - POST /auth/login,200,OK,Usuarios - Login 1-18,text,true,,302,224,30,30,http://localhost:3001/auth/login,0,0,0
1775843443864,0,Login - POST /auth/login,200,OK,Usuarios - Login 1-29,text,true,,306,225,30,30,http://localhost:3001/auth/login,0,0,0
1775843443965,1,Login - POST /auth/login,200,OK,Usuarios - Login 1-24,text,true,,306,223,30,30,http://localhost:3001/auth/login,1,0,0
1775843444013,1,Login - POST /auth/login,200,OK,Usuarios - Login 1-19,text,true,,310,229,30,30,http://localhost:3001/auth/login,1,0,0
1775843444062,1,Login - POST /auth/login,200,OK,Usuarios - Login 1-15,text,true,,302,223,30,30,http://localhost:3001/auth/login,1,0,0
1775843444117,1,Login - POST /auth/login,200,OK,Usuarios - Login 1-23,text,true,,302,224,30,30,http://localhost:3001/auth/login,1,0,0
1775843444265,1,Login - POST /auth/login,200,OK,Usuarios - Login 1-28,text,true,,306,225,30,30,http://localhost:3001/auth/login,1,0,0
1775843444265,1,Login - POST /auth/login,200,OK,Usuarios - Login 1-22,text,true,,306,223,30,30,http://localhost:3001/auth/login,1,0,0
1775843444315,1,Login - POST /auth/login,200,OK,Usuarios - Login 1-20,text,true,,310,229,30,30,http://localhost:3001/auth/login,1,0,0
1775843444315,1,Login - POST /auth/login,200,OK,Usuarios - Login 1-13,text,true,,302,223,30,30,http://localhost:3001/auth/login,1,0,0
1775843444317,0,Login - POST /auth/login,200,OK,Usuarios - Login 1-21,text,true,,302,224,30,30,http://localhost:3001/auth/login,0,0,0
1775843444364,0,Login - POST /auth/login,200,OK,Usuarios - Login 1-9,text,true,,306,225,30,30,http://localhost:3001/auth/login,0,0,0
1775843444413,0,Login - POST /auth/login,200,OK,Usuarios - Login 1-4,text,true,,310,229,30,30,http://localhost:3001/auth/login,0,0,0
1775843444413,0,Login - POST /auth/login,200,OK,Usuarios - Login 1-5,text,true,,302,223,30,30,http://localhost:3001/auth/login,0,0,0
1775843444413,1,Login - POST /auth/login,200,OK,Usuarios - Login 1-6,text,true,,306,223,30,30,http://localhost:3001/auth/login,1,0,0
1775843444512,0,Login - POST /auth/login,200,OK,Usuarios - Login 1-12,text,true,,302,224,30,30,http://localhost:3001/auth/login,0,0,0
1775843444616,0,Login - POST /auth/login,200,OK,Usuarios - Login 1-27,text,true,,306,225,30,30,http://localhost:3001/auth/login,0,0,0
1775843444662,1,Login - POST /auth/login,200,OK,Usuarios - Login 1-16,text,true,,306,223,30,30,http://localhost:3001/auth/login,1,0,1
1775843444713,0,Login - POST /auth/login,200,OK,Usuarios - Login 1-11,text,true,,310,229,30,30,http://localhost:3001/auth/login,0,0,0
1775843444714,0,Login - POST /auth/login,200,OK,Usuarios - Login 1-10,text,true,,302,223,30,30,http://localhost:3001/auth/login,0,0,0
1775843444714,0,Login - POST /auth/login,200,OK,Usuarios - Login 1-3,text,true,,302,224,30,30,http://localhost:3001/auth/login,0,0,0
1775843444715,0,Login - POST /auth/login,200,OK,Usuarios - Login 1-2,text,true,,306,225,30,30,http://localhost:3001/auth/login,0,0,0
1775843444733,1,Login - POST /auth/login,200,OK,Usuarios - Login 1-1,text,true,,306,223,30,30,http://localhost:3001/auth/login,1,0,0
1775843444815,1,Login - POST /auth/login,200,OK,Usuarios - Login 1-14,text,true,,310,229,30,30,http://localhost:3001/auth/login,1,0,0
1775843444912,0,Login - POST /auth/login,200,OK,Usuarios - Login 1-8,text,true,,302,223,30,30,http://localhost:3001/auth/login,0,0,0
1775843444914,0,Login - POST /auth/login,200,OK,Usuarios - Login 1-30,text,true,,302,224,30,30,http://localhost:3001/auth/login,0,0,0
1775843444964,1,Login - POST /auth/login,200,OK,Usuarios - Login 1-26,text,true,,306,225,30,30,http://localhost:3001/auth/login,1,0,0
1775843445013,0,Login - POST /auth/login,200,OK,Usuarios - Login 1-17,text,true,,306,223,30,30,http://localhost:3001/auth/login,0,0,0
1775843445062,0,Login - POST /auth/login,200,OK,Usuarios - Login 1-7,text,true,,310,229,30,30,http://localhost:3001/auth/login,0,0,0
1775843445216,1,Login - POST /auth/login,200,OK,Usuarios - Login 1-25,text,true,,302,223,30,30,http://localhost:3001/auth/login,1,0,0
1775843445262,1,Login - POST /auth/login,200,OK,Usuarios - Login 1-18,text,true,,302,224,30,30,http://localhost:3001/auth/login,1,0,0
1775843445363,1,Login - POST /auth/login,200,OK,Usuarios - Login 1-29,text,true,,306,225,30,30,http://localhost:3001/auth/login,1,0,0
1775843445466,0,Login - POST /auth/login,200,OK,Usuarios - Login 1-24,text,true,,306,223,30,30,http://localhost:3001/auth/login,0,0,0
1775843445515,0,Login - POST /auth/login,200,OK,Usuarios - Login 1-19,text,true,,310,229,30,30,http://localhost:3001/auth/login,0,0,0
1775843445561,0,Login - POST /auth/login,200,OK,Usuarios - Login 1-15,text,true,,302,223,30,30,http://localhost:3001/auth/login,0,0,0
1775843445618,0,Login - POST /auth/login,200,OK,Usuarios - Login 1-23,text,true,,302,224,30,30,http://localhost:3001/auth/login,0,0,0
1775843445764,1,Login - POST /auth/login,200,OK,Usuarios - Login 1-28,text,true,,306,225,30,30,http://localhost:3001/auth/login,1,0,0
1775843445765,0,Login - POST /auth/login,200,OK,Usuarios - Login 1-22,text,true,,306,223,30,30,http://localhost:3001/auth/login,0,0,0
1775843445814,0,Login - POST /auth/login,200,OK,Usuarios - Login 1-13,text,true,,302,223,30,30,http://localhost:3001/auth/login,0,0,0
1775843445815,1,Login - POST /auth/login,200,OK,Usuarios - Login 1-20,text,true,,310,229,30,30,http://localhost:3001/auth/login,1,0,0
1775843445817,1,Login - POST /auth/login,200,OK,Usuarios - Login 1-21,text,true,,302,224,30,30,http://localhost:3001/auth/login,1,0,0
1775843445864,0,Login - POST /auth/login,200,OK,Usuarios - Login 1-9,text,true,,306,225,30,30,http://localhost:3001/auth/login,0,0,0
1775843445913,1,Login - POST /auth/login,200,OK,Usuarios - Login 1-6,text,true,,302,223,30,30,http://localhost:3001/auth/login,1,0,0
1775843445913,1,Login - POST /auth/login,200,OK,Usuarios - Login 1-4,text,true,,306,223,30,30,http://localhost:3001/auth/login,1,0,0
1775843445913,1,Login - POST /auth/login,200,OK,Usuarios - Login 1-5,text,true,,310,229,30,30,http://localhost:3001/auth/login,1,0,0
1775843446012,0,Login - POST /auth/login,200,OK,Usuarios - Login 1-12,text,true,,302,224,30,30,http://localhost:3001/auth/login,0,0,0
1775843446114,0,Login - POST /auth/login,200,OK,Usuarios - Login 1-27,text,true,,306,225,30,30,http://localhost:3001/auth/login,0,0,0
1775843446164,0,Login - POST /auth/login,200,OK,Usuarios - Login 1-16,text,true,,306,223,30,30,http://localhost:3001/auth/login,0,0,0
1775843446213,1,Login - POST /auth/login,200,OK,Usuarios - Login 1-10,text,true,,302,223,30,30,http://localhost:3001/auth/login,1,0,0
1775843446214,0,Login - POST /auth/login,200,OK,Usuarios - Login 1-11,text,true,,310,229,30,30,http://localhost:3001/auth/login,0,0,0
1775843446214,0,Login - POST /auth/login,200,OK,Usuarios - Login 1-3,text,true,,302,224,30,30,http://localhost:3001/auth/login,0,0,0
1775843446215,0,Login - POST /auth/login,200,OK,Usuarios - Login 1-2,text,true,,306,225,30,30,http://localhost:3001/auth/login,0,0,0
1775843446234,0,Login - POST /auth/login,200,OK,Usuarios - Login 1-1,text,true,,306,223,30,30,http://localhost:3001/auth/login,0,0,0
1775843446315,1,Login - POST /auth/login,200,OK,Usuarios - Login 1-14,text,true,,310,229,30,30,http://localhost:3001/auth/login,1,0,0
1775843446412,1,Login - POST /auth/login,200,OK,Usuarios - Login 1-8,text,true,,302,223,30,30,http://localhost:3001/auth/login,1,0,0
1775843446413,1,Login - POST /auth/login,200,OK,Usuarios - Login 1-30,text,true,,302,224,30,30,http://localhost:3001/auth/login,1,0,0
1775843446465,1,Login - POST /auth/login,200,OK,Usuarios - Login 1-26,text,true,,306,225,30,30,http://localhost:3001/auth/login,1,0,0
1775843446513,1,Login - POST /auth/login,200,OK,Usuarios - Login 1-17,text,true,,306,223,30,30,http://localhost:3001/auth/login,1,0,1
1775843446562,0,Login - POST /auth/login,200,OK,Usuarios - Login 1-7,text,true,,310,229,30,30,http://localhost:3001/auth/login,0,0,0
1775843446716,1,Login - POST /auth/login,200,OK,Usuarios - Login 1-25,text,true,,302,223,30,30,http://localhost:3001/auth/login,1,0,0
1775843446762,1,Login - POST /auth/login,200,OK,Usuarios - Login 1-18,text,true,,302,224,30,30,http://localhost:3001/auth/login,1,0,1
1775843446865,0,Login - POST /auth/login,200,OK,Usuarios - Login 1-29,text,true,,306,225,30,30,http://localhost:3001/auth/login,0,0,0
1775843446967,0,Login - POST /auth/login,200,OK,Usuarios - Login 1-24,text,true,,306,223,30,30,http://localhost:3001/auth/login,0,0,0
1775843447015,1,Login - POST /auth/login,200,OK,Usuarios - Login 1-19,text,true,,310,229,30,30,http://localhost:3001/auth/login,1,0,0
1775843447061,1,Login - POST /auth/login,200,OK,Usuarios - Login 1-15,text,true,,302,223,30,30,http://localhost:3001/auth/login,1,0,0
1775843447116,0,Login - POST /auth/login,200,OK,Usuarios - Login 1-23,text,true,,302,224,30,30,http://localhost:3001/auth/login,0,0,0
1775843447264,1,Login - POST /auth/login,200,OK,Usuarios - Login 1-28,text,true,,306,225,30,30,http://localhost:3001/auth/login,1,0,0
1775843447265,0,Login - POST /auth/login,200,OK,Usuarios - Login 1-22,text,true,,306,223,30,30,http://localhost:3001/auth/login,0,0,0
1775843447313,1,Login - POST /auth/login,200,OK,Usuarios - Login 1-13,text,true,,310,229,30,30,http://localhost:3001/auth/login,1,0,0
1775843447313,1,Login - POST /auth/login,200,OK,Usuarios - Login 1-20,text,true,,302,223,30,30,http://localhost:3001/auth/login,1,0,0
1775843447315,0,Login - POST /auth/login,200,OK,Usuarios - Login 1-21,text,true,,302,224,30,30,http://localhost:3001/auth/login,0,0,0
1775843447365,1,Login - POST /auth/login,200,OK,Usuarios - Login 1-9,text,true,,306,225,30,30,http://localhost:3001/auth/login,1,0,0
1775843447414,0,Login - POST /auth/login,200,OK,Usuarios - Login 1-6,text,true,,306,223,30,30,http://localhost:3001/auth/login,0,0,0
1775843447414,0,Login - POST /auth/login,200,OK,Usuarios - Login 1-4,text,true,,302,223,30,30,http://localhost:3001/auth/login,0,0,0
1775843447414,1,Login - POST /auth/login,200,OK,Usuarios - Login 1-5,text,true,,310,229,30,30,http://localhost:3001/auth/login,1,0,0
1775843447512,1,Login - POST /auth/login,200,OK,Usuarios - Login 1-12,text,true,,302,224,30,30,http://localhost:3001/auth/login,1,0,0
1775843447614,0,Login - POST /auth/login,200,OK,Usuarios - Login 1-27,text,true,,306,225,30,30,http://localhost:3001/auth/login,0,0,0
1775843447663,0,Login - POST /auth/login,200,OK,Usuarios - Login 1-16,text,true,,306,223,30,30,http://localhost:3001/auth/login,0,0,0
1775843447714,0,Login - POST /auth/login,200,OK,Usuarios - Login 1-3,text,true,,302,224,30,30,http://localhost:3001/auth/login,0,0,0
1775843447714,1,Login - POST /auth/login,200,OK,Usuarios - Login 1-11,text,true,,302,223,30,30,http://localhost:3001/auth/login,1,0,0
1775843447715,0,Login - POST /auth/login,200,OK,Usuarios - Login 1-2,text,true,,306,225,30,30,http://localhost:3001/auth/login,0,0,0
1775843447715,0,Login - POST /auth/login,200,OK,Usuarios - Login 1-10,text,true,,310,229,30,30,http://localhost:3001/auth/login,0,0,0
1775843447733,1,Login - POST /auth/login,200,OK,Usuarios - Login 1-1,text,true,,306,223,30,30,http://localhost:3001/auth/login,1,0,0
1775843447813,1,Login - POST /auth/login,200,OK,Usuarios - Login 1-14,text,true,,310,229,30,30,http://localhost:3001/auth/login,1,0,0
1775843447912,1,Login - POST /auth/login,200,OK,Usuarios - Login 1-8,text,true,,302,223,30,30,http://localhost:3001/auth/login,1,0,0
1775843447914,1,Login - POST /auth/login,200,OK,Usuarios - Login 1-30,text,true,,302,224,30,30,http://localhost:3001/auth/login,1,0,0
1775843447966,0,Login - POST /auth/login,200,OK,Usuarios - Login 1-26,text,true,,306,225,30,30,http://localhost:3001/auth/login,0,0,0
1775843448015,0,Login - POST /auth/login,200,OK,Usuarios - Login 1-17,text,true,,306,223,30,30,http://localhost:3001/auth/login,0,0,0
1775843448062,1,Login - POST /auth/login,200,OK,Usuarios - Login 1-7,text,true,,310,229,30,30,http://localhost:3001/auth/login,1,0,0
1775843448218,1,Login - POST /auth/login,200,OK,Usuarios - Login 1-25,text,true,,302,223,30,30,http://localhost:3001/auth/login,1,0,0
1775843448262,1,Login - POST /auth/login,200,OK,Usuarios - Login 1-18,text,true,,302,224,30,30,http://localhost:3001/auth/login,1,0,0
1775843448365,1,Login - POST /auth/login,200,OK,Usuarios - Login 1-29,text,true,,306,225,30,30,http://localhost:3001/auth/login,1,0,0
1775843448467,0,Login - POST /auth/login,200,OK,Usuarios - Login 1-24,text,true,,306,223,30,30,http://localhost:3001/auth/login,0,0,0
1775843448516,1,Login - POST /auth/login,200,OK,Usuarios - Login 1-19,text,true,,310,229,30,30,http://localhost:3001/auth/login,1,0,1
1775843448563,0,Login - POST /auth/login,200,OK,Usuarios - Login 1-15,text,true,,302,223,30,30,http://localhost:3001/auth/login,0,0,0
1775843448616,1,Login - POST /auth/login,200,OK,Usuarios - Login 1-23,text,true,,302,224,30,30,http://localhost:3001/auth/login,1,0,0
1775843448766,1,Login - POST /auth/login,200,OK,Usuarios - Login 1-22,text,true,,306,223,30,30,http://localhost:3001/auth/login,1,0,0
1775843448766,1,Login - POST /auth/login,200,OK,Usuarios - Login 1-28,text,true,,306,225,30,30,http://localhost:3001/auth/login,1,0,0
1775843448815,1,Login - POST /auth/login,200,OK,Usuarios - Login 1-13,text,true,,310,229,30,30,http://localhost:3001/auth/login,1,0,0
1775843448817,0,Login - POST /auth/login,200,OK,Usuarios - Login 1-21,text,true,,302,224,30,30,http://localhost:3001/auth/login,0,0,0
1775843448817,1,Login - POST /auth/login,200,OK,Usuarios - Login 1-20,text,true,,302,223,30,30,http://localhost:3001/auth/login,1,0,1
1775843448865,1,Login - POST /auth/login,200,OK,Usuarios - Login 1-9,text,true,,306,225,30,30,http://localhost:3001/auth/login,1,0,0
1775843448915,0,Login - POST /auth/login,200,OK,Usuarios - Login 1-6,text,true,,306,223,30,30,http://localhost:3001/auth/login,0,0,0
1775843448915,0,Login - POST /auth/login,200,OK,Usuarios - Login 1-4,text,true,,310,229,30,30,http://localhost:3001/auth/login,0,0,0
1775843448915,0,Login - POST /auth/login,200,OK,Usuarios - Login 1-5,text,true,,302,223,30,30,http://localhost:3001/auth/login,0,0,0
1775843449014,0,Login - POST /auth/login,200,OK,Usuarios - Login 1-12,text,true,,302,224,30,30,http://localhost:3001/auth/login,0,0,0
1775843449116,0,Login - POST /auth/login,200,OK,Usuarios - Login 1-27,text,true,,306,225,30,30,http://localhost:3001/auth/login,0,0,0
1775843449163,1,Login - POST /auth/login,200,OK,Usuarios - Login 1-16,text,true,,306,223,30,30,http://localhost:3001/auth/login,1,0,0
1775843449215,0,Login - POST /auth/login,200,OK,Usuarios - Login 1-10,text,true,,306,225,30,30,http://localhost:3001/auth/login,0,0,0
1775843449215,0,Login - POST /auth/login,200,OK,Usuarios - Login 1-3,text,true,,310,229,30,30,http://localhost:3001/auth/login,0,0,0
1775843449215,1,Login - POST /auth/login,200,OK,Usuarios - Login 1-11,text,true,,302,223,30,30,http://localhost:3001/auth/login,1,0,0
1775843449216,0,Login - POST /auth/login,200,OK,Usuarios - Login 1-2,text,true,,302,224,30,30,http://localhost:3001/auth/login,0,0,0
1775843449235,1,Login - POST /auth/login,200,OK,Usuarios - Login 1-1,text,true,,306,223,30,30,http://localhost:3001/auth/login,1,0,0
1775843449314,1,Login - POST /auth/login,200,OK,Usuarios - Login 1-14,text,true,,310,229,30,30,http://localhost:3001/auth/login,1,0,0
1775843449415,1,Login - POST /auth/login,200,OK,Usuarios - Login 1-8,text,true,,302,223,30,30,http://localhost:3001/auth/login,1,0,0
1775843449415,1,Login - POST /auth/login,200,OK,Usuarios - Login 1-30,text,true,,302,224,30,30,http://localhost:3001/auth/login,1,0,0
1775843449466,0,Login - POST /auth/login,200,OK,Usuarios - Login 1-26,text,true,,306,225,30,30,http://localhost:3001/auth/login,0,0,0
1775843449513,1,Login - POST /auth/login,200,OK,Usuarios - Login 1-17,text,true,,306,223,30,30,http://localhost:3001/auth/login,1,0,0
1775843449563,1,Login - POST /auth/login,200,OK,Usuarios - Login 1-7,text,true,,310,229,30,30,http://localhost:3001/auth/login,1,0,0
1775843449716,1,Login - POST /auth/login,200,OK,Usuarios - Login 1-25,text,true,,302,223,30,30,http://localhost:3001/auth/login,1,0,0
1775843449763,1,Login - POST /auth/login,200,OK,Usuarios - Login 1-18,text,true,,302,224,30,30,http://localhost:3001/auth/login,1,0,0
1775843449865,1,Login - POST /auth/login,200,OK,Usuarios - Login 1-29,text,true,,306,225,30,30,http://localhost:3001/auth/login,1,0,0
1775843449966,1,Login - POST /auth/login,200,OK,Usuarios - Login 1-24,text,true,,306,223,30,30,http://localhost:3001/auth/login,1,0,0
1775843450016,1,Login - POST /auth/login,200,OK,Usuarios - Login 1-19,text,true,,310,229,30,30,http://localhost:3001/auth/login,1,0,0
1775843450062,0,Login - POST /auth/login,200,OK,Usuarios - Login 1-15,text,true,,302,223,30,30,http://localhost:3001/auth/login,0,0,0
1775843450118,1,Login - POST /auth/login,200,OK,Usuarios - Login 1-23,text,true,,302,224,30,30,http://localhost:3001/auth/login,1,0,0
1775843450265,1,Login - POST /auth/login,200,OK,Usuarios - Login 1-28,text,true,,306,223,30,30,http://localhost:3001/auth/login,1,0,0
1775843450266,1,Login - POST /auth/login,200,OK,Usuarios - Login 1-22,text,true,,306,225,30,30,http://localhost:3001/auth/login,1,0,0
1775843450315,0,Login - POST /auth/login,200,OK,Usuarios - Login 1-20,text,true,,302,224,30,30,http://localhost:3001/auth/login,0,0,0
1775843450315,1,Login - POST /auth/login,200,OK,Usuarios - Login 1-13,text,true,,310,229,30,30,http://localhost:3001/auth/login,1,0,0
1775843450317,1,Login - POST /auth/login,200,OK,Usuarios - Login 1-21,text,true,,302,223,30,30,http://localhost:3001/auth/login,1,0,1
1775843450365,1,Login - POST /auth/login,200,OK,Usuarios - Login 1-9,text,true,,306,225,30,30,http://localhost:3001/auth/login,1,0,0
1775843450414,1,Login - POST /auth/login,200,OK,Usuarios - Login 1-5,text,true,,302,223,30,30,http://localhost:3001/auth/login,1,0,0
1775843450414,1,Login - POST /auth/login,200,OK,Usuarios - Login 1-6,text,true,,306,223,30,30,http://localhost:3001/auth/login,1,0,0
1775843450414,1,Login - POST /auth/login,200,OK,Usuarios - Login 1-4,text,true,,310,229,30,30,http://localhost:3001/auth/login,1,0,0
1775843450513,0,Login - POST /auth/login,200,OK,Usuarios - Login 1-12,text,true,,302,224,30,30,http://localhost:3001/auth/login,0,0,0
1775843450615,1,Login - POST /auth/login,200,OK,Usuarios - Login 1-27,text,true,,306,225,30,30,http://localhost:3001/auth/login,1,0,0
1775843450663,0,Login - POST /auth/login,200,OK,Usuarios - Login 1-16,text,true,,306,223,30,30,http://localhost:3001/auth/login,0,0,0
1775843450713,1,Login - POST /auth/login,200,OK,Usuarios - Login 1-11,text,true,,302,224,30,30,http://localhost:3001/auth/login,1,0,0
1775843450715,1,Login - POST /auth/login,200,OK,Usuarios - Login 1-10,text,true,,310,229,30,30,http://localhost:3001/auth/login,1,0,0
1775843450715,1,Login - POST /auth/login,200,OK,Usuarios - Login 1-3,text,true,,302,223,30,30,http://localhost:3001/auth/login,1,0,0
1775843450715,1,Login - POST /auth/login,200,OK,Usuarios - Login 1-2,text,true,,306,225,30,30,http://localhost:3001/auth/login,1,0,0
1775843450737,0,Login - POST /auth/login,200,OK,Usuarios - Login 1-1,text,true,,306,223,30,30,http://localhost:3001/auth/login,0,0,0
1775843450815,0,Login - POST /auth/login,200,OK,Usuarios - Login 1-14,text,true,,310,229,30,30,http://localhost:3001/auth/login,0,0,0
1775843450914,1,Login - POST /auth/login,200,OK,Usuarios - Login 1-8,text,true,,302,223,30,30,http://localhost:3001/auth/login,1,0,0
1775843450916,1,Login - POST /auth/login,200,OK,Usuarios - Login 1-30,text,true,,302,224,30,30,http://localhost:3001/auth/login,1,0,0
1775843450964,1,Login - POST /auth/login,200,OK,Usuarios - Login 1-26,text,true,,306,225,30,30,http://localhost:3001/auth/login,1,0,0
1775843451014,0,Login - POST /auth/login,200,OK,Usuarios - Login 1-17,text,true,,306,223,30,30,http://localhost:3001/auth/login,0,0,0
1775843451063,0,Login - POST /auth/login,200,OK,Usuarios - Login 1-7,text,true,,310,229,30,30,http://localhost:3001/auth/login,0,0,0
1775843451217,0,Login - POST /auth/login,200,OK,Usuarios - Login 1-25,text,true,,302,223,30,30,http://localhost:3001/auth/login,0,0,0
1775843451262,1,Login - POST /auth/login,200,OK,Usuarios - Login 1-18,text,true,,302,224,30,30,http://localhost:3001/auth/login,1,0,0
1775843451366,0,Login - POST /auth/login,200,OK,Usuarios - Login 1-29,text,true,,306,225,30,30,http://localhost:3001/auth/login,0,0,0
1775843451467,0,Login - POST /auth/login,200,OK,Usuarios - Login 1-24,text,true,,306,223,30,30,http://localhost:3001/auth/login,0,0,0
1775843451517,1,Login - POST /auth/login,200,OK,Usuarios - Login 1-19,text,true,,310,229,30,30,http://localhost:3001/auth/login,1,0,0
1775843451562,0,Login - POST /auth/login,200,OK,Usuarios - Login 1-15,text,true,,302,223,30,30,http://localhost:3001/auth/login,0,0,0
1775843451618,1,Login - POST /auth/login,200,OK,Usuarios - Login 1-23,text,true,,302,224,30,30,http://localhost:3001/auth/login,1,0,1
1775843451765,1,Login - POST /auth/login,200,OK,Usuarios - Login 1-28,text,true,,306,225,30,30,http://localhost:3001/auth/login,1,0,0
1775843451765,2,Login - POST /auth/login,200,OK,Usuarios - Login 1-22,text,true,,306,223,30,30,http://localhost:3001/auth/login,2,0,1
1775843451815,1,Login - POST /auth/login,200,OK,Usuarios - Login 1-20,text,true,,310,229,30,30,http://localhost:3001/auth/login,1,0,0
1775843451815,1,Login - POST /auth/login,200,OK,Usuarios - Login 1-13,text,true,,302,223,30,30,http://localhost:3001/auth/login,1,0,0
1775843451818,1,Login - POST /auth/login,200,OK,Usuarios - Login 1-21,text,true,,302,224,30,30,http://localhost:3001/auth/login,1,0,0
1775843451866,1,Login - POST /auth/login,200,OK,Usuarios - Login 1-9,text,true,,306,225,30,30,http://localhost:3001/auth/login,1,0,0
1775843451917,0,Login - POST /auth/login,200,OK,Usuarios - Login 1-5,text,true,,306,223,30,30,http://localhost:3001/auth/login,0,0,0
1775843451917,0,Login - POST /auth/login,200,OK,Usuarios - Login 1-4,text,true,,302,223,30,30,http://localhost:3001/auth/login,0,0,0
1775843451917,1,Login - POST /auth/login,200,OK,Usuarios - Login 1-6,text,true,,310,229,30,30,http://localhost:3001/auth/login,1,0,0
1775843452013,0,Login - POST /auth/login,200,OK,Usuarios - Login 1-12,text,true,,302,224,30,30,http://localhost:3001/auth/login,0,0,0
1775843452114,1,Login - POST /auth/login,200,OK,Usuarios - Login 1-27,text,true,,306,225,30,30,http://localhost:3001/auth/login,1,0,0
1775843452163,1,Login - POST /auth/login,200,OK,Usuarios - Login 1-16,text,true,,306,223,30,30,http://localhost:3001/auth/login,1,0,0
1775843452214,1,Login - POST /auth/login,200,OK,Usuarios - Login 1-11,text,true,,310,229,30,30,http://localhost:3001/auth/login,1,0,0
1775843452214,1,Login - POST /auth/login,200,OK,Usuarios - Login 1-3,text,true,,302,224,30,30,http://localhost:3001/auth/login,1,0,0
1775843452214,1,Login - POST /auth/login,200,OK,Usuarios - Login 1-10,text,true,,302,223,30,30,http://localhost:3001/auth/login,1,0,0
1775843452217,0,Login - POST /auth/login,200,OK,Usuarios - Login 1-2,text,true,,306,225,30,30,http://localhost:3001/auth/login,0,0,0
1775843452235,0,Login - POST /auth/login,200,OK,Usuarios - Login 1-1,text,true,,306,223,30,30,http://localhost:3001/auth/login,0,0,0
1775843452316,1,Login - POST /auth/login,200,OK,Usuarios - Login 1-14,text,true,,310,229,30,30,http://localhost:3001/auth/login,1,0,0
1775843452413,1,Login - POST /auth/login,200,OK,Usuarios - Login 1-8,text,true,,302,223,30,30,http://localhost:3001/auth/login,1,0,0
1775843452414,0,Login - POST /auth/login,200,OK,Usuarios - Login 1-30,text,true,,302,224,30,30,http://localhost:3001/auth/login,0,0,0
1775843452464,1,Login - POST /auth/login,200,OK,Usuarios - Login 1-26,text,true,,306,225,30,30,http://localhost:3001/auth/login,1,0,0
1775843452513,1,Login - POST /auth/login,200,OK,Usuarios - Login 1-17,text,true,,306,223,30,30,http://localhost:3001/auth/login,1,0,0
1775843452563,1,Login - POST /auth/login,200,OK,Usuarios - Login 1-7,text,true,,310,229,30,30,http://localhost:3001/auth/login,1,0,0
1775843452719,0,Login - POST /auth/login,200,OK,Usuarios - Login 1-25,text,true,,302,223,30,30,http://localhost:3001/auth/login,0,0,0
1775843452762,0,Login - POST /auth/login,200,OK,Usuarios - Login 1-18,text,true,,302,224,30,30,http://localhost:3001/auth/login,0,0,0
1775843452865,0,Login - POST /auth/login,200,OK,Usuarios - Login 1-29,text,true,,306,225,30,30,http://localhost:3001/auth/login,0,0,0
1775843452967,1,Login - POST /auth/login,200,OK,Usuarios - Login 1-24,text,true,,306,223,30,30,http://localhost:3001/auth/login,1,0,1
1775843453015,1,Login - POST /auth/login,200,OK,Usuarios - Login 1-19,text,true,,310,229,30,30,http://localhost:3001/auth/login,0,0,0
1775843453062,0,Login - POST /auth/login,200,OK,Usuarios - Login 1-15,text,true,,302,223,30,30,http://localhost:3001/auth/login,0,0,0
1775843453117,0,Login - POST /auth/login,200,OK,Usuarios - Login 1-23,text,true,,302,224,30,30,http://localhost:3001/auth/login,0,0,0
1775843453267,1,Login - POST /auth/login,200,OK,Usuarios - Login 1-28,text,true,,306,225,30,30,http://localhost:3001/auth/login,1,0,0
1775843453267,1,Login - POST /auth/login,200,OK,Usuarios - Login 1-22,text,true,,306,223,30,30,http://localhost:3001/auth/login,1,0,0
1775843453315,1,Login - POST /auth/login,200,OK,Usuarios - Login 1-20,text,true,,310,229,30,30,http://localhost:3001/auth/login,1,0,0
1775843453315,1,Login - POST /auth/login,200,OK,Usuarios - Login 1-13,text,true,,302,223,30,30,http://localhost:3001/auth/login,1,0,0
1775843453318,0,Login - POST /auth/login,200,OK,Usuarios - Login 1-21,text,true,,302,224,30,30,http://localhost:3001/auth/login,0,0,0
1775843453365,1,Login - POST /auth/login,200,OK,Usuarios - Login 1-9,text,true,,306,225,30,30,http://localhost:3001/auth/login,1,0,0
1775843453415,0,Login - POST /auth/login,200,OK,Usuarios - Login 1-4,text,true,,310,229,30,30,http://localhost:3001/auth/login,0,0,0
1775843453415,0,Login - POST /auth/login,200,OK,Usuarios - Login 1-5,text,true,,306,223,30,30,http://localhost:3001/auth/login,0,0,0
1775843453415,0,Login - POST /auth/login,200,OK,Usuarios - Login 1-6,text,true,,302,223,30,30,http://localhost:3001/auth/login,0,0,0
1775843453514,1,Login - POST /auth/login,200,OK,Usuarios - Login 1-12,text,true,,302,224,30,30,http://localhost:3001/auth/login,1,0,0
1775843453617,1,Login - POST /auth/login,200,OK,Usuarios - Login 1-27,text,true,,306,225,30,30,http://localhost:3001/auth/login,1,0,0
1775843453663,1,Login - POST /auth/login,200,OK,Usuarios - Login 1-16,text,true,,306,223,30,30,http://localhost:3001/auth/login,1,0,0
1775843453715,0,Login - POST /auth/login,200,OK,Usuarios - Login 1-3,text,true,,302,223,30,30,http://localhost:3001/auth/login,0,0,0
1775843453715,0,Login - POST /auth/login,200,OK,Usuarios - Login 1-10,text,true,,302,224,30,30,http://localhost:3001/auth/login,0,0,0
1775843453715,1,Login - POST /auth/login,200,OK,Usuarios - Login 1-11,text,true,,310,229,30,30,http://localhost:3001/auth/login,1,0,0
1775843453716,0,Login - POST /auth/login,200,OK,Usuarios - Login 1-2,text,true,,306,225,30,30,http://localhost:3001/auth/login,0,0,0
1775843453734,1,Login - POST /auth/login,200,OK,Usuarios - Login 1-1,text,true,,306,223,30,30,http://localhost:3001/auth/login,1,0,0
1775843453815,0,Login - POST /auth/login,200,OK,Usuarios - Login 1-14,text,true,,310,229,30,30,http://localhost:3001/auth/login,0,0,0
1775843453913,0,Login - POST /auth/login,200,OK,Usuarios - Login 1-8,text,true,,302,223,30,30,http://localhost:3001/auth/login,0,0,0
1775843453915,0,Login - POST /auth/login,200,OK,Usuarios - Login 1-30,text,true,,302,224,30,30,http://localhost:3001/auth/login,0,0,0
1775843453965,0,Login - POST /auth/login,200,OK,Usuarios - Login 1-26,text,true,,306,225,30,30,http://localhost:3001/auth/login,0,0,0
1775843454014,1,Login - POST /auth/login,200,OK,Usuarios - Login 1-17,text,true,,306,223,30,30,http://localhost:3001/auth/login,1,0,0
1775843454064,0,Login - POST /auth/login,200,OK,Usuarios - Login 1-7,text,true,,310,229,30,30,http://localhost:3001/auth/login,0,0,0
1775843454217,1,Login - POST /auth/login,200,OK,Usuarios - Login 1-25,text,true,,302,223,30,30,http://localhost:3001/auth/login,1,0,1
1775843454263,1,Login - POST /auth/login,200,OK,Usuarios - Login 1-18,text,true,,302,224,30,30,http://localhost:3001/auth/login,1,0,0
1775843454364,1,Login - POST /auth/login,200,OK,Usuarios - Login 1-29,text,true,,306,225,30,30,http://localhost:3001/auth/login,1,0,0
1775843454468,1,Login - POST /auth/login,200,OK,Usuarios - Login 1-24,text,true,,306,223,30,30,http://localhost:3001/auth/login,1,0,0
1775843454516,0,Login - POST /auth/login,200,OK,Usuarios - Login 1-19,text,true,,310,229,30,30,http://localhost:3001/auth/login,0,0,0
1775843454562,1,Login - POST /auth/login,200,OK,Usuarios - Login 1-15,text,true,,302,223,30,30,http://localhost:3001/auth/login,1,0,0
1775843454618,0,Login - POST /auth/login,200,OK,Usuarios - Login 1-23,text,true,,302,224,30,30,http://localhost:3001/auth/login,0,0,0
1775843454766,1,Login - POST /auth/login,200,OK,Usuarios - Login 1-22,text,true,,306,223,30,30,http://localhost:3001/auth/login,1,0,0
1775843454766,1,Login - POST /auth/login,200,OK,Usuarios - Login 1-28,text,true,,306,225,30,30,http://localhost:3001/auth/login,1,0,0
1775843454816,1,Login - POST /auth/login,200,OK,Usuarios - Login 1-20,text,true,,310,229,30,30,http://localhost:3001/auth/login,1,0,0
1775843454816,1,Login - POST /auth/login,200,OK,Usuarios - Login 1-13,text,true,,302,223,30,30,http://localhost:3001/auth/login,1,0,0
1775843454817,0,Login - POST /auth/login,200,OK,Usuarios - Login 1-21,text,true,,302,224,30,30,http://localhost:3001/auth/login,0,0,0
1775843454865,1,Login - POST /auth/login,200,OK,Usuarios - Login 1-9,text,true,,306,225,30,30,http://localhost:3001/auth/login,1,0,0
1775843454916,0,Login - POST /auth/login,200,OK,Usuarios - Login 1-6,text,true,,310,229,30,30,http://localhost:3001/auth/login,0,0,0
1775843454916,0,Login - POST /auth/login,200,OK,Usuarios - Login 1-4,text,true,,306,223,30,30,http://localhost:3001/auth/login,0,0,0
1775843454916,1,Login - POST /auth/login,200,OK,Usuarios - Login 1-5,text,true,,302,223,30,30,http://localhost:3001/auth/login,1,0,0
1775843455013,1,Login - POST /auth/login,200,OK,Usuarios - Login 1-12,text,true,,302,224,30,30,http://localhost:3001/auth/login,1,0,0
1775843455115,1,Login - POST /auth/login,200,OK,Usuarios - Login 1-27,text,true,,306,225,30,30,http://localhost:3001/auth/login,1,0,0
1775843455164,0,Login - POST /auth/login,200,OK,Usuarios - Login 1-16,text,true,,306,223,30,30,http://localhost:3001/auth/login,0,0,0
1775843455213,1,Login - POST /auth/login,200,OK,Usuarios - Login 1-11,text,true,,302,224,30,30,http://localhost:3001/auth/login,1,0,0
1775843455215,0,Login - POST /auth/login,200,OK,Usuarios - Login 1-3,text,true,,310,229,30,30,http://localhost:3001/auth/login,0,0,0
1775843455215,0,Login - POST /auth/login,200,OK,Usuarios - Login 1-10,text,true,,302,223,30,30,http://localhost:3001/auth/login,0,0,0
1775843455216,0,Login - POST /auth/login,200,OK,Usuarios - Login 1-2,text,true,,306,225,30,30,http://localhost:3001/auth/login,0,0,0
1775843455236,0,Login - POST /auth/login,200,OK,Usuarios - Login 1-1,text,true,,306,223,30,30,http://localhost:3001/auth/login,0,0,0
1775843455315,1,Login - POST /auth/login,200,OK,Usuarios - Login 1-14,text,true,,310,229,30,30,http://localhost:3001/auth/login,1,0,0
1775843455413,0,Login - POST /auth/login,200,OK,Usuarios - Login 1-8,text,true,,302,223,30,30,http://localhost:3001/auth/login,0,0,0
1775843455416,0,Login - POST /auth/login,200,OK,Usuarios - Login 1-30,text,true,,302,224,30,30,http://localhost:3001/auth/login,0,0,0
1775843455465,1,Login - POST /auth/login,200,OK,Usuarios - Login 1-26,text,true,,306,225,30,30,http://localhost:3001/auth/login,1,0,1
1775843455513,0,Login - POST /auth/login,200,OK,Usuarios - Login 1-17,text,true,,306,223,30,30,http://localhost:3001/auth/login,0,0,0
1775843455564,0,Login - POST /auth/login,200,OK,Usuarios - Login 1-7,text,true,,310,229,30,30,http://localhost:3001/auth/login,0,0,0
1775843455717,0,Login - POST /auth/login,200,OK,Usuarios - Login 1-25,text,true,,302,223,30,30,http://localhost:3001/auth/login,0,0,0
1775843455763,0,Login - POST /auth/login,200,OK,Usuarios - Login 1-18,text,true,,302,224,30,30,http://localhost:3001/auth/login,0,0,0
1775843455866,0,Login - POST /auth/login,200,OK,Usuarios - Login 1-29,text,true,,306,225,30,30,http://localhost:3001/auth/login,0,0,0
1775843455967,1,Login - POST /auth/login,200,OK,Usuarios - Login 1-24,text,true,,306,223,30,30,http://localhost:3001/auth/login,1,0,0
1775843456015,1,Login - POST /auth/login,200,OK,Usuarios - Login 1-19,text,true,,310,229,30,30,http://localhost:3001/auth/login,1,0,0
1775843456064,0,Login - POST /auth/login,200,OK,Usuarios - Login 1-15,text,true,,302,223,30,30,http://localhost:3001/auth/login,0,0,0
1775843456117,0,Login - POST /auth/login,200,OK,Usuarios - Login 1-23,text,true,,302,224,30,30,http://localhost:3001/auth/login,0,0,0
1775843456266,1,Login - POST /auth/login,200,OK,Usuarios - Login 1-28,text,true,,306,223,30,30,http://localhost:3001/auth/login,1,0,0
1775843456266,1,Login - POST /auth/login,200,OK,Usuarios - Login 1-22,text,true,,306,225,30,30,http://localhost:3001/auth/login,1,0,0
1775843456314,1,Login - POST /auth/login,200,OK,Usuarios - Login 1-13,text,true,,302,223,30,30,http://localhost:3001/auth/login,1,0,0
1775843456316,0,Login - POST /auth/login,200,OK,Usuarios - Login 1-20,text,true,,310,229,30,30,http://localhost:3001/auth/login,0,0,0
1775843456317,0,Login - POST /auth/login,200,OK,Usuarios - Login 1-21,text,true,,302,224,30,30,http://localhost:3001/auth/login,0,0,0
1775843456366,0,Login - POST /auth/login,200,OK,Usuarios - Login 1-9,text,true,,306,225,30,30,http://localhost:3001/auth/login,0,0,0
1775843456416,0,Login - POST /auth/login,200,OK,Usuarios - Login 1-5,text,true,,302,223,30,30,http://localhost:3001/auth/login,0,0,0
1775843456416,0,Login - POST /auth/login,200,OK,Usuarios - Login 1-4,text,true,,310,229,30,30,http://localhost:3001/auth/login,0,0,0
1775843456416,1,Login - POST /auth/login,200,OK,Usuarios - Login 1-6,text,true,,306,223,30,30,http://localhost:3001/auth/login,1,0,0
1775843456514,1,Login - POST /auth/login,200,OK,Usuarios - Login 1-12,text,true,,302,224,30,30,http://localhost:3001/auth/login,1,0,0
1775843456616,2,Login - POST /auth/login,200,OK,Usuarios - Login 1-27,text,true,,306,225,30,30,http://localhost:3001/auth/login,2,0,1
1775843456663,1,Login - POST /auth/login,200,OK,Usuarios - Login 1-16,text,true,,306,223,30,30,http://localhost:3001/auth/login,1,0,0
1775843456714,1,Login - POST /auth/login,200,OK,Usuarios - Login 1-11,text,true,,310,229,30,30,http://localhost:3001/auth/login,1,0,0
1775843456715,0,Login - POST /auth/login,200,OK,Usuarios - Login 1-10,text,true,,302,224,30,30,http://localhost:3001/auth/login,0,0,0
1775843456715,0,Login - POST /auth/login,200,OK,Usuarios - Login 1-3,text,true,,302,223,30,30,http://localhost:3001/auth/login,0,0,0
1775843456716,0,Login - POST /auth/login,200,OK,Usuarios - Login 1-2,text,true,,306,225,30,30,http://localhost:3001/auth/login,0,0,0
1775843456734,1,Login - POST /auth/login,200,OK,Usuarios - Login 1-1,text,true,,306,223,30,30,http://localhost:3001/auth/login,1,0,0
1775843456816,0,Login - POST /auth/login,200,OK,Usuarios - Login 1-14,text,true,,310,229,30,30,http://localhost:3001/auth/login,0,0,0
1775843456914,1,Login - POST /auth/login,200,OK,Usuarios - Login 1-8,text,true,,302,223,30,30,http://localhost:3001/auth/login,1,0,0
1775843456916,0,Login - POST /auth/login,200,OK,Usuarios - Login 1-30,text,true,,302,224,30,30,http://localhost:3001/auth/login,0,0,0
1775843456965,1,Login - POST /auth/login,200,OK,Usuarios - Login 1-26,text,true,,306,225,30,30,http://localhost:3001/auth/login,1,0,0
1775843457013,1,Login - POST /auth/login,200,OK,Usuarios - Login 1-17,text,true,,306,223,30,30,http://localhost:3001/auth/login,1,0,0
1775843457063,1,Login - POST /auth/login,200,OK,Usuarios - Login 1-7,text,true,,310,229,30,30,http://localhost:3001/auth/login,1,0,0
1775843457217,1,Login - POST /auth/login,200,OK,Usuarios - Login 1-25,text,true,,302,223,30,30,http://localhost:3001/auth/login,1,0,0
1775843457262,1,Login - POST /auth/login,200,OK,Usuarios - Login 1-18,text,true,,302,224,30,30,http://localhost:3001/auth/login,1,0,0
1775843457366,0,Login - POST /auth/login,200,OK,Usuarios - Login 1-29,text,true,,306,225,30,30,http://localhost:3001/auth/login,0,0,0
1775843457469,0,Login - POST /auth/login,200,OK,Usuarios - Login 1-24,text,true,,306,223,30,30,http://localhost:3001/auth/login,0,0,0
1775843457514,1,Login - POST /auth/login,200,OK,Usuarios - Login 1-19,text,true,,310,229,30,30,http://localhost:3001/auth/login,1,0,0
1775843457563,0,Login - POST /auth/login,200,OK,Usuarios - Login 1-15,text,true,,302,223,30,30,http://localhost:3001/auth/login,0,0,0
1775843457617,1,Login - POST /auth/login,200,OK,Usuarios - Login 1-23,text,true,,302,224,30,30,http://localhost:3001/auth/login,1,0,0
1775843457766,0,Login - POST /auth/login,200,OK,Usuarios - Login 1-22,text,true,,306,223,30,30,http://localhost:3001/auth/login,0,0,0
1775843457768,1,Login - POST /auth/login,200,OK,Usuarios - Login 1-28,text,true,,306,225,30,30,http://localhost:3001/auth/login,1,0,1
1775843457815,0,Login - POST /auth/login,200,OK,Usuarios - Login 1-20,text,true,,302,223,30,30,http://localhost:3001/auth/login,0,0,0
1775843457816,0,Login - POST /auth/login,200,OK,Usuarios - Login 1-13,text,true,,310,229,30,30,http://localhost:3001/auth/login,0,0,0
1775843457817,0,Login - POST /auth/login,200,OK,Usuarios - Login 1-21,text,true,,302,224,30,30,http://localhost:3001/auth/login,0,0,0
1775843457864,0,Login - POST /auth/login,200,OK,Usuarios - Login 1-9,text,true,,306,225,30,30,http://localhost:3001/auth/login,0,0,0
1775843457914,0,Login - POST /auth/login,200,OK,Usuarios - Login 1-4,text,true,,310,229,30,30,http://localhost:3001/auth/login,0,0,0
1775843457914,0,Login - POST /auth/login,200,OK,Usuarios - Login 1-6,text,true,,302,223,30,30,http://localhost:3001/auth/login,0,0,0
1775843457914,1,Login - POST /auth/login,200,OK,Usuarios - Login 1-5,text,true,,306,223,30,30,http://localhost:3001/auth/login,1,0,0
1775843458012,0,Login - POST /auth/login,200,OK,Usuarios - Login 1-12,text,true,,302,224,30,30,http://localhost:3001/auth/login,0,0,0
1775843458115,0,Login - POST /auth/login,200,OK,Usuarios - Login 1-27,text,true,,306,225,30,30,http://localhost:3001/auth/login,0,0,0
1775843458162,1,Login - POST /auth/login,200,OK,Usuarios - Login 1-16,text,true,,306,223,30,30,http://localhost:3001/auth/login,1,0,0
1775843458212,1,Login - POST /auth/login,200,OK,Usuarios - Login 1-11,text,true,,310,229,30,30,http://localhost:3001/auth/login,1,0,0
1775843458215,0,Login - POST /auth/login,200,OK,Usuarios - Login 1-10,text,true,,302,223,30,30,http://localhost:3001/auth/login,0,0,0
1775843458215,0,Login - POST /auth/login,200,OK,Usuarios - Login 1-3,text,true,,302,224,30,30,http://localhost:3001/auth/login,0,0,0
1775843458215,1,Login - POST /auth/login,200,OK,Usuarios - Login 1-2,text,true,,306,225,30,30,http://localhost:3001/auth/login,1,0,0
1775843458234,1,Login - POST /auth/login,200,OK,Usuarios - Login 1-1,text,true,,306,223,30,30,http://localhost:3001/auth/login,1,0,0
1775843458315,1,Login - POST /auth/login,200,OK,Usuarios - Login 1-14,text,true,,310,229,30,30,http://localhost:3001/auth/login,1,0,0
1775843458412,1,Login - POST /auth/login,200,OK,Usuarios - Login 1-8,text,true,,302,223,30,30,http://localhost:3001/auth/login,1,0,0
1775843458414,1,Login - POST /auth/login,200,OK,Usuarios - Login 1-30,text,true,,302,224,30,30,http://localhost:3001/auth/login,1,0,0
1775843458465,0,Login - POST /auth/login,200,OK,Usuarios - Login 1-26,text,true,,306,225,30,30,http://localhost:3001/auth/login,0,0,0
1775843458513,1,Login - POST /auth/login,200,OK,Usuarios - Login 1-17,text,true,,306,223,30,30,http://localhost:3001/auth/login,1,0,0
1775843458562,1,Login - POST /auth/login,200,OK,Usuarios - Login 1-7,text,true,,310,229,30,30,http://localhost:3001/auth/login,1,0,0
1775843458717,0,Login - POST /auth/login,200,OK,Usuarios - Login 1-25,text,true,,302,223,30,30,http://localhost:3001/auth/login,0,0,0
1775843458761,1,Login - POST /auth/login,200,OK,Usuarios - Login 1-18,text,true,,302,224,30,30,http://localhost:3001/auth/login,1,0,0
1775843458864,1,Login - POST /auth/login,200,OK,Usuarios - Login 1-29,text,true,,306,225,30,30,http://localhost:3001/auth/login,1,0,1
1775843458965,1,Login - POST /auth/login,200,OK,Usuarios - Login 1-24,text,true,,306,223,30,30,http://localhost:3001/auth/login,1,0,0
1775843459016,0,Login - POST /auth/login,200,OK,Usuarios - Login 1-19,text,true,,310,229,30,30,http://localhost:3001/auth/login,0,0,0
1775843459062,0,Login - POST /auth/login,200,OK,Usuarios - Login 1-15,text,true,,302,223,30,30,http://localhost:3001/auth/login,0,0,0
1775843459117,1,Login - POST /auth/login,200,OK,Usuarios - Login 1-23,text,true,,302,224,30,30,http://localhost:3001/auth/login,1,0,0
1775843459265,0,Login - POST /auth/login,200,OK,Usuarios - Login 1-22,text,true,,306,225,30,30,http://localhost:3001/auth/login,0,0,0
1775843459265,0,Login - POST /auth/login,200,OK,Usuarios - Login 1-28,text,true,,306,223,30,30,http://localhost:3001/auth/login,0,0,0
1775843459315,1,Login - POST /auth/login,200,OK,Usuarios - Login 1-20,text,true,,310,229,30,30,http://localhost:3001/auth/login,1,0,0
1775843459315,1,Login - POST /auth/login,200,OK,Usuarios - Login 1-13,text,true,,302,223,30,30,http://localhost:3001/auth/login,1,0,0
1775843459316,0,Login - POST /auth/login,200,OK,Usuarios - Login 1-21,text,true,,302,224,30,30,http://localhost:3001/auth/login,0,0,0
1775843459364,1,Login - POST /auth/login,200,OK,Usuarios - Login 1-9,text,true,,306,225,30,30,http://localhost:3001/auth/login,1,0,0
1775843459413,1,Login - POST /auth/login,200,OK,Usuarios - Login 1-5,text,true,,302,223,30,30,http://localhost:3001/auth/login,1,0,0
1775843459413,1,Login - POST /auth/login,200,OK,Usuarios - Login 1-4,text,true,,306,223,30,30,http://localhost:3001/auth/login,1,0,0
1775843459413,1,Login - POST /auth/login,200,OK,Usuarios - Login 1-6,text,true,,310,229,30,30,http://localhost:3001/auth/login,1,0,0
1775843459512,1,Login - POST /auth/login,200,OK,Usuarios - Login 1-12,text,true,,302,224,30,30,http://localhost:3001/auth/login,1,0,0
1775843459614,0,Login - POST /auth/login,200,OK,Usuarios - Login 1-27,text,true,,306,225,30,30,http://localhost:3001/auth/login,0,0,0
1775843459662,1,Login - POST /auth/login,200,OK,Usuarios - Login 1-16,text,true,,306,223,30,30,http://localhost:3001/auth/login,1,0,0
1775843459714,0,Login - POST /auth/login,200,OK,Usuarios - Login 1-3,text,true,,302,224,30,30,http://localhost:3001/auth/login,0,0,0
1775843459714,0,Login - POST /auth/login,200,OK,Usuarios - Login 1-10,text,true,,302,223,30,30,http://localhost:3001/auth/login,0,0,0
1775843459714,0,Login - POST /auth/login,200,OK,Usuarios - Login 1-11,text,true,,310,229,30,30,http://localhost:3001/auth/login,0,0,0
1775843459716,1,Login - POST /auth/login,200,OK,Usuarios - Login 1-2,text,true,,306,225,30,30,http://localhost:3001/auth/login,1,0,0
1775843459735,0,Login - POST /auth/login,200,OK,Usuarios - Login 1-1,text,true,,306,223,30,30,http://localhost:3001/auth/login,0,0,0
1775843459814,0,Login - POST /auth/login,200,OK,Usuarios - Login 1-14,text,true,,310,229,30,30,http://localhost:3001/auth/login,0,0,0
1775843459914,0,Login - POST /auth/login,200,OK,Usuarios - Login 1-8,text,true,,302,223,30,30,http://localhost:3001/auth/login,0,0,0
1775843459915,0,Login - POST /auth/login,200,OK,Usuarios - Login 1-30,text,true,,302,224,30,30,http://localhost:3001/auth/login,0,0,0
1775843459965,1,Login - POST /auth/login,200,OK,Usuarios - Login 1-26,text,true,,306,225,30,30,http://localhost:3001/auth/login,1,0,0
1775843460014,1,Login - POST /auth/login,200,OK,Usuarios - Login 1-17,text,true,,306,223,30,30,http://localhost:3001/auth/login,1,0,0
1775843460062,1,Login - POST /auth/login,200,OK,Usuarios - Login 1-7,text,true,,310,229,30,30,http://localhost:3001/auth/login,1,0,0
1775843460216,0,Login - POST /auth/login,200,OK,Usuarios - Login 1-25,text,true,,302,223,30,30,http://localhost:3001/auth/login,0,0,0
1775843460261,1,Login - POST /auth/login,200,OK,Usuarios - Login 1-18,text,true,,302,224,30,30,http://localhost:3001/auth/login,1,0,0
1775843460364,1,Login - POST /auth/login,200,OK,Usuarios - Login 1-29,text,true,,306,225,30,30,http://localhost:3001/auth/login,1,0,0
1775843460466,0,Login - POST /auth/login,200,OK,Usuarios - Login 1-24,text,true,,306,223,30,30,http://localhost:3001/auth/login,0,0,0
1775843460513,0,Login - POST /auth/login,200,OK,Usuarios - Login 1-19,text,true,,310,229,30,30,http://localhost:3001/auth/login,0,0,0
1775843460561,1,Login - POST /auth/login,200,OK,Usuarios - Login 1-15,text,true,,302,223,30,30,http://localhost:3001/auth/login,1,0,0
1775843460616,1,Login - POST /auth/login,200,OK,Usuarios - Login 1-23,text,true,,302,224,30,30,http://localhost:3001/auth/login,1,0,0
1775843460764,1,Login - POST /auth/login,200,OK,Usuarios - Login 1-28,text,true,,306,223,30,30,http://localhost:3001/auth/login,1,0,0
1775843460765,1,Login - POST /auth/login,200,OK,Usuarios - Login 1-22,text,true,,306,225,30,30,http://localhost:3001/auth/login,1,0,0
1775843460815,0,Login - POST /auth/login,200,OK,Usuarios - Login 1-20,text,true,,310,229,30,30,http://localhost:3001/auth/login,0,0,0
1775843460815,0,Login - POST /auth/login,200,OK,Usuarios - Login 1-13,text,true,,302,223,30,30,http://localhost:3001/auth/login,0,0,0
1775843460816,0,Login - POST /auth/login,200,OK,Usuarios - Login 1-21,text,true,,302,224,30,30,http://localhost:3001/auth/login,0,0,0
1775843460864,1,Login - POST /auth/login,200,OK,Usuarios - Login 1-9,text,true,,306,225,30,30,http://localhost:3001/auth/login,1,0,0
1775843460914,1,Login - POST /auth/login,200,OK,Usuarios - Login 1-5,text,true,,306,223,30,30,http://localhost:3001/auth/login,1,0,0
1775843460914,1,Login - POST /auth/login,200,OK,Usuarios - Login 1-6,text,true,,302,223,30,30,http://localhost:3001/auth/login,1,0,0
1775843460914,1,Login - POST /auth/login,200,OK,Usuarios - Login 1-4,text,true,,310,229,30,30,http://localhost:3001/auth/login,1,0,0
1775843461012,1,Login - POST /auth/login,200,OK,Usuarios - Login 1-12,text,true,,302,224,30,30,http://localhost:3001/auth/login,1,0,0
1775843461115,1,Login - POST /auth/login,200,OK,Usuarios - Login 1-27,text,true,,306,225,30,30,http://localhost:3001/auth/login,1,0,0
1775843461162,1,Login - POST /auth/login,200,OK,Usuarios - Login 1-16,text,true,,306,223,30,30,http://localhost:3001/auth/login,1,0,0
1775843461213,1,Login - POST /auth/login,200,OK,Usuarios - Login 1-11,text,true,,302,224,30,30,http://localhost:3001/auth/login,1,0,0
1775843461214,0,Login - POST /auth/login,200,OK,Usuarios - Login 1-3,text,true,,310,229,30,30,http://localhost:3001/auth/login,0,0,0
1775843461214,0,Login - POST /auth/login,200,OK,Usuarios - Login 1-10,text,true,,302,223,30,30,http://localhost:3001/auth/login,0,0,0
1775843461215,0,Login - POST /auth/login,200,OK,Usuarios - Login 1-2,text,true,,306,225,30,30,http://localhost:3001/auth/login,0,0,0
1775843461233,1,Login - POST /auth/login,200,OK,Usuarios - Login 1-1,text,true,,306,223,30,30,http://localhost:3001/auth/login,1,0,0
1775843461314,1,Login - POST /auth/login,200,OK,Usuarios - Login 1-14,text,true,,310,229,30,30,http://localhost:3001/auth/login,1,0,0
1775843461412,1,Login - POST /auth/login,200,OK,Usuarios - Login 1-8,text,true,,302,223,30,30,http://localhost:3001/auth/login,1,0,0
1775843461413,0,Login - POST /auth/login,200,OK,Usuarios - Login 1-30,text,true,,302,224,30,30,http://localhost:3001/auth/login,0,0,0
1775843461464,1,Login - POST /auth/login,200,OK,Usuarios - Login 1-26,text,true,,306,225,30,30,http://localhost:3001/auth/login,1,0,0
1775843461513,0,Login - POST /auth/login,200,OK,Usuarios - Login 1-17,text,true,,306,223,30,30,http://localhost:3001/auth/login,0,0,0
1775843461564,0,Login - POST /auth/login,200,OK,Usuarios - Login 1-7,text,true,,310,229,30,30,http://localhost:3001/auth/login,0,0,0
1775843461716,0,Login - POST /auth/login,200,OK,Usuarios - Login 1-25,text,true,,302,223,30,30,http://localhost:3001/auth/login,0,0,0
1775843461761,1,Login - POST /auth/login,200,OK,Usuarios - Login 1-18,text,true,,302,224,30,30,http://localhost:3001/auth/login,1,0,0
1775843461865,0,Login - POST /auth/login,200,OK,Usuarios - Login 1-29,text,true,,306,225,30,30,http://localhost:3001/auth/login,0,0,0
1775843461965,0,Login - POST /auth/login,200,OK,Usuarios - Login 1-24,text,true,,306,223,30,30,http://localhost:3001/auth/login,0,0,0
1775843462014,0,Login - POST /auth/login,200,OK,Usuarios - Login 1-19,text,true,,310,229,30,30,http://localhost:3001/auth/login,0,0,0
1775843462061,1,Login - POST /auth/login,200,OK,Usuarios - Login 1-15,text,true,,302,223,30,30,http://localhost:3001/auth/login,1,0,0
1775843462117,1,Login - POST /auth/login,200,OK,Usuarios - Login 1-23,text,true,,302,224,30,30,http://localhost:3001/auth/login,1,0,0
1775843462265,0,Login - POST /auth/login,200,OK,Usuarios - Login 1-22,text,true,,306,223,30,30,http://localhost:3001/auth/login,0,0,0
1775843462265,1,Login - POST /auth/login,200,OK,Usuarios - Login 1-28,text,true,,306,225,30,30,http://localhost:3001/auth/login,1,0,0
1775843462315,0,Login - POST /auth/login,200,OK,Usuarios - Login 1-20,text,true,,310,229,30,30,http://localhost:3001/auth/login,0,0,0
1775843462315,0,Login - POST /auth/login,200,OK,Usuarios - Login 1-13,text,true,,302,223,30,30,http://localhost:3001/auth/login,0,0,0
1775843462317,0,Login - POST /auth/login,200,OK,Usuarios - Login 1-21,text,true,,302,224,30,30,http://localhost:3001/auth/login,0,0,0
1775843462365,1,Login - POST /auth/login,200,OK,Usuarios - Login 1-9,text,true,,306,225,30,30,http://localhost:3001/auth/login,1,0,0
1775843462414,1,Login - POST /auth/login,200,OK,Usuarios - Login 1-5,text,true,,306,223,30,30,http://localhost:3001/auth/login,1,0,0
1775843462414,1,Login - POST /auth/login,200,OK,Usuarios - Login 1-4,text,true,,302,223,30,30,http://localhost:3001/auth/login,1,0,0
1775843462414,1,Login - POST /auth/login,200,OK,Usuarios - Login 1-6,text,true,,310,229,30,30,http://localhost:3001/auth/login,1,0,0
1775843462513,1,Login - POST /auth/login,200,OK,Usuarios - Login 1-12,text,true,,302,224,30,30,http://localhost:3001/auth/login,1,0,0
1775843462615,0,Login - POST /auth/login,200,OK,Usuarios - Login 1-27,text,true,,306,225,30,30,http://localhost:3001/auth/login,0,0,0
1775843462663,0,Login - POST /auth/login,200,OK,Usuarios - Login 1-16,text,true,,306,223,30,30,http://localhost:3001/auth/login,0,0,0
1775843462713,1,Login - POST /auth/login,200,OK,Usuarios - Login 1-11,text,true,,310,229,30,30,http://localhost:3001/auth/login,1,0,0
1775843462714,0,Login - POST /auth/login,200,OK,Usuarios - Login 1-3,text,true,,302,223,30,30,http://localhost:3001/auth/login,0,0,0
1775843462714,1,Login - POST /auth/login,200,OK,Usuarios - Login 1-10,text,true,,302,224,30,30,http://localhost:3001/auth/login,1,0,0
1775843462715,0,Login - POST /auth/login,200,OK,Usuarios - Login 1-2,text,true,,306,225,30,30,http://localhost:3001/auth/login,0,0,0
1775843462734,0,Login - POST /auth/login,200,OK,Usuarios - Login 1-1,text,true,,306,223,30,30,http://localhost:3001/auth/login,0,0,0
1775843462813,1,Login - POST /auth/login,200,OK,Usuarios - Login 1-14,text,true,,310,229,30,30,http://localhost:3001/auth/login,1,0,0
1775843462915,0,Login - POST /auth/login,200,OK,Usuarios - Login 1-30,text,true,,302,224,30,30,http://localhost:3001/auth/login,0,0,0
1775843462915,1,Login - POST /auth/login,200,OK,Usuarios - Login 1-8,text,true,,302,223,30,30,http://localhost:3001/auth/login,1,0,0
1775843462965,1,Login - POST /auth/login,200,OK,Usuarios - Login 1-26,text,true,,306,225,30,30,http://localhost:3001/auth/login,1,0,0
1775843463013,1,Login - POST /auth/login,200,OK,Usuarios - Login 1-17,text,true,,306,223,30,30,http://localhost:3001/auth/login,1,0,0
1775843463063,0,Login - POST /auth/login,200,OK,Usuarios - Login 1-7,text,true,,310,229,30,30,http://localhost:3001/auth/login,0,0,0
1775843463218,1,Login - POST /auth/login,200,OK,Usuarios - Login 1-25,text,true,,302,223,30,30,http://localhost:3001/auth/login,1,0,0
1775843463261,1,Login - POST /auth/login,200,OK,Usuarios - Login 1-18,text,true,,302,224,30,30,http://localhost:3001/auth/login,1,0,0
1775843463365,1,Login - POST /auth/login,200,OK,Usuarios - Login 1-29,text,true,,306,225,30,30,http://localhost:3001/auth/login,1,0,0
1775843463467,1,Login - POST /auth/login,200,OK,Usuarios - Login 1-24,text,true,,306,223,30,30,http://localhost:3001/auth/login,1,0,0
1775843463515,1,Login - POST /auth/login,200,OK,Usuarios - Login 1-19,text,true,,310,229,30,30,http://localhost:3001/auth/login,1,0,0
1775843463564,0,Login - POST /auth/login,200,OK,Usuarios - Login 1-15,text,true,,302,223,30,30,http://localhost:3001/auth/login,0,0,0
1775843463617,1,Login - POST /auth/login,200,OK,Usuarios - Login 1-23,text,true,,302,224,30,30,http://localhost:3001/auth/login,1,0,0
1775843463766,1,Login - POST /auth/login,200,OK,Usuarios - Login 1-22,text,true,,306,225,30,30,http://localhost:3001/auth/login,1,0,0
1775843463766,1,Login - POST /auth/login,200,OK,Usuarios - Login 1-28,text,true,,306,223,30,30,http://localhost:3001/auth/login,1,0,0
1775843463815,0,Login - POST /auth/login,200,OK,Usuarios - Login 1-20,text,true,,310,229,30,30,http://localhost:3001/auth/login,0,0,0
1775843463815,1,Login - POST /auth/login,200,OK,Usuarios - Login 1-13,text,true,,302,223,30,30,http://localhost:3001/auth/login,1,0,0
1775843463816,1,Login - POST /auth/login,200,OK,Usuarios - Login 1-21,text,true,,302,224,30,30,http://localhost:3001/auth/login,1,0,0
1775843463865,0,Login - POST /auth/login,200,OK,Usuarios - Login 1-9,text,true,,306,225,30,30,http://localhost:3001/auth/login,0,0,0
1775843463915,1,Login - POST /auth/login,200,OK,Usuarios - Login 1-5,text,true,,306,223,30,30,http://localhost:3001/auth/login,1,0,0
1775843463915,1,Login - POST /auth/login,200,OK,Usuarios - Login 1-4,text,true,,310,229,30,30,http://localhost:3001/auth/login,1,0,0
1775843463915,1,Login - POST /auth/login,200,OK,Usuarios - Login 1-6,text,true,,302,223,30,30,http://localhost:3001/auth/login,1,0,0
1775843464013,1,Login - POST /auth/login,200,OK,Usuarios - Login 1-12,text,true,,302,224,30,30,http://localhost:3001/auth/login,1,0,0
1775843464115,1,Login - POST /auth/login,200,OK,Usuarios - Login 1-27,text,true,,306,225,30,30,http://localhost:3001/auth/login,1,0,0
1775843464164,0,Login - POST /auth/login,200,OK,Usuarios - Login 1-16,text,true,,306,223,30,30,http://localhost:3001/auth/login,0,0,0
1775843464215,0,Login - POST /auth/login,200,OK,Usuarios - Login 1-3,text,true,,302,223,30,30,http://localhost:3001/auth/login,0,0,0
1775843464216,0,Login - POST /auth/login,200,OK,Usuarios - Login 1-2,text,true,,306,225,30,30,http://localhost:3001/auth/login,0,0,0
1775843464216,0,Login - POST /auth/login,200,OK,Usuarios - Login 1-11,text,true,,310,229,30,30,http://localhost:3001/auth/login,0,0,0
1775843464217,0,Login - POST /auth/login,200,OK,Usuarios - Login 1-10,text,true,,302,224,30,30,http://localhost:3001/auth/login,0,0,0
1775843464235,0,Login - POST /auth/login,200,OK,Usuarios - Login 1-1,text,true,,306,223,30,30,http://localhost:3001/auth/login,0,0,0
1775843464315,0,Login - POST /auth/login,200,OK,Usuarios - Login 1-14,text,true,,310,229,30,30,http://localhost:3001/auth/login,0,0,0
1775843464414,1,Login - POST /auth/login,200,OK,Usuarios - Login 1-8,text,true,,302,224,30,30,http://localhost:3001/auth/login,1,0,0
1775843464416,0,Login - POST /auth/login,200,OK,Usuarios - Login 1-30,text,true,,302,223,30,30,http://localhost:3001/auth/login,0,0,0
1775843464465,0,Login - POST /auth/login,200,OK,Usuarios - Login 1-26,text,true,,306,225,30,30,http://localhost:3001/auth/login,0,0,0
1775843464513,0,Login - POST /auth/login,200,OK,Usuarios - Login 1-17,text,true,,306,223,30,30,http://localhost:3001/auth/login,0,0,0
1775843464563,1,Login - POST /auth/login,200,OK,Usuarios - Login 1-7,text,true,,310,229,30,30,http://localhost:3001/auth/login,1,0,0
1775843464719,0,Login - POST /auth/login,200,OK,Usuarios - Login 1-25,text,true,,302,223,30,30,http://localhost:3001/auth/login,0,0,0
1775843464762,1,Login - POST /auth/login,200,OK,Usuarios - Login 1-18,text,true,,302,224,30,30,http://localhost:3001/auth/login,1,0,0
1775843464864,1,Login - POST /auth/login,200,OK,Usuarios - Login 1-29,text,true,,306,225,30,30,http://localhost:3001/auth/login,1,0,0
1775843464968,0,Login - POST /auth/login,200,OK,Usuarios - Login 1-24,text,true,,306,223,30,30,http://localhost:3001/auth/login,0,0,0
1775843465017,0,Login - POST /auth/login,200,OK,Usuarios - Login 1-19,text,true,,310,229,30,30,http://localhost:3001/auth/login,0,0,0
1775843465062,1,Login - POST /auth/login,200,OK,Usuarios - Login 1-15,text,true,,302,223,30,30,http://localhost:3001/auth/login,1,0,0
1775843465117,1,Login - POST /auth/login,200,OK,Usuarios - Login 1-23,text,true,,302,224,30,30,http://localhost:3001/auth/login,1,0,0
1775843465266,0,Login - POST /auth/login,200,OK,Usuarios - Login 1-22,text,true,,306,225,30,30,http://localhost:3001/auth/login,0,0,0
1775843465266,0,Login - POST /auth/login,200,OK,Usuarios - Login 1-28,text,true,,306,223,30,30,http://localhost:3001/auth/login,0,0,0
1775843465314,1,Login - POST /auth/login,200,OK,Usuarios - Login 1-13,text,true,,302,223,30,30,http://localhost:3001/auth/login,1,0,0
1775843465315,1,Login - POST /auth/login,200,OK,Usuarios - Login 1-20,text,true,,310,229,30,30,http://localhost:3001/auth/login,1,0,0
1775843465316,1,Login - POST /auth/login,200,OK,Usuarios - Login 1-21,text,true,,302,224,30,30,http://localhost:3001/auth/login,1,0,0
1775843465367,0,Login - POST /auth/login,200,OK,Usuarios - Login 1-9,text,true,,306,225,30,30,http://localhost:3001/auth/login,0,0,0
1775843465415,0,Login - POST /auth/login,200,OK,Usuarios - Login 1-5,text,true,,306,223,30,30,http://localhost:3001/auth/login,0,0,0
1775843465415,1,Login - POST /auth/login,200,OK,Usuarios - Login 1-4,text,true,,302,223,30,30,http://localhost:3001/auth/login,1,0,0
1775843465415,1,Login - POST /auth/login,200,OK,Usuarios - Login 1-6,text,true,,310,229,30,30,http://localhost:3001/auth/login,1,0,0
1775843465514,1,Login - POST /auth/login,200,OK,Usuarios - Login 1-12,text,true,,302,224,30,30,http://localhost:3001/auth/login,1,0,0
1775843465615,1,Login - POST /auth/login,200,OK,Usuarios - Login 1-27,text,true,,306,225,30,30,http://localhost:3001/auth/login,1,0,0
1775843465664,0,Login - POST /auth/login,200,OK,Usuarios - Login 1-16,text,true,,306,223,30,30,http://localhost:3001/auth/login,0,0,0
1775843465713,1,Login - POST /auth/login,200,OK,Usuarios - Login 1-11,text,true,,302,224,30,30,http://localhost:3001/auth/login,1,0,0
1775843465714,0,Login - POST /auth/login,200,OK,Usuarios - Login 1-10,text,true,,306,225,30,30,http://localhost:3001/auth/login,0,0,0
1775843465715,0,Login - POST /auth/login,200,OK,Usuarios - Login 1-2,text,true,,302,223,30,30,http://localhost:3001/auth/login,0,0,0
1775843465716,0,Login - POST /auth/login,200,OK,Usuarios - Login 1-3,text,true,,310,229,30,30,http://localhost:3001/auth/login,0,0,0
1775843465735,0,Login - POST /auth/login,200,OK,Usuarios - Login 1-1,text,true,,306,223,30,30,http://localhost:3001/auth/login,0,0,0
1775843465814,1,Login - POST /auth/login,200,OK,Usuarios - Login 1-14,text,true,,310,229,30,30,http://localhost:3001/auth/login,1,0,0
1775843465913,1,Login - POST /auth/login,200,OK,Usuarios - Login 1-8,text,true,,302,223,30,30,http://localhost:3001/auth/login,1,0,0
1775843465915,0,Login - POST /auth/login,200,OK,Usuarios - Login 1-30,text,true,,302,224,30,30,http://localhost:3001/auth/login,0,0,0
1775843465965,1,Login - POST /auth/login,200,OK,Usuarios - Login 1-26,text,true,,306,225,30,30,http://localhost:3001/auth/login,1,0,0
1775843466014,0,Login - POST /auth/login,200,OK,Usuarios - Login 1-17,text,true,,306,223,30,30,http://localhost:3001/auth/login,0,0,0
1775843466064,0,Login - POST /auth/login,200,OK,Usuarios - Login 1-7,text,true,,310,229,30,30,http://localhost:3001/auth/login,0,0,0
1775843466217,1,Login - POST /auth/login,200,OK,Usuarios - Login 1-25,text,true,,302,223,30,30,http://localhost:3001/auth/login,1,0,0
1775843466262,0,Login - POST /auth/login,200,OK,Usuarios - Login 1-18,text,true,,302,224,30,30,http://localhost:3001/auth/login,0,0,0
1775843466365,0,Login - POST /auth/login,200,OK,Usuarios - Login 1-29,text,true,,306,225,30,30,http://localhost:3001/auth/login,0,0,0
1775843466466,1,Login - POST /auth/login,200,OK,Usuarios - Login 1-24,text,true,,306,223,30,30,http://localhost:3001/auth/login,1,0,0
1775843466516,0,Login - POST /auth/login,200,OK,Usuarios - Login 1-19,text,true,,310,229,30,30,http://localhost:3001/auth/login,0,0,0
1775843466563,1,Login - POST /auth/login,200,OK,Usuarios - Login 1-15,text,true,,302,223,30,30,http://localhost:3001/auth/login,1,0,0
1775843466617,1,Login - POST /auth/login,200,OK,Usuarios - Login 1-23,text,true,,302,224,30,30,http://localhost:3001/auth/login,1,0,0
1775843466765,1,Login - POST /auth/login,200,OK,Usuarios - Login 1-28,text,true,,306,223,30,30,http://localhost:3001/auth/login,1,0,0
1775843466765,1,Login - POST /auth/login,200,OK,Usuarios - Login 1-22,text,true,,306,225,30,30,http://localhost:3001/auth/login,1,0,0
1775843466814,1,Login - POST /auth/login,200,OK,Usuarios - Login 1-20,text,true,,302,223,30,30,http://localhost:3001/auth/login,1,0,0
1775843466815,1,Login - POST /auth/login,200,OK,Usuarios - Login 1-13,text,true,,310,229,30,30,http://localhost:3001/auth/login,1,0,0
1775843466817,0,Login - POST /auth/login,200,OK,Usuarios - Login 1-21,text,true,,302,224,30,30,http://localhost:3001/auth/login,0,0,0
1775843466865,0,Login - POST /auth/login,200,OK,Usuarios - Login 1-9,text,true,,306,225,30,30,http://localhost:3001/auth/login,0,0,0
1775843466915,0,Login - POST /auth/login,200,OK,Usuarios - Login 1-5,text,true,,306,223,30,30,http://localhost:3001/auth/login,0,0,0
1775843466915,0,Login - POST /auth/login,200,OK,Usuarios - Login 1-6,text,true,,302,223,30,30,http://localhost:3001/auth/login,0,0,0
1775843466915,1,Login - POST /auth/login,200,OK,Usuarios - Login 1-4,text,true,,310,229,30,30,http://localhost:3001/auth/login,1,0,0
1775843467013,0,Login - POST /auth/login,200,OK,Usuarios - Login 1-12,text,true,,302,224,30,30,http://localhost:3001/auth/login,0,0,0
1775843467115,0,Login - POST /auth/login,200,OK,Usuarios - Login 1-27,text,true,,306,225,30,30,http://localhost:3001/auth/login,0,0,0
1775843467166,0,Login - POST /auth/login,200,OK,Usuarios - Login 1-16,text,true,,306,223,30,30,http://localhost:3001/auth/login,0,0,0
1775843467216,0,Login - POST /auth/login,200,OK,Usuarios - Login 1-2,text,true,,302,224,30,30,http://localhost:3001/auth/login,0,0,0
1775843467216,0,Login - POST /auth/login,200,OK,Usuarios - Login 1-11,text,true,,310,229,30,30,http://localhost:3001/auth/login,0,0,0
1775843467217,0,Login - POST /auth/login,200,OK,Usuarios - Login 1-10,text,true,,302,223,30,30,http://localhost:3001/auth/login,0,0,0
1775843467217,0,Login - POST /auth/login,200,OK,Usuarios - Login 1-3,text,true,,306,225,30,30,http://localhost:3001/auth/login,0,0,0
1775843467235,0,Login - POST /auth/login,200,OK,Usuarios - Login 1-1,text,true,,306,223,30,30,http://localhost:3001/auth/login,0,0,0
1775843467317,1,Login - POST /auth/login,200,OK,Usuarios - Login 1-14,text,true,,310,229,30,30,http://localhost:3001/auth/login,1,0,0
1775843467413,1,Login - POST /auth/login,200,OK,Usuarios - Login 1-8,text,true,,302,223,30,30,http://localhost:3001/auth/login,1,0,0
1775843467415,0,Login - POST /auth/login,200,OK,Usuarios - Login 1-30,text,true,,302,224,30,30,http://localhost:3001/auth/login,0,0,0
1775843467466,0,Login - POST /auth/login,200,OK,Usuarios - Login 1-26,text,true,,306,225,30,30,http://localhost:3001/auth/login,0,0,0
1775843467513,1,Login - POST /auth/login,200,OK,Usuarios - Login 1-17,text,true,,306,223,30,30,http://localhost:3001/auth/login,1,0,0
1775843467563,1,Login - POST /auth/login,200,OK,Usuarios - Login 1-7,text,true,,310,229,30,30,http://localhost:3001/auth/login,1,0,0
1775843467718,0,Login - POST /auth/login,200,OK,Usuarios - Login 1-25,text,true,,302,223,30,30,http://localhost:3001/auth/login,0,0,0
1775843467763,1,Login - POST /auth/login,200,OK,Usuarios - Login 1-18,text,true,,302,224,30,30,http://localhost:3001/auth/login,1,0,0
1775843467863,1,Login - POST /auth/login,200,OK,Usuarios - Login 1-29,text,true,,306,225,30,30,http://localhost:3001/auth/login,1,0,0
1775843467966,0,Login - POST /auth/login,200,OK,Usuarios - Login 1-24,text,true,,306,223,30,30,http://localhost:3001/auth/login,0,0,0
1775843468013,1,Login - POST /auth/login,200,OK,Usuarios - Login 1-19,text,true,,310,229,30,30,http://localhost:3001/auth/login,1,0,0
1775843468061,1,Login - POST /auth/login,200,OK,Usuarios - Login 1-15,text,true,,302,223,30,30,http://localhost:3001/auth/login,1,0,0
1775843468116,0,Login - POST /auth/login,200,OK,Usuarios - Login 1-23,text,true,,302,224,30,30,http://localhost:3001/auth/login,0,0,0
1775843468264,1,Login - POST /auth/login,200,OK,Usuarios - Login 1-22,text,true,,306,223,30,30,http://localhost:3001/auth/login,1,0,0
1775843468265,0,Login - POST /auth/login,200,OK,Usuarios - Login 1-28,text,true,,306,225,30,30,http://localhost:3001/auth/login,0,0,0
1775843468313,1,Login - POST /auth/login,200,OK,Usuarios - Login 1-13,text,true,,302,223,30,30,http://localhost:3001/auth/login,1,0,0
1775843468314,1,Login - POST /auth/login,200,OK,Usuarios - Login 1-20,text,true,,310,229,30,30,http://localhost:3001/auth/login,1,0,0
1775843468315,0,Login - POST /auth/login,200,OK,Usuarios - Login 1-21,text,true,,302,224,30,30,http://localhost:3001/auth/login,0,0,0
1775843468363,1,Login - POST /auth/login,200,OK,Usuarios - Login 1-9,text,true,,306,225,30,30,http://localhost:3001/auth/login,1,0,0
1775843468415,1,Login - POST /auth/login,200,OK,Usuarios - Login 1-5,text,true,,306,223,30,30,http://localhost:3001/auth/login,1,0,0
1775843468415,1,Login - POST /auth/login,200,OK,Usuarios - Login 1-6,text,true,,310,229,30,30,http://localhost:3001/auth/login,1,0,0
1775843468415,1,Login - POST /auth/login,200,OK,Usuarios - Login 1-4,text,true,,302,223,30,30,http://localhost:3001/auth/login,1,0,0
1775843468512,0,Login - POST /auth/login,200,OK,Usuarios - Login 1-12,text,true,,302,224,30,30,http://localhost:3001/auth/login,0,0,0
1775843468615,1,Login - POST /auth/login,200,OK,Usuarios - Login 1-27,text,true,,306,225,30,30,http://localhost:3001/auth/login,1,0,0
1775843468662,1,Login - POST /auth/login,200,OK,Usuarios - Login 1-16,text,true,,306,223,30,30,http://localhost:3001/auth/login,1,0,0
1775843468713,1,Login - POST /auth/login,200,OK,Usuarios - Login 1-3,text,true,,306,225,30,30,http://localhost:3001/auth/login,1,0,0
1775843468713,1,Login - POST /auth/login,200,OK,Usuarios - Login 1-10,text,true,,302,224,30,30,http://localhost:3001/auth/login,1,0,0
1775843468713,1,Login - POST /auth/login,200,OK,Usuarios - Login 1-11,text,true,,302,223,30,30,http://localhost:3001/auth/login,1,0,0
1775843468715,0,Login - POST /auth/login,200,OK,Usuarios - Login 1-2,text,true,,310,229,30,30,http://localhost:3001/auth/login,0,0,0
1775843468735,0,Login - POST /auth/login,200,OK,Usuarios - Login 1-1,text,true,,306,223,30,30,http://localhost:3001/auth/login,0,0,0
1775843468814,1,Login - POST /auth/login,200,OK,Usuarios - Login 1-14,text,true,,310,229,30,30,http://localhost:3001/auth/login,1,0,0
1775843468912,0,Login - POST /auth/login,200,OK,Usuarios - Login 1-8,text,true,,302,223,30,30,http://localhost:3001/auth/login,0,0,0
1775843468914,0,Login - POST /auth/login,200,OK,Usuarios - Login 1-30,text,true,,302,224,30,30,http://localhost:3001/auth/login,0,0,0
1775843468963,1,Login - POST /auth/login,200,OK,Usuarios - Login 1-26,text,true,,306,225,30,30,http://localhost:3001/auth/login,1,0,0
1775843469013,1,Login - POST /auth/login,200,OK,Usuarios - Login 1-17,text,true,,306,223,30,30,http://localhost:3001/auth/login,1,0,0
1775843469063,1,Login - POST /auth/login,200,OK,Usuarios - Login 1-7,text,true,,310,229,30,30,http://localhost:3001/auth/login,1,0,0
1775843469217,0,Login - POST /auth/login,200,OK,Usuarios - Login 1-25,text,true,,302,223,30,30,http://localhost:3001/auth/login,0,0,0
1775843469263,0,Login - POST /auth/login,200,OK,Usuarios - Login 1-18,text,true,,302,224,30,30,http://localhost:3001/auth/login,0,0,0
1775843469365,1,Login - POST /auth/login,200,OK,Usuarios - Login 1-29,text,true,,306,225,30,30,http://localhost:3001/auth/login,1,0,0
1775843469465,1,Login - POST /auth/login,200,OK,Usuarios - Login 1-24,text,true,,306,223,30,30,http://localhost:3001/auth/login,1,0,0
1775843469514,1,Login - POST /auth/login,200,OK,Usuarios - Login 1-19,text,true,,310,229,30,30,http://localhost:3001/auth/login,1,0,0
1775843469562,0,Login - POST /auth/login,200,OK,Usuarios - Login 1-15,text,true,,302,223,30,30,http://localhost:3001/auth/login,0,0,0
1775843469616,0,Login - POST /auth/login,200,OK,Usuarios - Login 1-23,text,true,,302,224,30,30,http://localhost:3001/auth/login,0,0,0
1775843469766,0,Login - POST /auth/login,200,OK,Usuarios - Login 1-22,text,true,,306,225,30,30,http://localhost:3001/auth/login,0,0,0
1775843469766,0,Login - POST /auth/login,200,OK,Usuarios - Login 1-28,text,true,,306,223,30,30,http://localhost:3001/auth/login,0,0,0
1775843469814,1,Login - POST /auth/login,200,OK,Usuarios - Login 1-13,text,true,,310,229,30,30,http://localhost:3001/auth/login,1,0,0
1775843469814,1,Login - POST /auth/login,200,OK,Usuarios - Login 1-20,text,true,,302,223,30,30,http://localhost:3001/auth/login,1,0,0
1775843469817,1,Login - POST /auth/login,200,OK,Usuarios - Login 1-21,text,true,,302,224,30,30,http://localhost:3001/auth/login,1,0,0
1775843469865,0,Login - POST /auth/login,200,OK,Usuarios - Login 1-9,text,true,,306,225,30,30,http://localhost:3001/auth/login,0,0,0
1775843469914,1,Login - POST /auth/login,200,OK,Usuarios - Login 1-4,text,true,,302,223,30,30,http://localhost:3001/auth/login,1,0,0
1775843469914,1,Login - POST /auth/login,200,OK,Usuarios - Login 1-6,text,true,,310,229,30,30,http://localhost:3001/auth/login,1,0,0
1775843469914,1,Login - POST /auth/login,200,OK,Usuarios - Login 1-5,text,true,,306,223,30,30,http://localhost:3001/auth/login,1,0,0
1775843470012,0,Login - POST /auth/login,200,OK,Usuarios - Login 1-12,text,true,,302,224,30,30,http://localhost:3001/auth/login,0,0,0
1775843470114,1,Login - POST /auth/login,200,OK,Usuarios - Login 1-27,text,true,,306,225,30,30,http://localhost:3001/auth/login,1,0,0
1775843470164,0,Login - POST /auth/login,200,OK,Usuarios - Login 1-16,text,true,,306,223,30,30,http://localhost:3001/auth/login,0,0,0
1775843470214,0,Login - POST /auth/login,200,OK,Usuarios - Login 1-3,text,true,,310,229,30,30,http://localhost:3001/auth/login,0,0,0
1775843470214,0,Login - POST /auth/login,200,OK,Usuarios - Login 1-11,text,true,,302,224,30,30,http://localhost:3001/auth/login,0,0,0
1775843470214,1,Login - POST /auth/login,200,OK,Usuarios - Login 1-10,text,true,,302,223,30,30,http://localhost:3001/auth/login,1,0,0
1775843470215,0,Login - POST /auth/login,200,OK,Usuarios - Login 1-2,text,true,,306,225,30,30,http://localhost:3001/auth/login,0,0,0
1775843470234,0,Login - POST /auth/login,200,OK,Usuarios - Login 1-1,text,true,,306,223,30,30,http://localhost:3001/auth/login,0,0,0
1775843470314,1,Login - POST /auth/login,200,OK,Usuarios - Login 1-14,text,true,,310,229,30,30,http://localhost:3001/auth/login,1,0,0
1775843470412,1,Login - POST /auth/login,200,OK,Usuarios - Login 1-8,text,true,,302,223,30,30,http://localhost:3001/auth/login,1,0,0
1775843470414,0,Login - POST /auth/login,200,OK,Usuarios - Login 1-30,text,true,,302,224,30,30,http://localhost:3001/auth/login,0,0,0
1775843470464,0,Login - POST /auth/login,200,OK,Usuarios - Login 1-26,text,true,,306,225,30,30,http://localhost:3001/auth/login,0,0,0
1775843470512,1,Login - POST /auth/login,200,OK,Usuarios - Login 1-17,text,true,,306,223,30,30,http://localhost:3001/auth/login,1,0,0
1775843470563,0,Login - POST /auth/login,200,OK,Usuarios - Login 1-7,text,true,,310,229,30,30,http://localhost:3001/auth/login,0,0,0
1775843470717,1,Login - POST /auth/login,200,OK,Usuarios - Login 1-25,text,true,,302,223,30,30,http://localhost:3001/auth/login,1,0,0
1775843470761,1,Login - POST /auth/login,200,OK,Usuarios - Login 1-18,text,true,,302,224,30,30,http://localhost:3001/auth/login,1,0,0
1775843470865,0,Login - POST /auth/login,200,OK,Usuarios - Login 1-29,text,true,,306,225,30,30,http://localhost:3001/auth/login,0,0,0
1775843470966,0,Login - POST /auth/login,200,OK,Usuarios - Login 1-24,text,true,,306,223,30,30,http://localhost:3001/auth/login,0,0,0
1775843471014,1,Login - POST /auth/login,200,OK,Usuarios - Login 1-19,text,true,,310,229,30,30,http://localhost:3001/auth/login,1,0,0
1775843471062,0,Login - POST /auth/login,200,OK,Usuarios - Login 1-15,text,true,,302,223,30,30,http://localhost:3001/auth/login,0,0,0
1775843471115,1,Login - POST /auth/login,200,OK,Usuarios - Login 1-23,text,true,,302,224,30,30,http://localhost:3001/auth/login,1,0,0
1775843471265,0,Login - POST /auth/login,200,OK,Usuarios - Login 1-22,text,true,,306,225,30,30,http://localhost:3001/auth/login,0,0,0
1775843471265,1,Login - POST /auth/login,200,OK,Usuarios - Login 1-28,text,true,,306,223,30,30,http://localhost:3001/auth/login,1,0,0
1775843471313,1,Login - POST /auth/login,200,OK,Usuarios - Login 1-20,text,true,,302,223,30,30,http://localhost:3001/auth/login,1,0,0
1775843471313,1,Login - POST /auth/login,200,OK,Usuarios - Login 1-13,text,true,,310,229,30,30,http://localhost:3001/auth/login,1,0,0
1775843471315,1,Login - POST /auth/login,200,OK,Usuarios - Login 1-21,text,true,,302,224,30,30,http://localhost:3001/auth/login,1,0,0
1775843471364,1,Login - POST /auth/login,200,OK,Usuarios - Login 1-9,text,true,,306,225,30,30,http://localhost:3001/auth/login,1,0,0
1775843471415,1,Login - POST /auth/login,200,OK,Usuarios - Login 1-6,text,true,,310,229,30,30,http://localhost:3001/auth/login,1,0,0
1775843471415,1,Login - POST /auth/login,200,OK,Usuarios - Login 1-4,text,true,,306,223,30,30,http://localhost:3001/auth/login,1,0,0
1775843471415,1,Login - POST /auth/login,200,OK,Usuarios - Login 1-5,text,true,,302,223,30,30,http://localhost:3001/auth/login,1,0,0
1775843471512,0,Login - POST /auth/login,200,OK,Usuarios - Login 1-12,text,true,,302,224,30,30,http://localhost:3001/auth/login,0,0,0
1775843471614,0,Login - POST /auth/login,200,OK,Usuarios - Login 1-27,text,true,,306,225,30,30,http://localhost:3001/auth/login,0,0,0
1775843471662,1,Login - POST /auth/login,200,OK,Usuarios - Login 1-16,text,true,,306,223,30,30,http://localhost:3001/auth/login,1,0,0
1775843471714,1,Login - POST /auth/login,200,OK,Usuarios - Login 1-2,text,true,,306,225,30,30,http://localhost:3001/auth/login,1,0,0
1775843471714,1,Login - POST /auth/login,200,OK,Usuarios - Login 1-10,text,true,,302,224,30,30,http://localhost:3001/auth/login,1,0,0
1775843471714,1,Login - POST /auth/login,200,OK,Usuarios - Login 1-3,text,true,,310,229,30,30,http://localhost:3001/auth/login,1,0,0
1775843471714,1,Login - POST /auth/login,200,OK,Usuarios - Login 1-11,text,true,,302,223,30,30,http://localhost:3001/auth/login,1,0,0
1775843471734,1,Login - POST /auth/login,200,OK,Usuarios - Login 1-1,text,true,,306,223,30,30,http://localhost:3001/auth/login,1,0,0
1775843471815,1,Login - POST /auth/login,200,OK,Usuarios - Login 1-14,text,true,,310,229,30,30,http://localhost:3001/auth/login,1,0,0
1775843471912,0,Login - POST /auth/login,200,OK,Usuarios - Login 1-8,text,true,,302,223,30,30,http://localhost:3001/auth/login,0,0,0
1775843471914,0,Login - POST /auth/login,200,OK,Usuarios - Login 1-30,text,true,,302,224,30,30,http://localhost:3001/auth/login,0,0,0
1775843471964,0,Login - POST /auth/login,200,OK,Usuarios - Login 1-26,text,true,,306,225,30,30,http://localhost:3001/auth/login,0,0,0
1775843472013,1,Login - POST /auth/login,200,OK,Usuarios - Login 1-17,text,true,,306,223,30,30,http://localhost:3001/auth/login,1,0,0
1775843472062,0,Login - POST /auth/login,200,OK,Usuarios - Login 1-7,text,true,,310,229,30,30,http://localhost:3001/auth/login,0,0,0
1775843472215,1,Login - POST /auth/login,200,OK,Usuarios - Login 1-25,text,true,,302,223,30,30,http://localhost:3001/auth/login,1,0,0
1775843472261,1,Login - POST /auth/login,200,OK,Usuarios - Login 1-18,text,true,,302,224,30,30,http://localhost:3001/auth/login,1,0,0
1775843472366,0,Login - POST /auth/login,200,OK,Usuarios - Login 1-29,text,true,,306,225,30,30,http://localhost:3001/auth/login,0,0,0
1775843472466,0,Login - POST /auth/login,200,OK,Usuarios - Login 1-24,text,true,,306,223,30,30,http://localhost:3001/auth/login,0,0,0
1775843472513,1,Login - POST /auth/login,200,OK,Usuarios - Login 1-19,text,true,,310,229,30,30,http://localhost:3001/auth/login,1,0,0
1775843472561,1,Login - POST /auth/login,200,OK,Usuarios - Login 1-15,text,true,,302,223,30,30,http://localhost:3001/auth/login,1,0,0
1775843472616,1,Login - POST /auth/login,200,OK,Usuarios - Login 1-23,text,true,,302,224,30,30,http://localhost:3001/auth/login,1,0,0
1775843472765,1,Login - POST /auth/login,200,OK,Usuarios - Login 1-22,text,true,,306,225,30,30,http://localhost:3001/auth/login,1,0,0
1775843472765,1,Login - POST /auth/login,200,OK,Usuarios - Login 1-28,text,true,,306,223,30,30,http://localhost:3001/auth/login,1,0,0
1775843472816,1,Login - POST /auth/login,200,OK,Usuarios - Login 1-20,text,true,,310,229,30,30,http://localhost:3001/auth/login,1,0,0
1775843472816,1,Login - POST /auth/login,200,OK,Usuarios - Login 1-21,text,true,,302,224,30,30,http://localhost:3001/auth/login,1,0,0
1775843472816,1,Login - POST /auth/login,200,OK,Usuarios - Login 1-13,text,true,,302,223,30,30,http://localhost:3001/auth/login,1,0,0
1775843472864,0,Login - POST /auth/login,200,OK,Usuarios - Login 1-9,text,true,,306,225,30,30,http://localhost:3001/auth/login,0,0,0
1775843472914,0,Login - POST /auth/login,200,OK,Usuarios - Login 1-5,text,true,,302,223,30,30,http://localhost:3001/auth/login,0,0,0
1775843472914,1,Login - POST /auth/login,200,OK,Usuarios - Login 1-6,text,true,,306,223,30,30,http://localhost:3001/auth/login,1,0,0
1775843472914,1,Login - POST /auth/login,200,OK,Usuarios - Login 1-4,text,true,,310,229,30,30,http://localhost:3001/auth/login,1,0,0
1775843473013,1,Login - POST /auth/login,200,OK,Usuarios - Login 1-12,text,true,,302,224,30,30,http://localhost:3001/auth/login,1,0,0
1775843473114,0,Login - POST /auth/login,200,OK,Usuarios - Login 1-27,text,true,,306,225,30,30,http://localhost:3001/auth/login,0,0,0
1775843473162,1,Login - POST /auth/login,200,OK,Usuarios - Login 1-16,text,true,,306,223,30,30,http://localhost:3001/auth/login,1,0,0
1775843473213,0,Login - POST /auth/login,200,OK,Usuarios - Login 1-11,text,true,,306,225,30,30,http://localhost:3001/auth/login,0,0,0
1775843473215,0,Login - POST /auth/login,200,OK,Usuarios - Login 1-3,text,true,,302,224,30,30,http://localhost:3001/auth/login,0,0,0
1775843473215,0,Login - POST /auth/login,200,OK,Usuarios - Login 1-2,text,true,,310,229,30,30,http://localhost:3001/auth/login,0,0,0
1775843473215,1,Login - POST /auth/login,200,OK,Usuarios - Login 1-10,text,true,,302,223,30,30,http://localhost:3001/auth/login,1,0,0
1775843473235,0,Login - POST /auth/login,200,OK,Usuarios - Login 1-1,text,true,,306,223,30,30,http://localhost:3001/auth/login,0,0,0
1775843473314,1,Login - POST /auth/login,200,OK,Usuarios - Login 1-14,text,true,,310,229,30,30,http://localhost:3001/auth/login,1,0,0
1775843473412,1,Login - POST /auth/login,200,OK,Usuarios - Login 1-8,text,true,,302,223,30,30,http://localhost:3001/auth/login,1,0,0
1775843473415,0,Login - POST /auth/login,200,OK,Usuarios - Login 1-30,text,true,,302,224,30,30,http://localhost:3001/auth/login,0,0,0
1775843473464,0,Login - POST /auth/login,200,OK,Usuarios - Login 1-26,text,true,,306,225,30,30,http://localhost:3001/auth/login,0,0,0
1775843473512,0,Login - POST /auth/login,200,OK,Usuarios - Login 1-17,text,true,,306,223,30,30,http://localhost:3001/auth/login,0,0,0
1775843473562,1,Login - POST /auth/login,200,OK,Usuarios - Login 1-7,text,true,,310,229,30,30,http://localhost:3001/auth/login,1,0,0
1775843473717,1,Login - POST /auth/login,200,OK,Usuarios - Login 1-25,text,true,,302,223,30,30,http://localhost:3001/auth/login,1,0,0
1775843473762,0,Login - POST /auth/login,200,OK,Usuarios - Login 1-18,text,true,,302,224,30,30,http://localhost:3001/auth/login,0,0,0
1775843473863,1,Login - POST /auth/login,200,OK,Usuarios - Login 1-29,text,true,,306,225,30,30,http://localhost:3001/auth/login,1,0,0
1775843473966,0,Login - POST /auth/login,200,OK,Usuarios - Login 1-24,text,true,,306,223,30,30,http://localhost:3001/auth/login,0,0,0
1775843474013,1,Login - POST /auth/login,200,OK,Usuarios - Login 1-19,text,true,,310,229,30,30,http://localhost:3001/auth/login,1,0,0
1775843474062,1,Login - POST /auth/login,200,OK,Usuarios - Login 1-15,text,true,,302,223,30,30,http://localhost:3001/auth/login,1,0,0
1775843474116,1,Login - POST /auth/login,200,OK,Usuarios - Login 1-23,text,true,,302,224,30,30,http://localhost:3001/auth/login,1,0,0
1775843474265,0,Login - POST /auth/login,200,OK,Usuarios - Login 1-28,text,true,,306,223,30,30,http://localhost:3001/auth/login,0,0,0
1775843474265,1,Login - POST /auth/login,200,OK,Usuarios - Login 1-22,text,true,,306,225,30,30,http://localhost:3001/auth/login,1,0,0
1775843474314,0,Login - POST /auth/login,200,OK,Usuarios - Login 1-13,text,true,,302,224,30,30,http://localhost:3001/auth/login,0,0,0
1775843474315,0,Login - POST /auth/login,200,OK,Usuarios - Login 1-20,text,true,,310,229,30,30,http://localhost:3001/auth/login,0,0,0
1775843474317,0,Login - POST /auth/login,200,OK,Usuarios - Login 1-21,text,true,,302,223,30,30,http://localhost:3001/auth/login,0,0,0
1775843474365,1,Login - POST /auth/login,200,OK,Usuarios - Login 1-9,text,true,,306,225,30,30,http://localhost:3001/auth/login,1,0,0
1775843474413,1,Login - POST /auth/login,200,OK,Usuarios - Login 1-5,text,true,,306,223,30,30,http://localhost:3001/auth/login,1,0,0
1775843474413,1,Login - POST /auth/login,200,OK,Usuarios - Login 1-4,text,true,,302,223,30,30,http://localhost:3001/auth/login,1,0,0
1775843474415,1,Login - POST /auth/login,200,OK,Usuarios - Login 1-6,text,true,,310,229,30,30,http://localhost:3001/auth/login,1,0,0
1775843474514,0,Login - POST /auth/login,200,OK,Usuarios - Login 1-12,text,true,,302,224,30,30,http://localhost:3001/auth/login,0,0,0
1775843474614,1,Login - POST /auth/login,200,OK,Usuarios - Login 1-27,text,true,,306,225,30,30,http://localhost:3001/auth/login,1,0,0
1775843474662,1,Login - POST /auth/login,200,OK,Usuarios - Login 1-16,text,true,,306,223,30,30,http://localhost:3001/auth/login,1,0,0
1775843474713,0,Login - POST /auth/login,200,OK,Usuarios - Login 1-11,text,true,,310,229,30,30,http://localhost:3001/auth/login,0,0,0
1775843474714,0,Login - POST /auth/login,200,OK,Usuarios - Login 1-3,text,true,,302,223,30,30,http://localhost:3001/auth/login,0,0,0
1775843474714,0,Login - POST /auth/login,200,OK,Usuarios - Login 1-10,text,true,,306,225,30,30,http://localhost:3001/auth/login,0,0,0
1775843474715,0,Login - POST /auth/login,200,OK,Usuarios - Login 1-2,text,true,,302,224,30,30,http://localhost:3001/auth/login,0,0,0
1775843474734,0,Login - POST /auth/login,200,OK,Usuarios - Login 1-1,text,true,,306,223,30,30,http://localhost:3001/auth/login,0,0,0
1775843474813,1,Login - POST /auth/login,200,OK,Usuarios - Login 1-14,text,true,,310,229,30,30,http://localhost:3001/auth/login,1,0,0
1775843474914,0,Login - POST /auth/login,200,OK,Usuarios - Login 1-8,text,true,,302,223,30,30,http://localhost:3001/auth/login,0,0,0
1775843474914,1,Login - POST /auth/login,200,OK,Usuarios - Login 1-30,text,true,,302,224,30,30,http://localhost:3001/auth/login,1,0,0
1775843474964,0,Login - POST /auth/login,200,OK,Usuarios - Login 1-26,text,true,,306,225,30,30,http://localhost:3001/auth/login,0,0,0
1775843475013,0,Login - POST /auth/login,200,OK,Usuarios - Login 1-17,text,true,,306,223,30,30,http://localhost:3001/auth/login,0,0,0
1775843475063,0,Login - POST /auth/login,200,OK,Usuarios - Login 1-7,text,true,,310,229,30,30,http://localhost:3001/auth/login,0,0,0
1775843475217,0,Login - POST /auth/login,200,OK,Usuarios - Login 1-25,text,true,,302,223,30,30,http://localhost:3001/auth/login,0,0,0
1775843475261,0,Login - POST /auth/login,200,OK,Usuarios - Login 1-18,text,true,,302,224,30,30,http://localhost:3001/auth/login,0,0,0
1775843475365,0,Login - POST /auth/login,200,OK,Usuarios - Login 1-29,text,true,,306,225,30,30,http://localhost:3001/auth/login,0,0,0
1775843475466,1,Login - POST /auth/login,200,OK,Usuarios - Login 1-24,text,true,,306,223,30,30,http://localhost:3001/auth/login,1,0,0
1775843475513,1,Login - POST /auth/login,200,OK,Usuarios - Login 1-19,text,true,,310,229,30,30,http://localhost:3001/auth/login,1,0,0
1775843475561,0,Login - POST /auth/login,200,OK,Usuarios - Login 1-15,text,true,,302,223,30,30,http://localhost:3001/auth/login,0,0,0
1775843475617,0,Login - POST /auth/login,200,OK,Usuarios - Login 1-23,text,true,,302,224,30,30,http://localhost:3001/auth/login,0,0,0
1775843475765,0,Login - POST /auth/login,200,OK,Usuarios - Login 1-22,text,true,,306,223,30,30,http://localhost:3001/auth/login,0,0,0
1775843475765,0,Login - POST /auth/login,200,OK,Usuarios - Login 1-28,text,true,,306,225,30,30,http://localhost:3001/auth/login,0,0,0
1775843475816,0,Login - POST /auth/login,200,OK,Usuarios - Login 1-20,text,true,,302,223,30,30,http://localhost:3001/auth/login,0,0,0
1775843475816,0,Login - POST /auth/login,200,OK,Usuarios - Login 1-13,text,true,,310,229,30,30,http://localhost:3001/auth/login,0,0,0
1775843475816,0,Login - POST /auth/login,200,OK,Usuarios - Login 1-21,text,true,,302,224,30,30,http://localhost:3001/auth/login,0,0,0
1775843475864,1,Login - POST /auth/login,200,OK,Usuarios - Login 1-9,text,true,,306,225,30,30,http://localhost:3001/auth/login,1,0,0
1775843475914,0,Login - POST /auth/login,200,OK,Usuarios - Login 1-6,text,true,,302,223,30,30,http://localhost:3001/auth/login,0,0,0
1775843475914,0,Login - POST /auth/login,200,OK,Usuarios - Login 1-4,text,true,,310,229,30,30,http://localhost:3001/auth/login,0,0,0
1775843475914,1,Login - POST /auth/login,200,OK,Usuarios - Login 1-5,text,true,,306,223,30,30,http://localhost:3001/auth/login,1,0,0
1775843476011,1,Login - POST /auth/login,200,OK,Usuarios - Login 1-12,text,true,,302,224,30,30,http://localhost:3001/auth/login,1,0,0
1775843476116,0,Login - POST /auth/login,200,OK,Usuarios - Login 1-27,text,true,,306,225,30,30,http://localhost:3001/auth/login,0,0,0
1775843476165,0,Login - POST /auth/login,200,OK,Usuarios - Login 1-16,text,true,,306,223,30,30,http://localhost:3001/auth/login,0,0,0
1775843476213,1,Login - POST /auth/login,200,OK,Usuarios - Login 1-10,text,true,,302,224,30,30,http://localhost:3001/auth/login,1,0,0
1775843476213,1,Login - POST /auth/login,200,OK,Usuarios - Login 1-11,text,true,,310,229,30,30,http://localhost:3001/auth/login,1,0,0
1775843476213,1,Login - POST /auth/login,200,OK,Usuarios - Login 1-3,text,true,,302,223,30,30,http://localhost:3001/auth/login,1,0,0
1775843476215,0,Login - POST /auth/login,200,OK,Usuarios - Login 1-2,text,true,,306,225,30,30,http://localhost:3001/auth/login,0,0,0
1775843476235,1,Login - POST /auth/login,200,OK,Usuarios - Login 1-1,text,true,,306,223,30,30,http://localhost:3001/auth/login,1,0,0
1775843476314,1,Login - POST /auth/login,200,OK,Usuarios - Login 1-14,text,true,,310,229,30,30,http://localhost:3001/auth/login,1,0,0
1775843476412,1,Login - POST /auth/login,200,OK,Usuarios - Login 1-8,text,true,,302,223,30,30,http://localhost:3001/auth/login,1,0,0
1775843476413,0,Login - POST /auth/login,200,OK,Usuarios - Login 1-30,text,true,,302,224,30,30,http://localhost:3001/auth/login,0,0,0
1775843476464,0,Login - POST /auth/login,200,OK,Usuarios - Login 1-26,text,true,,306,225,30,30,http://localhost:3001/auth/login,0,0,0
1775843476512,1,Login - POST /auth/login,200,OK,Usuarios - Login 1-17,text,true,,306,223,30,30,http://localhost:3001/auth/login,1,0,0
1775843476562,0,Login - POST /auth/login,200,OK,Usuarios - Login 1-7,text,true,,310,229,30,30,http://localhost:3001/auth/login,0,0,0
1775843476716,0,Login - POST /auth/login,200,OK,Usuarios - Login 1-25,text,true,,302,223,30,30,http://localhost:3001/auth/login,0,0,0
1775843476761,0,Login - POST /auth/login,200,OK,Usuarios - Login 1-18,text,true,,302,224,30,30,http://localhost:3001/auth/login,0,0,0
1775843476863,1,Login - POST /auth/login,200,OK,Usuarios - Login 1-29,text,true,,306,225,30,30,http://localhost:3001/auth/login,1,0,0
1775843476968,0,Login - POST /auth/login,200,OK,Usuarios - Login 1-24,text,true,,306,223,30,30,http://localhost:3001/auth/login,0,0,0
1775843477014,0,Login - POST /auth/login,200,OK,Usuarios - Login 1-19,text,true,,310,229,30,30,http://localhost:3001/auth/login,0,0,0
1775843477061,1,Login - POST /auth/login,200,OK,Usuarios - Login 1-15,text,true,,302,223,30,30,http://localhost:3001/auth/login,1,0,0
1775843477116,1,Login - POST /auth/login,200,OK,Usuarios - Login 1-23,text,true,,302,224,30,30,http://localhost:3001/auth/login,1,0,0
1775843477264,1,Login - POST /auth/login,200,OK,Usuarios - Login 1-22,text,true,,306,225,30,30,http://localhost:3001/auth/login,1,0,0
1775843477264,1,Login - POST /auth/login,200,OK,Usuarios - Login 1-28,text,true,,306,223,30,30,http://localhost:3001/auth/login,1,0,0
1775843477314,0,Login - POST /auth/login,200,OK,Usuarios - Login 1-20,text,true,,310,229,30,30,http://localhost:3001/auth/login,0,0,0
1775843477314,0,Login - POST /auth/login,200,OK,Usuarios - Login 1-13,text,true,,302,223,30,30,http://localhost:3001/auth/login,0,0,0
1775843477315,1,Login - POST /auth/login,200,OK,Usuarios - Login 1-21,text,true,,302,224,30,30,http://localhost:3001/auth/login,1,0,0
1775843477364,1,Login - POST /auth/login,200,OK,Usuarios - Login 1-9,text,true,,306,225,30,30,http://localhost:3001/auth/login,1,0,0
1775843477413,0,Login - POST /auth/login,200,OK,Usuarios - Login 1-4,text,true,,310,229,30,30,http://localhost:3001/auth/login,0,0,0
1775843477413,0,Login - POST /auth/login,200,OK,Usuarios - Login 1-5,text,true,,302,223,30,30,http://localhost:3001/auth/login,0,0,0
1775843477413,1,Login - POST /auth/login,200,OK,Usuarios - Login 1-6,text,true,,306,223,30,30,http://localhost:3001/auth/login,1,0,0
1775843477513,0,Login - POST /auth/login,200,OK,Usuarios - Login 1-12,text,true,,302,224,30,30,http://localhost:3001/auth/login,0,0,0
1775843477614,0,Login - POST /auth/login,200,OK,Usuarios - Login 1-27,text,true,,306,225,30,30,http://localhost:3001/auth/login,0,0,0
1775843477665,0,Login - POST /auth/login,200,OK,Usuarios - Login 1-16,text,true,,306,223,30,30,http://localhost:3001/auth/login,0,0,0
1775843477714,0,Login - POST /auth/login,200,OK,Usuarios - Login 1-3,text,true,,302,224,30,30,http://localhost:3001/auth/login,0,0,0
1775843477714,1,Login - POST /auth/login,200,OK,Usuarios - Login 1-10,text,true,,310,229,30,30,http://localhost:3001/auth/login,1,0,0
1775843477714,1,Login - POST /auth/login,200,OK,Usuarios - Login 1-11,text,true,,302,223,30,30,http://localhost:3001/auth/login,1,0,0
1775843477715,0,Login - POST /auth/login,200,OK,Usuarios - Login 1-2,text,true,,306,225,30,30,http://localhost:3001/auth/login,0,0,0
1775843477733,1,Login - POST /auth/login,200,OK,Usuarios - Login 1-1,text,true,,306,223,30,30,http://localhost:3001/auth/login,1,0,0
1775843477815,0,Login - POST /auth/login,200,OK,Usuarios - Login 1-14,text,true,,310,229,30,30,http://localhost:3001/auth/login,0,0,0
1775843477913,0,Login - POST /auth/login,200,OK,Usuarios - Login 1-8,text,true,,302,223,30,30,http://localhost:3001/auth/login,0,0,0
1775843477914,0,Login - POST /auth/login,200,OK,Usuarios - Login 1-30,text,true,,302,224,30,30,http://localhost:3001/auth/login,0,0,0
1775843477965,0,Login - POST /auth/login,200,OK,Usuarios - Login 1-26,text,true,,306,225,30,30,http://localhost:3001/auth/login,0,0,0
1775843478012,1,Login - POST /auth/login,200,OK,Usuarios - Login 1-17,text,true,,306,223,30,30,http://localhost:3001/auth/login,1,0,0
1775843478062,0,Login - POST /auth/login,200,OK,Usuarios - Login 1-7,text,true,,310,229,30,30,http://localhost:3001/auth/login,0,0,0
1775843478217,1,Login - POST /auth/login,200,OK,Usuarios - Login 1-25,text,true,,302,223,30,30,http://localhost:3001/auth/login,1,0,0
1775843478262,1,Login - POST /auth/login,200,OK,Usuarios - Login 1-18,text,true,,302,224,30,30,http://localhost:3001/auth/login,1,0,0
1775843478364,0,Login - POST /auth/login,200,OK,Usuarios - Login 1-29,text,true,,306,225,30,30,http://localhost:3001/auth/login,0,0,0
1775843478465,0,Login - POST /auth/login,200,OK,Usuarios - Login 1-24,text,true,,306,223,30,30,http://localhost:3001/auth/login,0,0,0
1775843478514,0,Login - POST /auth/login,200,OK,Usuarios - Login 1-19,text,true,,310,229,30,30,http://localhost:3001/auth/login,0,0,0
1775843478562,1,Login - POST /auth/login,200,OK,Usuarios - Login 1-15,text,true,,302,223,30,30,http://localhost:3001/auth/login,1,0,0
1775843478615,1,Login - POST /auth/login,200,OK,Usuarios - Login 1-23,text,true,,302,224,30,30,http://localhost:3001/auth/login,1,0,0
1775843478764,1,Login - POST /auth/login,200,OK,Usuarios - Login 1-28,text,true,,306,223,30,30,http://localhost:3001/auth/login,1,0,0
1775843478764,1,Login - POST /auth/login,200,OK,Usuarios - Login 1-22,text,true,,306,225,30,30,http://localhost:3001/auth/login,1,0,0
1775843478815,1,Login - POST /auth/login,200,OK,Usuarios - Login 1-20,text,true,,310,229,30,30,http://localhost:3001/auth/login,1,0,0
1775843478815,1,Login - POST /auth/login,200,OK,Usuarios - Login 1-13,text,true,,302,223,30,30,http://localhost:3001/auth/login,1,0,0
1775843478815,1,Login - POST /auth/login,200,OK,Usuarios - Login 1-21,text,true,,302,224,30,30,http://localhost:3001/auth/login,1,0,0
1775843478865,0,Login - POST /auth/login,200,OK,Usuarios - Login 1-9,text,true,,306,225,30,30,http://localhost:3001/auth/login,0,0,0
1775843478914,0,Login - POST /auth/login,200,OK,Usuarios - Login 1-6,text,true,,302,223,30,30,http://localhost:3001/auth/login,0,0,0
1775843478914,1,Login - POST /auth/login,200,OK,Usuarios - Login 1-4,text,true,,306,223,30,30,http://localhost:3001/auth/login,1,0,0
1775843478914,1,Login - POST /auth/login,200,OK,Usuarios - Login 1-5,text,true,,310,229,30,30,http://localhost:3001/auth/login,1,0,0
1775843479013,0,Login - POST /auth/login,200,OK,Usuarios - Login 1-12,text,true,,302,224,30,30,http://localhost:3001/auth/login,0,0,0
1775843479114,0,Login - POST /auth/login,200,OK,Usuarios - Login 1-27,text,true,,306,225,30,30,http://localhost:3001/auth/login,0,0,0
1775843479164,0,Login - POST /auth/login,200,OK,Usuarios - Login 1-16,text,true,,306,223,30,30,http://localhost:3001/auth/login,0,0,0
1775843479214,1,Login - POST /auth/login,200,OK,Usuarios - Login 1-3,text,true,,310,229,30,30,http://localhost:3001/auth/login,1,0,0
1775843479214,1,Login - POST /auth/login,200,OK,Usuarios - Login 1-11,text,true,,302,224,30,30,http://localhost:3001/auth/login,1,0,0
1775843479214,1,Login - POST /auth/login,200,OK,Usuarios - Login 1-10,text,true,,302,223,30,30,http://localhost:3001/auth/login,1,0,0
1775843479216,1,Login - POST /auth/login,200,OK,Usuarios - Login 1-2,text,true,,306,225,30,30,http://localhost:3001/auth/login,1,0,0
1775843479233,1,Login - POST /auth/login,200,OK,Usuarios - Login 1-1,text,true,,306,223,30,30,http://localhost:3001/auth/login,1,0,0
1775843479315,0,Login - POST /auth/login,200,OK,Usuarios - Login 1-14,text,true,,310,229,30,30,http://localhost:3001/auth/login,0,0,0
1775843479413,1,Login - POST /auth/login,200,OK,Usuarios - Login 1-30,text,true,,302,224,30,30,http://localhost:3001/auth/login,1,0,0
1775843479413,1,Login - POST /auth/login,200,OK,Usuarios - Login 1-8,text,true,,302,223,30,30,http://localhost:3001/auth/login,1,0,0
1775843479464,0,Login - POST /auth/login,200,OK,Usuarios - Login 1-26,text,true,,306,225,30,30,http://localhost:3001/auth/login,0,0,0
1775843479513,1,Login - POST /auth/login,200,OK,Usuarios - Login 1-17,text,true,,306,223,30,30,http://localhost:3001/auth/login,1,0,0
1775843479562,1,Login - POST /auth/login,200,OK,Usuarios - Login 1-7,text,true,,310,229,30,30,http://localhost:3001/auth/login,0,0,0
1775843479716,0,Login - POST /auth/login,200,OK,Usuarios - Login 1-25,text,true,,302,223,30,30,http://localhost:3001/auth/login,0,0,0
1775843479763,0,Login - POST /auth/login,200,OK,Usuarios - Login 1-18,text,true,,302,224,30,30,http://localhost:3001/auth/login,0,0,0
1775843479864,0,Login - POST /auth/login,200,OK,Usuarios - Login 1-29,text,true,,306,225,30,30,http://localhost:3001/auth/login,0,0,0
1775843479965,1,Login - POST /auth/login,200,OK,Usuarios - Login 1-24,text,true,,306,223,30,30,http://localhost:3001/auth/login,1,0,0
1775843480015,1,Login - POST /auth/login,200,OK,Usuarios - Login 1-19,text,true,,310,229,30,30,http://localhost:3001/auth/login,1,0,0
1775843480060,1,Login - POST /auth/login,200,OK,Usuarios - Login 1-15,text,true,,302,223,30,30,http://localhost:3001/auth/login,1,0,0
1775843480117,0,Login - POST /auth/login,200,OK,Usuarios - Login 1-23,text,true,,302,224,30,30,http://localhost:3001/auth/login,0,0,0
1775843480265,1,Login - POST /auth/login,200,OK,Usuarios - Login 1-28,text,true,,306,225,30,30,http://localhost:3001/auth/login,1,0,0
1775843480265,1,Login - POST /auth/login,200,OK,Usuarios - Login 1-22,text,true,,306,223,30,30,http://localhost:3001/auth/login,1,0,0
1775843480316,0,Login - POST /auth/login,200,OK,Usuarios - Login 1-13,text,true,,302,223,30,30,http://localhost:3001/auth/login,0,0,0
1775843480316,0,Login - POST /auth/login,200,OK,Usuarios - Login 1-20,text,true,,310,229,30,30,http://localhost:3001/auth/login,0,0,0
1775843480316,0,Login - POST /auth/login,200,OK,Usuarios - Login 1-21,text,true,,302,224,30,30,http://localhost:3001/auth/login,0,0,0
1775843480364,1,Login - POST /auth/login,200,OK,Usuarios - Login 1-9,text,true,,306,225,30,30,http://localhost:3001/auth/login,1,0,0
1775843480414,0,Login - POST /auth/login,200,OK,Usuarios - Login 1-5,text,true,,302,223,30,30,http://localhost:3001/auth/login,0,0,0
1775843480414,0,Login - POST /auth/login,200,OK,Usuarios - Login 1-6,text,true,,306,223,30,30,http://localhost:3001/auth/login,0,0,0
1775843480414,1,Login - POST /auth/login,200,OK,Usuarios - Login 1-4,text,true,,310,229,30,30,http://localhost:3001/auth/login,1,0,0
1775843480512,1,Login - POST /auth/login,200,OK,Usuarios - Login 1-12,text,true,,302,224,30,30,http://localhost:3001/auth/login,1,0,0
1775843480614,1,Login - POST /auth/login,200,OK,Usuarios - Login 1-27,text,true,,306,225,30,30,http://localhost:3001/auth/login,1,0,0
1775843480664,0,Login - POST /auth/login,200,OK,Usuarios - Login 1-16,text,true,,306,223,30,30,http://localhost:3001/auth/login,0,0,0
1775843480712,1,Login - POST /auth/login,200,OK,Usuarios - Login 1-11,text,true,,302,223,30,30,http://localhost:3001/auth/login,1,0,0
1775843480713,1,Login - POST /auth/login,200,OK,Usuarios - Login 1-10,text,true,,302,224,30,30,http://localhost:3001/auth/login,1,0,0
1775843480713,1,Login - POST /auth/login,200,OK,Usuarios - Login 1-3,text,true,,310,229,30,30,http://localhost:3001/auth/login,1,0,0
1775843480716,1,Login - POST /auth/login,200,OK,Usuarios - Login 1-2,text,true,,306,225,30,30,http://localhost:3001/auth/login,1,0,0
1775843480734,1,Login - POST /auth/login,200,OK,Usuarios - Login 1-1,text,true,,306,223,30,30,http://localhost:3001/auth/login,1,0,0
1775843480813,1,Login - POST /auth/login,200,OK,Usuarios - Login 1-14,text,true,,310,229,30,30,http://localhost:3001/auth/login,1,0,0
1775843480912,0,Login - POST /auth/login,200,OK,Usuarios - Login 1-8,text,true,,302,224,30,30,http://localhost:3001/auth/login,0,0,0
1775843480914,0,Login - POST /auth/login,200,OK,Usuarios - Login 1-30,text,true,,302,223,30,30,http://localhost:3001/auth/login,0,0,0
1775843480965,0,Login - POST /auth/login,200,OK,Usuarios - Login 1-26,text,true,,306,225,30,30,http://localhost:3001/auth/login,0,0,0
1775843481014,1,Login - POST /auth/login,200,OK,Usuarios - Login 1-17,text,true,,306,223,30,30,http://localhost:3001/auth/login,1,0,0
1775843481063,0,Login - POST /auth/login,200,OK,Usuarios - Login 1-7,text,true,,310,229,30,30,http://localhost:3001/auth/login,0,0,0
1775843481216,0,Login - POST /auth/login,200,OK,Usuarios - Login 1-25,text,true,,302,223,30,30,http://localhost:3001/auth/login,0,0,0
1775843481261,0,Login - POST /auth/login,200,OK,Usuarios - Login 1-18,text,true,,302,224,30,30,http://localhost:3001/auth/login,0,0,0
1775843481364,1,Login - POST /auth/login,200,OK,Usuarios - Login 1-29,text,true,,306,225,30,30,http://localhost:3001/auth/login,1,0,0
1775843481466,0,Login - POST /auth/login,200,OK,Usuarios - Login 1-24,text,true,,306,223,30,30,http://localhost:3001/auth/login,0,0,0
1775843481513,1,Login - POST /auth/login,200,OK,Usuarios - Login 1-19,text,true,,310,229,30,30,http://localhost:3001/auth/login,1,0,0
1775843481560,1,Login - POST /auth/login,200,OK,Usuarios - Login 1-15,text,true,,302,223,30,30,http://localhost:3001/auth/login,1,0,0
1775843481616,0,Login - POST /auth/login,200,OK,Usuarios - Login 1-23,text,true,,302,224,30,30,http://localhost:3001/auth/login,0,0,0
1775843481765,1,Login - POST /auth/login,200,OK,Usuarios - Login 1-28,text,true,,306,225,30,30,http://localhost:3001/auth/login,1,0,0
1775843481766,0,Login - POST /auth/login,200,OK,Usuarios - Login 1-22,text,true,,306,223,30,30,http://localhost:3001/auth/login,0,0,0
1775843481814,1,Login - POST /auth/login,200,OK,Usuarios - Login 1-20,text,true,,302,223,30,30,http://localhost:3001/auth/login,1,0,0
1775843481814,1,Login - POST /auth/login,200,OK,Usuarios - Login 1-13,text,true,,310,229,30,30,http://localhost:3001/auth/login,1,0,0
1775843481816,0,Login - POST /auth/login,200,OK,Usuarios - Login 1-21,text,true,,302,224,30,30,http://localhost:3001/auth/login,0,0,0
1775843481865,0,Login - POST /auth/login,200,OK,Usuarios - Login 1-9,text,true,,306,225,30,30,http://localhost:3001/auth/login,0,0,0
1775843481914,0,Login - POST /auth/login,200,OK,Usuarios - Login 1-5,text,true,,306,223,30,30,http://localhost:3001/auth/login,0,0,0
1775843481914,0,Login - POST /auth/login,200,OK,Usuarios - Login 1-4,text,true,,302,223,30,30,http://localhost:3001/auth/login,0,0,0
1775843481914,1,Login - POST /auth/login,200,OK,Usuarios - Login 1-6,text,true,,310,229,30,30,http://localhost:3001/auth/login,1,0,0
1775843482013,0,Login - POST /auth/login,200,OK,Usuarios - Login 1-12,text,true,,302,224,30,30,http://localhost:3001/auth/login,0,0,0
1775843482113,1,Login - POST /auth/login,200,OK,Usuarios - Login 1-27,text,true,,306,225,30,30,http://localhost:3001/auth/login,1,0,0
1775843482163,0,Login - POST /auth/login,200,OK,Usuarios - Login 1-16,text,true,,306,223,30,30,http://localhost:3001/auth/login,0,0,0
1775843482212,1,Login - POST /auth/login,200,OK,Usuarios - Login 1-11,text,true,,310,229,30,30,http://localhost:3001/auth/login,1,0,0
1775843482213,1,Login - POST /auth/login,200,OK,Usuarios - Login 1-10,text,true,,302,223,30,30,http://localhost:3001/auth/login,1,0,0
1775843482213,1,Login - POST /auth/login,200,OK,Usuarios - Login 1-3,text,true,,302,224,30,30,http://localhost:3001/auth/login,1,0,0
1775843482214,1,Login - POST /auth/login,200,OK,Usuarios - Login 1-2,text,true,,306,225,30,30,http://localhost:3001/auth/login,1,0,0
1775843482235,0,Login - POST /auth/login,200,OK,Usuarios - Login 1-1,text,true,,306,223,30,30,http://localhost:3001/auth/login,0,0,0
1775843482314,0,Login - POST /auth/login,200,OK,Usuarios - Login 1-14,text,true,,310,229,30,30,http://localhost:3001/auth/login,0,0,0
1775843482412,0,Login - POST /auth/login,200,OK,Usuarios - Login 1-8,text,true,,302,223,30,30,http://localhost:3001/auth/login,0,0,0
1775843482415,0,Login - POST /auth/login,200,OK,Usuarios - Login 1-30,text,true,,302,224,30,30,http://localhost:3001/auth/login,0,0,0
1775843482464,1,Login - POST /auth/login,200,OK,Usuarios - Login 1-26,text,true,,306,225,30,30,http://localhost:3001/auth/login,1,0,0
1775843482513,1,Login - POST /auth/login,200,OK,Usuarios - Login 1-17,text,true,,306,223,30,30,http://localhost:3001/auth/login,1,0,0
1775843482562,0,Login - POST /auth/login,200,OK,Usuarios - Login 1-7,text,true,,310,229,30,30,http://localhost:3001/auth/login,0,0,0
1775843482716,1,Login - POST /auth/login,200,OK,Usuarios - Login 1-25,text,true,,302,223,30,30,http://localhost:3001/auth/login,1,0,0
1775843482760,1,Login - POST /auth/login,200,OK,Usuarios - Login 1-18,text,true,,302,224,30,30,http://localhost:3001/auth/login,1,0,0
1775843482864,1,Login - POST /auth/login,200,OK,Usuarios - Login 1-29,text,true,,306,225,30,30,http://localhost:3001/auth/login,1,0,0
1775843482966,1,Login - POST /auth/login,200,OK,Usuarios - Login 1-24,text,true,,306,223,30,30,http://localhost:3001/auth/login,1,0,0
1775843483014,1,Login - POST /auth/login,200,OK,Usuarios - Login 1-19,text,true,,310,229,30,30,http://localhost:3001/auth/login,1,0,0
1775843483061,1,Login - POST /auth/login,200,OK,Usuarios - Login 1-15,text,true,,302,223,30,30,http://localhost:3001/auth/login,1,0,0
1775843483116,0,Login - POST /auth/login,200,OK,Usuarios - Login 1-23,text,true,,302,224,30,30,http://localhost:3001/auth/login,0,0,0
1775843483266,0,Login - POST /auth/login,200,OK,Usuarios - Login 1-22,text,true,,306,223,30,30,http://localhost:3001/auth/login,0,0,0
1775843483266,1,Login - POST /auth/login,200,OK,Usuarios - Login 1-28,text,true,,306,225,30,30,http://localhost:3001/auth/login,1,0,0
1775843483314,0,Login - POST /auth/login,200,OK,Usuarios - Login 1-20,text,true,,310,229,30,30,http://localhost:3001/auth/login,0,0,0
1775843483314,0,Login - POST /auth/login,200,OK,Usuarios - Login 1-13,text,true,,302,223,30,30,http://localhost:3001/auth/login,0,0,0
1775843483316,0,Login - POST /auth/login,200,OK,Usuarios - Login 1-21,text,true,,302,224,30,30,http://localhost:3001/auth/login,0,0,0
1775843483365,0,Login - POST /auth/login,200,OK,Usuarios - Login 1-9,text,true,,306,225,30,30,http://localhost:3001/auth/login,0,0,0
1775843483413,1,Login - POST /auth/login,200,OK,Usuarios - Login 1-4,text,true,,310,229,30,30,http://localhost:3001/auth/login,1,0,0
1775843483414,0,Login - POST /auth/login,200,OK,Usuarios - Login 1-6,text,true,,302,223,30,30,http://localhost:3001/auth/login,0,0,0
1775843483414,0,Login - POST /auth/login,200,OK,Usuarios - Login 1-5,text,true,,306,223,30,30,http://localhost:3001/auth/login,0,0,0
1775843483512,1,Login - POST /auth/login,200,OK,Usuarios - Login 1-12,text,true,,302,224,30,30,http://localhost:3001/auth/login,0,0,0
1775843483615,0,Login - POST /auth/login,200,OK,Usuarios - Login 1-27,text,true,,306,225,30,30,http://localhost:3001/auth/login,0,0,0
1775843483663,0,Login - POST /auth/login,200,OK,Usuarios - Login 1-16,text,true,,306,223,30,30,http://localhost:3001/auth/login,0,0,0
1775843483712,1,Login - POST /auth/login,200,OK,Usuarios - Login 1-11,text,true,,310,229,30,30,http://localhost:3001/auth/login,1,0,0
1775843483713,0,Login - POST /auth/login,200,OK,Usuarios - Login 1-3,text,true,,302,224,30,30,http://localhost:3001/auth/login,0,0,0
1775843483713,1,Login - POST /auth/login,200,OK,Usuarios - Login 1-10,text,true,,302,223,30,30,http://localhost:3001/auth/login,1,0,0
1775843483714,0,Login - POST /auth/login,200,OK,Usuarios - Login 1-2,text,true,,306,225,30,30,http://localhost:3001/auth/login,0,0,0
1775843483733,1,Login - POST /auth/login,200,OK,Usuarios - Login 1-1,text,true,,306,223,30,30,http://localhost:3001/auth/login,1,0,0
1775843483814,0,Login - POST /auth/login,200,OK,Usuarios - Login 1-14,text,true,,310,229,30,30,http://localhost:3001/auth/login,0,0,0
1775843483912,1,Login - POST /auth/login,200,OK,Usuarios - Login 1-8,text,true,,302,223,30,30,http://localhost:3001/auth/login,1,0,0
1775843483913,1,Login - POST /auth/login,200,OK,Usuarios - Login 1-30,text,true,,302,224,30,30,http://localhost:3001/auth/login,1,0,0
1775843483964,0,Login - POST /auth/login,200,OK,Usuarios - Login 1-26,text,true,,306,225,30,30,http://localhost:3001/auth/login,0,0,0
1775843484013,0,Login - POST /auth/login,200,OK,Usuarios - Login 1-17,text,true,,306,223,30,30,http://localhost:3001/auth/login,0,0,0
1775843484062,0,Login - POST /auth/login,200,OK,Usuarios - Login 1-7,text,true,,310,229,30,30,http://localhost:3001/auth/login,0,0,0
1775843484216,1,Login - POST /auth/login,200,OK,Usuarios - Login 1-25,text,true,,302,223,30,30,http://localhost:3001/auth/login,1,0,0
1775843484260,1,Login - POST /auth/login,200,OK,Usuarios - Login 1-18,text,true,,302,224,30,30,http://localhost:3001/auth/login,1,0,0
1775843484364,1,Login - POST /auth/login,200,OK,Usuarios - Login 1-29,text,true,,306,225,30,30,http://localhost:3001/auth/login,1,0,0
1775843484467,0,Login - POST /auth/login,200,OK,Usuarios - Login 1-24,text,true,,306,223,30,30,http://localhost:3001/auth/login,0,0,0
1775843484515,0,Login - POST /auth/login,200,OK,Usuarios - Login 1-19,text,true,,310,229,30,30,http://localhost:3001/auth/login,0,0,0
1775843484561,1,Login - POST /auth/login,200,OK,Usuarios - Login 1-15,text,true,,302,223,30,30,http://localhost:3001/auth/login,1,0,0
1775843484616,0,Login - POST /auth/login,200,OK,Usuarios - Login 1-23,text,true,,302,224,30,30,http://localhost:3001/auth/login,0,0,0
1775843484764,0,Login - POST /auth/login,200,OK,Usuarios - Login 1-22,text,true,,306,225,30,30,http://localhost:3001/auth/login,0,0,0
1775843484765,0,Login - POST /auth/login,200,OK,Usuarios - Login 1-28,text,true,,306,223,30,30,http://localhost:3001/auth/login,0,0,0
1775843484815,0,Login - POST /auth/login,200,OK,Usuarios - Login 1-20,text,true,,310,229,30,30,http://localhost:3001/auth/login,0,0,0
1775843484815,0,Login - POST /auth/login,200,OK,Usuarios - Login 1-13,text,true,,302,223,30,30,http://localhost:3001/auth/login,0,0,0
1775843484816,0,Login - POST /auth/login,200,OK,Usuarios - Login 1-21,text,true,,302,224,30,30,http://localhost:3001/auth/login,0,0,0
1775843484865,1,Login - POST /auth/login,200,OK,Usuarios - Login 1-9,text,true,,306,225,30,30,http://localhost:3001/auth/login,1,0,0
1775843484915,0,Login - POST /auth/login,200,OK,Usuarios - Login 1-6,text,true,,310,229,30,30,http://localhost:3001/auth/login,0,0,0
1775843484915,0,Login - POST /auth/login,200,OK,Usuarios - Login 1-5,text,true,,302,223,30,30,http://localhost:3001/auth/login,0,0,0
1775843484915,0,Login - POST /auth/login,200,OK,Usuarios - Login 1-4,text,true,,306,223,30,30,http://localhost:3001/auth/login,0,0,0
1775843485011,0,Login - POST /auth/login,200,OK,Usuarios - Login 1-12,text,true,,302,224,30,30,http://localhost:3001/auth/login,0,0,0
1775843485114,0,Login - POST /auth/login,200,OK,Usuarios - Login 1-27,text,true,,306,225,30,30,http://localhost:3001/auth/login,0,0,0
1775843485163,0,Login - POST /auth/login,200,OK,Usuarios - Login 1-16,text,true,,306,223,30,30,http://localhost:3001/auth/login,0,0,0
1775843485213,1,Login - POST /auth/login,200,OK,Usuarios - Login 1-11,text,true,,310,229,30,30,http://localhost:3001/auth/login,1,0,0
1775843485215,0,Login - POST /auth/login,200,OK,Usuarios - Login 1-3,text,true,,302,223,30,30,http://localhost:3001/auth/login,0,0,0
1775843485215,1,Login - POST /auth/login,200,OK,Usuarios - Login 1-10,text,true,,302,224,30,30,http://localhost:3001/auth/login,1,0,0
1775843485215,1,Login - POST /auth/login,200,OK,Usuarios - Login 1-2,text,true,,306,225,30,30,http://localhost:3001/auth/login,1,0,0
1775843485234,0,Login - POST /auth/login,200,OK,Usuarios - Login 1-1,text,true,,306,223,30,30,http://localhost:3001/auth/login,0,0,0
1775843485314,0,Login - POST /auth/login,200,OK,Usuarios - Login 1-14,text,true,,310,229,30,30,http://localhost:3001/auth/login,0,0,0
1775843485413,1,Login - POST /auth/login,200,OK,Usuarios - Login 1-8,text,true,,302,223,30,30,http://localhost:3001/auth/login,1,0,0
1775843485416,0,Login - POST /auth/login,200,OK,Usuarios - Login 1-30,text,true,,302,224,30,30,http://localhost:3001/auth/login,0,0,0
1775843485465,1,Login - POST /auth/login,200,OK,Usuarios - Login 1-26,text,true,,306,225,30,30,http://localhost:3001/auth/login,0,0,0
1775843485512,1,Login - POST /auth/login,200,OK,Usuarios - Login 1-17,text,true,,306,223,30,30,http://localhost:3001/auth/login,1,0,0
1775843485562,0,Login - POST /auth/login,200,OK,Usuarios - Login 1-7,text,true,,310,229,30,30,http://localhost:3001/auth/login,0,0,0
1775843485717,1,Login - POST /auth/login,200,OK,Usuarios - Login 1-25,text,true,,302,223,30,30,http://localhost:3001/auth/login,1,0,0
1775843485760,1,Login - POST /auth/login,200,OK,Usuarios - Login 1-18,text,true,,302,224,30,30,http://localhost:3001/auth/login,1,0,0
1775843485864,0,Login - POST /auth/login,200,OK,Usuarios - Login 1-29,text,true,,306,225,30,30,http://localhost:3001/auth/login,0,0,0
1775843485967,0,Login - POST /auth/login,200,OK,Usuarios - Login 1-24,text,true,,306,223,30,30,http://localhost:3001/auth/login,0,0,0
1775843486014,1,Login - POST /auth/login,200,OK,Usuarios - Login 1-19,text,true,,310,229,30,30,http://localhost:3001/auth/login,1,0,0
1775843486062,1,Login - POST /auth/login,200,OK,Usuarios - Login 1-15,text,true,,302,223,30,30,http://localhost:3001/auth/login,1,0,0
1775843486116,0,Login - POST /auth/login,200,OK,Usuarios - Login 1-23,text,true,,302,224,30,30,http://localhost:3001/auth/login,0,0,0
1775843486265,1,Login - POST /auth/login,200,OK,Usuarios - Login 1-28,text,true,,306,223,30,30,http://localhost:3001/auth/login,1,0,0
1775843486265,1,Login - POST /auth/login,200,OK,Usuarios - Login 1-22,text,true,,306,225,30,30,http://localhost:3001/auth/login,1,0,0
1775843486315,0,Login - POST /auth/login,200,OK,Usuarios - Login 1-13,text,true,,302,223,30,30,http://localhost:3001/auth/login,0,0,0
1775843486315,1,Login - POST /auth/login,200,OK,Usuarios - Login 1-20,text,true,,310,229,30,30,http://localhost:3001/auth/login,1,0,0
1775843486315,1,Login - POST /auth/login,200,OK,Usuarios - Login 1-21,text,true,,302,224,30,30,http://localhost:3001/auth/login,1,0,0
1775843486365,0,Login - POST /auth/login,200,OK,Usuarios - Login 1-9,text,true,,306,225,30,30,http://localhost:3001/auth/login,0,0,0
1775843486415,0,Login - POST /auth/login,200,OK,Usuarios - Login 1-6,text,true,,306,223,30,30,http://localhost:3001/auth/login,0,0,0
1775843486415,0,Login - POST /auth/login,200,OK,Usuarios - Login 1-4,text,true,,302,223,30,30,http://localhost:3001/auth/login,0,0,0
1775843486415,0,Login - POST /auth/login,200,OK,Usuarios - Login 1-5,text,true,,310,229,30,30,http://localhost:3001/auth/login,0,0,0
1775843486512,1,Login - POST /auth/login,200,OK,Usuarios - Login 1-12,text,true,,302,224,30,30,http://localhost:3001/auth/login,1,0,0
1775843486615,1,Login - POST /auth/login,200,OK,Usuarios - Login 1-27,text,true,,306,225,30,30,http://localhost:3001/auth/login,1,0,0
1775843486663,1,Login - POST /auth/login,200,OK,Usuarios - Login 1-16,text,true,,306,223,30,30,http://localhost:3001/auth/login,1,0,0
1775843486714,0,Login - POST /auth/login,200,OK,Usuarios - Login 1-3,text,true,,302,223,30,30,http://localhost:3001/auth/login,0,0,0
1775843486714,1,Login - POST /auth/login,200,OK,Usuarios - Login 1-11,text,true,,310,229,30,30,http://localhost:3001/auth/login,1,0,0
1775843486714,1,Login - POST /auth/login,200,OK,Usuarios - Login 1-10,text,true,,302,224,30,30,http://localhost:3001/auth/login,1,0,0
1775843486716,0,Login - POST /auth/login,200,OK,Usuarios - Login 1-2,text,true,,306,225,30,30,http://localhost:3001/auth/login,0,0,0
1775843486734,1,Login - POST /auth/login,200,OK,Usuarios - Login 1-1,text,true,,306,223,30,30,http://localhost:3001/auth/login,1,0,0
1775843486814,1,Login - POST /auth/login,200,OK,Usuarios - Login 1-14,text,true,,310,229,30,30,http://localhost:3001/auth/login,1,0,0
1775843486911,1,Login - POST /auth/login,200,OK,Usuarios - Login 1-8,text,true,,302,223,30,30,http://localhost:3001/auth/login,1,0,0
1775843486915,0,Login - POST /auth/login,200,OK,Usuarios - Login 1-30,text,true,,302,224,30,30,http://localhost:3001/auth/login,0,0,0
1775843486965,0,Login - POST /auth/login,200,OK,Usuarios - Login 1-26,text,true,,306,225,30,30,http://localhost:3001/auth/login,0,0,0
1775843487014,1,Login - POST /auth/login,200,OK,Usuarios - Login 1-17,text,true,,306,223,30,30,http://localhost:3001/auth/login,1,0,0
1775843487062,0,Login - POST /auth/login,200,OK,Usuarios - Login 1-7,text,true,,310,229,30,30,http://localhost:3001/auth/login,0,0,0
1775843487218,0,Login - POST /auth/login,200,OK,Usuarios - Login 1-25,text,true,,302,223,30,30,http://localhost:3001/auth/login,0,0,0
1775843487262,0,Login - POST /auth/login,200,OK,Usuarios - Login 1-18,text,true,,302,224,30,30,http://localhost:3001/auth/login,0,0,0
1775843487364,0,Login - POST /auth/login,200,OK,Usuarios - Login 1-29,text,true,,306,225,30,30,http://localhost:3001/auth/login,0,0,0
1775843487467,1,Login - POST /auth/login,200,OK,Usuarios - Login 1-24,text,true,,306,223,30,30,http://localhost:3001/auth/login,1,0,0
1775843487513,1,Login - POST /auth/login,200,OK,Usuarios - Login 1-19,text,true,,310,229,30,30,http://localhost:3001/auth/login,1,0,0
1775843487561,1,Login - POST /auth/login,200,OK,Usuarios - Login 1-15,text,true,,302,223,30,30,http://localhost:3001/auth/login,1,0,0
1775843487616,0,Login - POST /auth/login,200,OK,Usuarios - Login 1-23,text,true,,302,224,30,30,http://localhost:3001/auth/login,0,0,0
1775843487765,1,Login - POST /auth/login,200,OK,Usuarios - Login 1-22,text,true,,306,223,30,30,http://localhost:3001/auth/login,1,0,0
1775843487765,1,Login - POST /auth/login,200,OK,Usuarios - Login 1-28,text,true,,306,225,30,30,http://localhost:3001/auth/login,1,0,0
1775843487814,1,Login - POST /auth/login,200,OK,Usuarios - Login 1-13,text,true,,310,229,30,30,http://localhost:3001/auth/login,1,0,0
1775843487814,1,Login - POST /auth/login,200,OK,Usuarios - Login 1-20,text,true,,302,223,30,30,http://localhost:3001/auth/login,1,0,0
1775843487818,0,Login - POST /auth/login,200,OK,Usuarios - Login 1-21,text,true,,302,224,30,30,http://localhost:3001/auth/login,0,0,0
1775843487865,0,Login - POST /auth/login,200,OK,Usuarios - Login 1-9,text,true,,306,225,30,30,http://localhost:3001/auth/login,0,0,0
1775843487913,1,Login - POST /auth/login,200,OK,Usuarios - Login 1-6,text,true,,306,223,30,30,http://localhost:3001/auth/login,1,0,0
1775843487913,1,Login - POST /auth/login,200,OK,Usuarios - Login 1-4,text,true,,310,229,30,30,http://localhost:3001/auth/login,1,0,0
1775843487913,1,Login - POST /auth/login,200,OK,Usuarios - Login 1-5,text,true,,302,223,30,30,http://localhost:3001/auth/login,1,0,0
1775843488012,1,Login - POST /auth/login,200,OK,Usuarios - Login 1-12,text,true,,302,224,27,27,http://localhost:3001/auth/login,1,0,0
1775843488113,1,Login - POST /auth/login,200,OK,Usuarios - Login 1-27,text,true,,306,225,27,27,http://localhost:3001/auth/login,1,0,0
1775843488163,0,Login - POST /auth/login,200,OK,Usuarios - Login 1-16,text,true,,306,223,26,26,http://localhost:3001/auth/login,0,0,0
1775843488214,0,Login - POST /auth/login,200,OK,Usuarios - Login 1-10,text,true,,302,224,25,25,http://localhost:3001/auth/login,0,0,0
1775843488214,1,Login - POST /auth/login,200,OK,Usuarios - Login 1-2,text,true,,306,225,24,24,http://localhost:3001/auth/login,1,0,0
1775843488214,1,Login - POST /auth/login,200,OK,Usuarios - Login 1-3,text,true,,310,229,24,24,http://localhost:3001/auth/login,1,0,0
1775843488214,1,Login - POST /auth/login,200,OK,Usuarios - Login 1-11,text,true,,302,223,23,23,http://localhost:3001/auth/login,1,0,0
1775843488235,0,Login - POST /auth/login,200,OK,Usuarios - Login 1-1,text,true,,306,223,23,23,http://localhost:3001/auth/login,0,0,0
1775843488314,0,Login - POST /auth/login,200,OK,Usuarios - Login 1-14,text,true,,310,229,23,23,http://localhost:3001/auth/login,0,0,0
1775843488412,1,Login - POST /auth/login,200,OK,Usuarios - Login 1-8,text,true,,302,223,22,22,http://localhost:3001/auth/login,1,0,0
1775843488414,1,Login - POST /auth/login,200,OK,Usuarios - Login 1-30,text,true,,302,224,21,21,http://localhost:3001/auth/login,1,0,0
1775843488464,1,Login - POST /auth/login,200,OK,Usuarios - Login 1-26,text,true,,306,225,20,20,http://localhost:3001/auth/login,1,0,0
1775843488513,0,Login - POST /auth/login,200,OK,Usuarios - Login 1-17,text,true,,306,223,19,19,http://localhost:3001/auth/login,0,0,0
1775843488562,0,Login - POST /auth/login,200,OK,Usuarios - Login 1-7,text,true,,310,229,18,18,http://localhost:3001/auth/login,0,0,0
1775843488716,0,Login - POST /auth/login,200,OK,Usuarios - Login 1-25,text,true,,302,223,17,17,http://localhost:3001/auth/login,0,0,0
1775843488762,0,Login - POST /auth/login,200,OK,Usuarios - Login 1-18,text,true,,302,224,16,16,http://localhost:3001/auth/login,0,0,0
1775843488864,0,Login - POST /auth/login,200,OK,Usuarios - Login 1-29,text,true,,306,225,15,15,http://localhost:3001/auth/login,0,0,0
1775843488965,0,Login - POST /auth/login,200,OK,Usuarios - Login 1-24,text,true,,306,223,14,14,http://localhost:3001/auth/login,0,0,0
1775843489014,1,Login - POST /auth/login,200,OK,Usuarios - Login 1-19,text,true,,310,229,13,13,http://localhost:3001/auth/login,1,0,0
1775843489061,1,Login - POST /auth/login,200,OK,Usuarios - Login 1-15,text,true,,302,223,12,12,http://localhost:3001/auth/login,1,0,0
1775843489116,0,Login - POST /auth/login,200,OK,Usuarios - Login 1-23,text,true,,302,224,11,11,http://localhost:3001/auth/login,0,0,0
1775843489265,1,Login - POST /auth/login,200,OK,Usuarios - Login 1-22,text,true,,306,225,10,10,http://localhost:3001/auth/login,1,0,0
1775843489265,1,Login - POST /auth/login,200,OK,Usuarios - Login 1-28,text,true,,306,223,10,10,http://localhost:3001/auth/login,1,0,0
1775843489313,1,Login - POST /auth/login,200,OK,Usuarios - Login 1-13,text,true,,310,229,8,8,http://localhost:3001/auth/login,1,0,0
1775843489313,1,Login - POST /auth/login,200,OK,Usuarios - Login 1-20,text,true,,302,223,8,8,http://localhost:3001/auth/login,1,0,0
1775843489317,1,Login - POST /auth/login,200,OK,Usuarios - Login 1-21,text,true,,302,224,6,6,http://localhost:3001/auth/login,1,0,0
1775843489363,0,Login - POST /auth/login,200,OK,Usuarios - Login 1-12,text,true,,310,229,5,5,http://localhost:3001/auth/login,0,0,0
1775843489363,0,Login - POST /auth/login,200,OK,Usuarios - Login 1-11,text,true,,310,229,5,5,http://localhost:3001/auth/login,0,0,0
1775843489364,0,Login - POST /auth/login,200,OK,Usuarios - Login 1-3,text,true,,306,223,3,3,http://localhost:3001/auth/login,0,0,0
1775843489364,0,Login - POST /auth/login,200,OK,Usuarios - Login 1-9,text,true,,306,225,3,3,http://localhost:3001/auth/login,0,0,0
1775843489384,1,Login - POST /auth/login,200,OK,Usuarios - Login 1-1,text,true,,302,223,1,1,http://localhost:3001/auth/login,1,0,0
